Workbook

Sheet Recomendaciones
C4: RECOMENDACIONES PARA LA PLANIFICACIÓN 2026-1
B5: 1 | C5: Verificar y validar la Planificación 2026-1 según los Planes de Estudio vigentes antes de iniciar el trabajo.
B6: 2 | C6: Copiar los apellidos y nombres del docente de la columna D de [Docentes] a la columna W de [Planificación 2026-1]
B7: 3 | C7: Se sugiere ubicar las horas de sus docentes TC para mantenerlos en el 2026-1 y si es posible aumentar más docentes de TP a TC.
B8: 4 | C8: Cada Director de Escuela debe considerar a sus docentes adscritos actualmente y GARANTIZAR un mínimo de 27 % de docentes TC por Escuela y por cada local (Chincha, Ica, Huaura)
B9: 5 | C9: Al realizar el procedimiento del punto 4, se irá totalizando la cantidad de horas lectivas del docente en la columna P de la hoja
B10: 6 | C10: Mantener los mismos responsables de unidades hasta 28 horas lectivas, en caso de considerar un cambio, debe ser coordinado y autorizado por su decanatura.
B11: 7 | C11: Los docentes que se asignen a cursos deben tener título Profesional, Bachiller, Maestría y cumplir con el Perfil del curso
B12: 8 | C12: El docente TC puede tener hasta 32 horas lectivas
B13: 9 | C13: El docente TP puede tener hasta 19 horas lectivas
B14: 10 | C14: El docente TP no pueden tener menos de 12 horas lectivas
B15: 11 | C15: Los Directores de Escuela pueden asignarse hasta 10 horas lectivas
B16: 12 | C16: Los Coordinadores Académicos pueden tener hasta 15 horas lectivas
... B28: 24 | C28: Los docentes TC presenciales obligatoriamente deben tener HORAS LECTIVAS y NO LECTIVAS presenciales.
B29: 25

Sheet Planes y aulas 2026
B2: RESUMEN PLANIFICACIÓN X CICLOS Y SECCIONES 2025-1 | K2: RESUMEN PLANIFICACIÓN X CICLOS Y SECCIONES 2025-2 | T2: RESUMEN PLANIFICACIÓN X CICLOS Y SECCIONES 2026-1
B4: SEMESTRE | C4: PLAN DE ESTUDIOS | D4: CODIGO DE PLAN | E4: LOCAL | F4: COD FACU | G4: PROGRAMA ACADÉMICO | H4: CICLO | I4: SECCIÓN | K4: SEMESTRE | L4: PLAN DE ESTUDIOS | M4: CODIGO DE PLAN | N4: LOCAL | O4: COD FACU | P4: PROGRAMA ACADÉMICO | Q4: CICLO | R4: SECCIÓN | T4: SEMESTRE | U4: PLAN DE ESTUDIOS | V4: CODIGO DE PLAN | W4: LOCAL | X4: COD FACU | Y4: PROGRAMA ACADÉMICO | Z4: CICLO | AA4: SECCIÓN
B5: 2025-1 | C5: RCU N° 344-2024-UAI-CU/P | D5: 20242 | E5: FILIAL | F5: I | G5: AF | H5: 3 | I5: A | K5: 2025-2 | L5: RCU Nº 354-2024-UAI-CU/P | M5: 20242 | N5: HUAURA | O5: FICA | P5: AE | Q5: 2 | R5: A | T5: 2025-2 | U5: RCU Nº 354-2024-UAI-CU/P | V5: 20242 | W5: HUAURA | X5: FICA | Y5: AE | Z5: =+Q5+1 -> 3 | AA5: A
B6: 2025-1 | C6: RCU N° 249-2019-UAI-CU/P | D6: 202011 | E6: FILIAL | F6: I | G6: AF | H6: 6 | I6: A | K6: 2025-2 | L6: RCU Nº 354-2024-UAI-CU/P | M6: 20242 | N6: HUAURA | O6: FICA | P6: AE | Q6: 3 | R6: A | T6: 2025-2 | U6: RCU Nº 354-2024-UAI-CU/P | V6: 20242 | W6: HUAURA | X6: FICA | Y6: AE | Z6: =+Q6+1 -> 4 | AA6: A
B7: 2025-1 | C7: RCU N° 249-2019-UAI-CU/P | D7: 202011 | E7: FILIAL | F7: I | G7: AF | H7: 7 | I7: A | K7: 2025-2 | L7: RCU Nº 354-2024-UAI-CU/P | M7: 20242 | N7: PRINCIPAL | O7: FICA | P7: AE | Q7: 2 | R7: A | T7: 2025-2 | U7: RCU Nº 354-2024-UAI-CU/P | V7: 20242 | W7: PRINCIPAL | X7: FICA | Y7: AE | Z7: =+Q7+1 -> 3 | AA7: A
B8: 2025-1 | C8: RCU N° 533-2024-UAI-CU/P | D8: 20251 | E8: FILIAL | F8: I | G8: CA | H8: 1 | I8: A | K8: 2025-2 | L8: RCU Nº 354-2024-UAI-CU/P | M8: 20242 | N8: PRINCIPAL | O8: FICA | P8: AE | Q8: 2 | R8: B | T8: 2025-2 | U8: RCU Nº 354-2024-UAI-CU/P | V8: 20242 | W8: PRINCIPAL | X8: FICA | Y8: AE | Z8: =+Q8+1 -> 3 | AA8: B
B9: 2025-1 | C9: RCU Nº 018-2021-UAI-CU/P | D9: 201722 | E9: FILIAL | F9: I | G9: CA | H9: 9 | I9: A | K9: 2025-2 | L9: RCU Nº 354-2024-UAI-CU/P | M9: 20242 | N9: PRINCIPAL | O9: FICA | P9: AE | Q9: 3 | R9: A | T9: 2025-2 | U9: RCU Nº 354-2024-UAI-CU/P | V9: 20242 | W9: PRINCIPAL | X9: FICA | Y9: AE | Z9: =+Q9+1 -> 4 | AA9: A
B10: 2025-1 | C10: RCU N° 348-2024-UAI-CU/P | D10: 20242 | E10: FILIAL | F10: I | G10: CA | H10: 9 | I10: B | K10: 2025-2 | L10: RCU Nº 354-2024-UAI-CU/P | M10: 20242 | N10: PRINCIPAL | O10: FICA | P10: AE | Q10: 3 | R10: B | T10: 2025-2 | U10: RCU Nº 354-2024-UAI-CU/P | V10: 20242 | W10: PRINCIPAL | X10: FICA | Y10: AE | Z10: =+Q10+1 -> 4 | AA10: B
B11: 2025-1 | C11: RCU N° 349-2024-UAI-CU/P | D11: 20242 | E11: FILIAL | F11: I | G11: DE | H11: 1 | I11: A | K11: 2025-2 | L11: RCU Nº 532-2024-UAI-CU/P | M11: 20251 | N11: PRINCIPAL | O11: FICA | P11: AE | Q11: 3 | R11: C | T11: 2025-2 | U11: RCU Nº 532-2024-UAI-CU/P | V11: 20251 | W11: PRINCIPAL | X11: FICA | Y11: AE | Z11: =+Q11+1 -> 4 | AA11: C
B12: 2025-1 | C12: RCU N° 349-2024-UAI-CU/P | D12: 20242 | E12: FILIAL | F12: I | G12: DE | H12: 1 | I12: B | K12: 2025-2 | L12: RCU Nº 354-2024-UAI-CU/P | M12: 20242 | N12: PRINCIPAL | O12: FICA | P12: AE | Q12: 4 | R12: A | T12: 2025-2 | U12: RCU Nº 354-2024-UAI-CU/P | V12: 20242 | W12: PRINCIPAL | X12: FICA | Y12: AE | Z12: =+Q12+1 -> 5 | AA12: A
B13: 2025-1 | C13: RCU N° 349-2024-UAI-CU/P | D13: 20242 | E13: FILIAL | F13: I | G13: DE | H13: 2 | I13: A | K13: 2025-2 | L13: RCU Nº 344-2024-UAI-CU/P | M13: 20242 | N13: FILIAL | O13: FICA | P13: AF | Q13: 5 | R13: A | T13: 2025-2 | U13: RCU Nº 344-2024-UAI-CU/P | V13: 20242 | W13: FILIAL | X13: FICA | Y13: AF | Z13: =+Q13+1 -> 6 | AA13: A
B14: 2025-1 | C14: RCU N° 349-2024-UAI-CU/P | D14: 20242 | E14: FILIAL | F14: I | G14: DE | H14: 3 | I14: A | K14: 2025-2 | L14: RCU Nº 249-2019-UAI-CU/P | M14: 202011 | N14: FILIAL | O14: FICA | P14: AF | Q14: 8 | R14: A | T14: 2025-2 | U14: RCU Nº 249-2019-UAI-CU/P | V14: 202011 | W14: FILIAL | X14: FICA | Y14: AF | Z14: =+Q14+1 -> 9 | AA14: A
B15: 2025-1 | C15: RCU N° 349-2024-UAI-CU/P | D15: 20242 | E15: FILIAL | F15: I | G15: DE | H15: 3 | I15: B | K15: 2025-2 | L15: RCU Nº 249-2019-UAI-CU/P | M15: 202011 | N15: FILIAL | O15: FICA | P15: AF | Q15: 9 | R15: A | T15: 2025-2 | U15: RCU Nº 249-2019-UAI-CU/P | V15: 202011 | W15: FILIAL | X15: FICA | Y15: AF | Z15: =+Q15+1 -> 10 | AA15: A
B16: 2025-1 | C16: RCU N° 032-2023-UAI-CU/P | D16: 202312 | E16: FILIAL | F16: I | G16: DE | H16: 5 | I16: A | K16: 2025-2 | L16: RCU Nº 344-2024-UAI-CU/P | M16: 20242 | N16: PRINCIPAL | O16: FICA | P16: AF | Q16: 5 | R16: A | T16: 2025-2 | U16: RCU Nº 344-2024-UAI-CU/P | V16: 20242 | W16: PRINCIPAL | X16: FICA | Y16: AF | Z16: =+Q16+1 -> 6 | AA16: A
... B24: 2025-1 | C24: RCU N° 032-2023-UAI-CU/P | D24: 202312 | E24: FILIAL | F24: I | G24: DE | H24: 11 | I24: A | K24: 2025-2 | L24: RCU Nº 344-2024-UAI-CU/P | M24: 20242 | N24: PRINCIPAL | O24: FICA | P24: AF | Q24: 9 | R24: B | T24: 2025-2 | U24: RCU Nº 344-2024-UAI-CU/P | V24: 20242 | W24: PRINCIPAL | X24: FICA | Y24: AF | Z24: =+Q24+1 -> 10 | AA24: B
B25: 2025-1 | C25: RCU Nº 353-2024-UAI-CU/P | D25: 20242 | E25: FILIAL | F25: S | G25: EN | H25: 1 | I25: A | K25: 2025-2 | L25: RCU Nº 249-2019-UAI-CU/P | M25: 202011 | N25: PRINCIPAL | O25: FICA | P25: AF | Q25: 10 | R25: A | T25: 2025-2 | U25: RCU Nº 249-2019-UAI-CU/P | V25: 202011 | W25: PRINCIPAL | X25: FICA | Y25: AF
B26: 2025-1 | C26: RCU Nº 353-2024-UAI-CU/P | D26: 20242 | E26: FILIAL | F26: S | G26: EN | H26: 1 | I26: B | K26: 2025-2 | L26: RCU Nº 344-2024-UAI-CU/P | M26: 20242 | N26: PRINCIPAL | O26: FICA | P26: AF | Q26: 10 | R26: B | T26: 2025-2 | U26: RCU Nº 344-2024-UAI-CU/P | V26: 20242 | W26: PRINCIPAL | X26: FICA | Y26: AF
B27: 2025-1 | C27: RCU Nº 353-2024-UAI-CU/P | D27: 20242 | E27: FILIAL | F27: S | G27: EN | H27: 1 | I27: C | K27: 2025-2 | L27: RCU Nº 398-2024-UAI-CU/P | M27: 20251 | N27: PRINCIPAL | O27: FICA | P27: AR | Q27: 2 | R27: A | T27: 2025-2 | U27: RCU Nº 398-2024-UAI-CU/P | V27: 20251 | W27: PRINCIPAL | X27: FICA | Y27: AR | Z27: =+Q27+1 -> 3 | AA27: A
B28: 2025-1 | C28: RCU Nº 353-2024-UAI-CU/P | D28: 20242 | E28: FILIAL | F28: S | G28: EN | H28: 1 | I28: D | K28: 2025-2 | L28: RCU Nº 398-2024-UAI-CU/P | M28: 20251 | N28: PRINCIPAL | O28: FICA | P28: AR | Q28: 3 | R28: A | T28: 2025-2 | U28: RCU Nº 398-2024-UAI-CU/P | V28: 20251 | W28: PRINCIPAL | X28: FICA | Y28: AR | Z28: =+Q28+1 -> 4 | AA28: A
B29: 2025-1 | C29: RCU Nº 353-2024-UAI-CU/P | D29: 20242 | E29: FILIAL | F29: S | G29: EN | H29: 2 | I29: A | K29: 2025-2 | L29: RCU Nº 533-2024-UAI-CU/P | M29: 20251 | N29: FILIAL | O29: FICA | P29: CA | Q29: 2 | R29: A | T29: 2025-2 | U29: RCU Nº 533-2024-UAI-CU/P | V29: 20251 | W29: FILIAL | X29: FICA | Y29: CA | Z29: =+Q29+1 -> 3 | AA29: A
B30: 2025-1 | C30: RCU Nº 353-2024-UAI-CU/P | D30: 20242 | E30: FILIAL | F30: S | G30: EN | H30: 2 | I30: B | K30: 2025-2 | L30: RCU Nº 533-2024-UAI-CU/P | M30: 20251 | N30: FILIAL | O30: FICA | P30: CA | Q30: 3 | R30: A | T30: 2025-2 | U30: RCU Nº 533-2024-UAI-CU/P | V30: 20251 | W30: FILIAL | X30: FICA | Y30: CA | Z30: =+Q30+1 -> 4 | AA30: A
B31: 2025-1 | C31: RCU Nº 353-2024-UAI-CU/P | D31: 20242 | E31: FILIAL | F31: S | G31: EN | H31: 3 | I31: A | K31: 2025-2 | L31: RCU Nº 348-2024-UAI-CU/P | M31: 20242 | N31: FILIAL | O31: FICA | P31: CA | Q31: 8 | R31: A | T31: 2025-2 | U31: RCU Nº 348-2024-UAI-CU/P | V31: 20242 | W31: FILIAL | X31: FICA | Y31: CA | Z31: =+Q31+1 -> 9 | AA31: A
B32: 2025-1 | C32: RCU Nº 353-2024-UAI-CU/P | D32: 20242 | E32: FILIAL | F32: S | G32: EN | H32: 3 | I32: B | K32: 2025-2 | L32: RCU Nº 349-2024-UAI-CU/P | M32: 20242 | N32: FILIAL | O32: FICA | P32: DE | Q32: 2 | R32: A | T32: 2025-2 | U32: RCU Nº 349-2024-UAI-CU/P | V32: 20242 | W32: FILIAL | X32: FICA | Y32: DE | Z32: =+Q32+1 -> 3 | AA32: A
B33: 2025-1 | C33: RCU Nº 353-2024-UAI-CU/P | D33: 20242 | E33: FILIAL | F33: S | G33: EN | H33: 3 | I33: C | K33: 2025-2 | L33: RCU Nº 349-2024-UAI-CU/P | M33: 20242 | N33: FILIAL | O33: FICA | P33: DE | Q33: 2 | R33: B | T33: 2025-2 | U33: RCU Nº 349-2024-UAI-CU/P | V33: 20242 | W33: FILIAL | X33: FICA | Y33: DE | Z33: =+Q33+1 -> 3 | AA33: B
B34: 2025-1 | C34: RCU Nº 353-2024-UAI-CU/P | D34: 20242 | E34: FILIAL | F34: S | G34: EN | H34: 3 | I34: D | K34: 2025-2 | L34: RCU Nº 349-2024-UAI-CU/P | M34: 20242 | N34: FILIAL | O34: FICA | P34: DE | Q34: 3 | R34: A | T34: 2025-2 | U34: RCU Nº 349-2024-UAI-CU/P | V34: 20242 | W34: FILIAL | X34: FICA | Y34: DE | Z34: =+Q34+1 -> 4 | AA34: A
B35: 2025-1 | C35: RCU Nº 353-2024-UAI-CU/P | D35: 20242 | E35: FILIAL | F35: S | G35: EN | H35: 3 | I35: X | K35: 2025-2 | L35: RCU Nº 349-2024-UAI-CU/P | M35: 20242 | N35: FILIAL | O35: FICA | P35: DE | Q35: 3 | R35: B | T35: 2025-2 | U35: RCU Nº 349-2024-UAI-CU/P | V35: 20242 | W35: FILIAL | X35: FICA | Y35: DE | Z35: =+Q35+1 -> 4 | AA35: B
B36: 2025-1 | C36: RCU Nº 353-2024-UAI-CU/P | D36: 20242 | E36: FILIAL | F36: S | G36: EN | H36: 3 | I36: Y | K36: 2025-2 | L36: RCU Nº 349-2024-UAI-CU/P | M36: 20242 | N36: FILIAL | O36: FICA | P36: DE | Q36: 4 | R36: A | T36: 2025-2 | U36: RCU Nº 349-2024-UAI-CU/P | V36: 20242 | W36: FILIAL | X36: FICA | Y36: DE | Z36: =+Q36+1 -> 5 | AA36: A
B37: 2025-1 | C37: RCU Nº 353-2024-UAI-CU/P | D37: 20242 | E37: FILIAL | F37: S | G37: EN | H37: 3 | I37: Z | K37: 2025-2 | L37: RCU Nº 349-2024-UAI-CU/P | M37: 20242 | N37: FILIAL | O37: FICA | P37: DE | Q37: 5 | R37: A | T37: 2025-2 | U37: RCU Nº 349-2024-UAI-CU/P | V37: 20242 | W37: FILIAL | X37: FICA | Y37: DE | Z37: =+Q37+1 -> 6 | AA37: A
B38: 2025-1 | C38: RCU Nº 353-2024-UAI-CU/P | D38: 20242 | E38: FILIAL | F38: S | G38: EN | H38: 4 | I38: A | K38: 2025-2 | L38: RCU Nº 349-2024-UAI-CU/P | M38: 20242 | N38: FILIAL | O38: FICA | P38: DE | Q38: 5 | R38: B | T38: 2025-2 | U38: RCU Nº 349-2024-UAI-CU/P | V38: 20242 | W38: FILIAL | X38: FICA | Y38: DE | Z38: =+Q38+1 -> 6 | AA38: B
... B46: 2025-1 | C46: RCU Nº 353-2024-UAI-CU/P | D46: 20242 | E46: FILIAL | F46: S | G46: EN | H46: 5 | I46: D | K46: 2025-2 | L46: RCU Nº 032-2023-UAI-CU/P | M46: 202312 | N46: FILIAL | O46: FICA | P46: DE | Q46: 11 | R46: B | T46: 2025-2 | U46: RCU Nº 032-2023-UAI-CU/P | V46: 202312 | W46: FILIAL | X46: FICA | Y46: DE | Z46: =+Q46+1 -> 12 | AA46: B
B47: 2025-1 | C47: RCU Nº249-2019-UAI-CU/P | D47: 202011 | E47: FILIAL | F47: S | G47: EN | H47: 6 | I47: A | K47: 2025-2 | L47: RCU Nº 032-2023-UAI-CU/P | M47: 202312 | N47: FILIAL | O47: FICA | P47: DE | Q47: 12 | R47: A | T47: 2025-2 | U47: RCU Nº 032-2023-UAI-CU/P | V47: 202312 | W47: FILIAL | X47: FICA | Y47: DE
B48: 2025-1 | C48: RCU Nº249-2019-UAI-CU/P | D48: 202011 | E48: FILIAL | F48: S | G48: EN | H48: 6 | I48: B | K48: 2025-2 | L48: RCU Nº 349-2024-UAI-CU/P | M48: 20242 | N48: HUAURA | O48: FICA | P48: DE | Q48: 2 | R48: A | T48: 2025-2 | U48: RCU Nº 349-2024-UAI-CU/P | V48: 20242 | W48: HUAURA | X48: FICA | Y48: DE | Z48: =+Q48+1 -> 3 | AA48: A
B49: 2025-1 | C49: RCU Nº249-2019-UAI-CU/P | D49: 202011 | E49: FILIAL | F49: S | G49: EN | H49: 6 | I49: C | K49: 2025-2 | L49: RCU Nº 349-2024-UAI-CU/P | M49: 20242 | N49: HUAURA | O49: FICA | P49: DE | Q49: 2 | R49: B | T49: 2025-2 | U49: RCU Nº 349-2024-UAI-CU/P | V49: 20242 | W49: HUAURA | X49: FICA | Y49: DE | Z49: =+Q49+1 -> 3 | AA49: B
B50: 2025-1 | C50: RCU Nº249-2019-UAI-CU/P | D50: 202011 | E50: FILIAL | F50: S | G50: EN | H50: 6 | I50: D | K50: 2025-2 | L50: RCU Nº 349-2024-UAI-CU/P | M50: 20242 | N50: HUAURA | O50: FICA | P50: DE | Q50: 3 | R50: A | T50: 2025-2 | U50: RCU Nº 349-2024-UAI-CU/P | V50: 20242 | W50: HUAURA | X50: FICA | Y50: DE | Z50: =+Q50+1 -> 4 | AA50: A
B51: 2025-1 | C51: RCU Nº249-2019-UAI-CU/P | D51: 202011 | E51: FILIAL | F51: S | G51: EN | H51: 7 | I51: A | K51: 2025-2 | L51: RCU Nº 349-2024-UAI-CU/P | M51: 20242 | N51: HUAURA | O51: FICA | P51: DE | Q51: 3 | R51: B | T51: 2025-2 | U51: RCU Nº 349-2024-UAI-CU/P | V51: 20242 | W51: HUAURA | X51: FICA | Y51: DE | Z51: =+Q51+1 -> 4 | AA51: B
B52: 2025-1 | C52: RCU Nº249-2019-UAI-CU/P | D52: 202011 | E52: FILIAL | F52: S | G52: EN | H52: 7 | I52: B | K52: 2025-2 | L52: RCU Nº 349-2024-UAI-CU/P | M52: 20242 | N52: HUAURA | O52: FICA | P52: DE | Q52: 3 | R52: C | T52: 2025-2 | U52: RCU Nº 349-2024-UAI-CU/P | V52: 20242 | W52: HUAURA | X52: FICA | Y52: DE | Z52: =+Q52+1 -> 4 | AA52: C
B53: 2025-1 | C53: RCU Nº249-2019-UAI-CU/P | D53: 202011 | E53: FILIAL | F53: S | G53: EN | H53: 7 | I53: C | K53: 2025-2 | L53: RCU Nº 349-2024-UAI-CU/P | M53: 20242 | N53: PRINCIPAL | O53: FICA | P53: DE | Q53: 2 | R53: A | T53: 2025-2 | U53: RCU Nº 349-2024-UAI-CU/P | V53: 20242 | W53: PRINCIPAL | X53: FICA | Y53: DE | Z53: =+Q53+1 -> 3 | AA53: A
B54: 2025-1 | C54: RCU Nº249-2019-UAI-CU/P | D54: 202011 | E54: FILIAL | F54: S | G54: EN | H54: 8 | I54: A | K54: 2025-2 | L54: RCU Nº 349-2024-UAI-CU/P | M54: 20242 | N54: PRINCIPAL | O54: FICA | P54: DE | Q54: 2 | R54: B | T54: 2025-2 | U54: RCU Nº 349-2024-UAI-CU/P | V54: 20242 | W54: PRINCIPAL | X54: FICA | Y54: DE | Z54: =+Q54+1 -> 3 | AA54: B
B55: 2025-1 | C55: RCU Nº249-2019-UAI-CU/P | D55: 202011 | E55: FILIAL | F55: S | G55: EN | H55: 8 | I55: B | K55: 2025-2 | L55: RCU Nº 534-2024-UAI-CU/P | M55: 20251 | N55: PRINCIPAL | O55: FICA | P55: DE | Q55: 2 | R55: C | T55: 2025-2 | U55: RCU Nº 534-2024-UAI-CU/P | V55: 20251 | W55: PRINCIPAL | X55: FICA | Y55: DE | Z55: =+Q55+1 -> 3 | AA55: C
B56: 2025-1 | C56: RCU Nº249-2019-UAI-CU/P | D56: 202011 | E56: FILIAL | F56: S | G56: EN | H56: 9 | I56: A | K56: 2025-2 | L56: RCU Nº 534-2024-UAI-CU/P | M56: 20251 | N56: PRINCIPAL | O56: FICA | P56: DE | Q56: 2 | R56: D | T56: 2025-2 | U56: RCU Nº 534-2024-UAI-CU/P | V56: 20251 | W56: PRINCIPAL | X56: FICA | Y56: DE | Z56: =+Q56+1 -> 3 | AA56: D
B57: 2025-1 | C57: RCU Nº249-2019-UAI-CU/P | D57: 202011 | E57: FILIAL | F57: S | G57: EN | H57: 9 | I57: B | K57: 2025-2 | L57: RCU Nº 534-2024-UAI-CU/P | M57: 20251 | N57: PRINCIPAL | O57: FICA | P57: DE | Q57: 2 | R57: E | T57: 2025-2 | U57: RCU Nº 534-2024-UAI-CU/P | V57: 20251 | W57: PRINCIPAL | X57: FICA | Y57: DE | Z57: =+Q57+1 -> 3 | AA57: E
B58: 2025-1 | C58: RCU Nº249-2019-UAI-CU/P | D58: 202011 | E58: FILIAL | F58: S | G58: EN | H58: 9 | I58: C | K58: 2025-2 | L58: RCU Nº 349-2024-UAI-CU/P | M58: 20242 | N58: PRINCIPAL | O58: FICA | P58: DE | Q58: 3 | R58: A | T58: 2025-2 | U58: RCU Nº 349-2024-UAI-CU/P | V58: 20242 | W58: PRINCIPAL | X58: FICA | Y58: DE | Z58: =+Q58+1 -> 4 | AA58: A
B59: 2025-1 | C59: RCU Nº249-2019-UAI-CU/P | D59: 202011 | E59: FILIAL | F59: S | G59: EN | H59: 9 | I59: D | K59: 2025-2 | L59: RCU Nº 349-2024-UAI-CU/P | M59: 20242 | N59: PRINCIPAL | O59: FICA | P59: DE | Q59: 3 | R59: B | T59: 2025-2 | U59: RCU Nº 349-2024-UAI-CU/P | V59: 20242 | W59: PRINCIPAL | X59: FICA | Y59: DE | Z59: =+Q59+1 -> 4 | AA59: B
... B100: 2025-1 | C100: RCU Nº 018-2021-UAI-CU/P | D100: 201722 | E100: FILIAL | F100: S | G100: OB | H100: 9 | I100: B | K100: 2025-2 | L100: RCU Nº 249-2019-UAI-CU/P | M100: 202011 | N100: FILIAL | O100: FCS | P100: EN | Q100: 9 | R100: F | T100: 2025-2 | U100: RCU Nº 249-2019-UAI-CU/P | V100: 202011 | W100: FILIAL | X100: FCS | Y100: EN | Z100: =+Q100+1 -> 10 | AA100: F
B101: 2025-1 | C101: RCU Nº 018-2021-UAI-CU/P | D101: 201722 | E101: FILIAL | F101: S | G101: OB | H101: 10 | I101: A | K101: 2025-2 | L101: RCU Nº 249-2019-UAI-CU/P | M101: 202011 | N101: FILIAL | O101: FCS | P101: EN | Q101: 10 | R101: A | T101: 2025-2 | U101: RCU Nº 249-2019-UAI-CU/P | V101: 202011 | W101: FILIAL | X101: FCS | Y101: EN
B102: 2025-1 | C102: RCU Nº 346-2024-UAI-CU/P | D102: 20242 | E102: FILIAL | F102: S | G102: PS | H102: 1 | I102: A | K102: 2025-2 | L102: RCU Nº 249-2019-UAI-CU/P | M102: 202011 | N102: FILIAL | O102: FCS | P102: EN | Q102: 10 | R102: B | T102: 2025-2 | U102: RCU Nº 249-2019-UAI-CU/P | V102: 202011 | W102: FILIAL | X102: FCS | Y102: EN
B103: 2025-1 | C103: RCU Nº 346-2024-UAI-CU/P | D103: 20242 | E103: FILIAL | F103: S | G103: PS | H103: 1 | I103: B | K103: 2025-2 | L103: RCU Nº 249-2019-UAI-CU/P | M103: 202011 | N103: FILIAL | O103: FCS | P103: EN | Q103: 10 | R103: C | T103: 2025-2 | U103: RCU Nº 249-2019-UAI-CU/P | V103: 202011 | W103: FILIAL | X103: FCS | Y103: EN
B104: 2025-1 | C104: RCU Nº 346-2024-UAI-CU/P | D104: 20242 | E104: FILIAL | F104: S | G104: PS | H104: 1 | I104: C | K104: 2025-2 | L104: RCU Nº 249-2019-UAI-CU/P | M104: 202011 | N104: FILIAL | O104: FCS | P104: EN | Q104: 10 | R104: D | T104: 2025-2 | U104: RCU Nº 249-2019-UAI-CU/P | V104: 202011 | W104: FILIAL | X104: FCS | Y104: EN
B105: 2025-1 | C105: RCU Nº 346-2024-UAI-CU/P | D105: 20242 | E105: FILIAL | F105: S | G105: PS | H105: 2 | I105: A | K105: 2025-2 | L105: RCU Nº 353-2024-UAI-CU/P | M105: 20242 | N105: HUAURA | O105: FCS | P105: EN | Q105: 2 | R105: A | T105: 2025-2 | U105: RCU Nº 353-2024-UAI-CU/P | V105: 20242 | W105: HUAURA | X105: FCS | Y105: EN | Z105: =+Q105+1 -> 3 | AA105: A
B106: 2025-1 | C106: RCU Nº 346-2024-UAI-CU/P | D106: 20242 | E106: FILIAL | F106: S | G106: PS | H106: 3 | I106: A | K106: 2025-2 | L106: RCU Nº 353-2024-UAI-CU/P | M106: 20242 | N106: HUAURA | O106: FCS | P106: EN | Q106: 2 | R106: B | T106: 2025-2 | U106: RCU Nº 353-2024-UAI-CU/P | V106: 20242 | W106: HUAURA | X106: FCS | Y106: EN | Z106: =+Q106+1 -> 3 | AA106: B
B107: 2025-1 | C107: RCU Nº 346-2024-UAI-CU/P | D107: 20242 | E107: FILIAL | F107: S | G107: PS | H107: 3 | I107: B | K107: 2025-2 | L107: RCU Nº 353-2024-UAI-CU/P | M107: 20242 | N107: HUAURA | O107: FCS | P107: EN | Q107: 2 | R107: C | T107: 2025-2 | U107: RCU Nº 353-2024-UAI-CU/P | V107: 20242 | W107: HUAURA | X107: FCS | Y107: EN | Z107: =+Q107+1 -> 3 | AA107: C
B108: 2025-1 | C108: RCU Nº 346-2024-UAI-CU/P | D108: 20242 | E108: FILIAL | F108: S | G108: PS | H108: 4 | I108: A | K108: 2025-2 | L108: RCU Nº 353-2024-UAI-CU/P | M108: 20242 | N108: HUAURA | O108: FCS | P108: EN | Q108: 3 | R108: A | T108: 2025-2 | U108: RCU Nº 353-2024-UAI-CU/P | V108: 20242 | W108: HUAURA | X108: FCS | Y108: EN | Z108: =+Q108+1 -> 4 | AA108: A
B109: 2025-1 | C109: RCU Nº 346-2024-UAI-CU/P | D109: 20242 | E109: FILIAL | F109: S | G109: PS | H109: 5 | I109: A | K109: 2025-2 | L109: RCU Nº 353-2024-UAI-CU/P | M109: 20242 | N109: HUAURA | O109: FCS | P109: EN | Q109: 3 | R109: B | T109: 2025-2 | U109: RCU Nº 353-2024-UAI-CU/P | V109: 20242 | W109: HUAURA | X109: FCS | Y109: EN | Z109: =+Q109+1 -> 4 | AA109: B
B110: 2025-1 | C110: RCU N°249-2019-UAI-CU/P | D110: 202011 | E110: FILIAL | F110: S | G110: PS | H110: 6 | I110: A | K110: 2025-2 | L110: RCU Nº 353-2024-UAI-CU/P | M110: 20242 | N110: HUAURA | O110: FCS | P110: EN | Q110: 3 | R110: C | T110: 2025-2 | U110: RCU Nº 353-2024-UAI-CU/P | V110: 20242 | W110: HUAURA | X110: FCS | Y110: EN | Z110: =+Q110+1 -> 4 | AA110: C
B111: 2025-1 | C111: RCU N°249-2019-UAI-CU/P | D111: 202011 | E111: FILIAL | F111: S | G111: PS | H111: 7 | I111: A | K111: 2025-2 | L111: RCU Nº 353-2024-UAI-CU/P | M111: 20242 | N111: HUAURA | O111: FCS | P111: EN | Q111: 3 | R111: D | T111: 2025-2 | U111: RCU Nº 353-2024-UAI-CU/P | V111: 20242 | W111: HUAURA | X111: FCS | Y111: EN | Z111: =+Q111+1 -> 4 | AA111: D
B112: 2025-1 | C112: RCU N°249-2019-UAI-CU/P | D112: 202011 | E112: FILIAL | F112: S | G112: PS | H112: 8 | I112: A | K112: 2025-2 | L112: RCU Nº 353-2024-UAI-CU/P | M112: 20242 | N112: HUAURA | O112: FCS | P112: EN | Q112: 3 | R112: E | T112: 2025-2 | U112: RCU Nº 353-2024-UAI-CU/P | V112: 20242 | W112: HUAURA | X112: FCS | Y112: EN | Z112: =+Q112+1 -> 4 | AA112: E
B113: 2025-1 | C113: RCU N° 364-2024-UAI-CU/P | D113: 20251 | E113: FILIAL | F113: S | G113: T1 | H113: 1 | I113: A | K113: 2025-2 | L113: RCU Nº 353-2024-UAI-CU/P | M113: 20242 | N113: PRINCIPAL | O113: FCS | P113: EN | Q113: 2 | R113: A | T113: 2025-2 | U113: RCU Nº 353-2024-UAI-CU/P | V113: 20242 | W113: PRINCIPAL | X113: FCS | Y113: EN | Z113: =+Q113+1 -> 3 | AA113: A
B114: 2025-1 | C114: RCU N° 365-2024-UAI-CU/P | D114: 20251 | E114: FILIAL | F114: S | G114: T2 | H114: 1 | I114: A | K114: 2025-2 | L114: RCU Nº 353-2024-UAI-CU/P | M114: 20242 | N114: PRINCIPAL | O114: FCS | P114: EN | Q114: 2 | R114: B | T114: 2025-2 | U114: RCU Nº 353-2024-UAI-CU/P | V114: 20242 | W114: PRINCIPAL | X114: FCS | Y114: EN | Z114: =+Q114+1 -> 3 | AA114: B
B115: 2025-1 | C115: RCU N° 366-2024-UAI-CU/P | D115: 20251 | E115: FILIAL | F115: S | G115: T3 | H115: 1 | I115: A | K115: 2025-2 | L115: RCU Nº 353-2024-UAI-CU/P | M115: 20242 | N115: PRINCIPAL | O115: FCS | P115: EN | Q115: 3 | R115: A | T115: 2025-2 | U115: RCU Nº 353-2024-UAI-CU/P | V115: 20242 | W115: PRINCIPAL | X115: FCS | Y115: EN | Z115: =+Q115+1 -> 4 | AA115: A
B116: 2025-1 | C116: RCU Nº 354-2024-UAI-CU/P | D116: 20242 | E116: HUAURA | F116: I | G116: AE | H116: 1 | I116: A | K116: 2025-2 | L116: RCU Nº 353-2024-UAI-CU/P | M116: 20242 | N116: PRINCIPAL | O116: FCS | P116: EN | Q116: 3 | R116: B | T116: 2025-2 | U116: RCU Nº 353-2024-UAI-CU/P | V116: 20242 | W116: PRINCIPAL | X116: FCS | Y116: EN | Z116: =+Q116+1 -> 4 | AA116: B
... B153: 2025-1 | C153: RCU N° 349-2024-UAI-CU/P | D153: 20242 | E153: PRINCIPAL | F153: I | G153: DE | H153: 2 | I153: A | K153: 2025-2 | L153: RCU Nº 249-2019-UAI-CU/P | M153: 202011 | N153: PRINCIPAL | O153: FCS | P153: EN | Q153: 9 | R153: Z | T153: 2025-2 | U153: RCU Nº 249-2019-UAI-CU/P | V153: 202011 | W153: PRINCIPAL | X153: FCS | Y153: EN | Z153: =+Q153+1 -> 10 | AA153: Z
B154: 2025-1 | C154: RCU N° 349-2024-UAI-CU/P | D154: 20242 | E154: PRINCIPAL | F154: I | G154: DE | H154: 3 | I154: A | K154: 2025-2 | L154: RCU Nº 249-2019-UAI-CU/P | M154: 202011 | N154: PRINCIPAL | O154: FCS | P154: EN | Q154: 10 | R154: A | T154: 2025-2 | U154: RCU Nº 249-2019-UAI-CU/P | V154: 202011 | W154: PRINCIPAL | X154: FCS | Y154: EN
B155: 2025-1 | C155: RCU N° 032-2023-UAI-CU/P | D155: 202312 | E155: PRINCIPAL | F155: I | G155: DE | H155: 5 | I155: A | K155: 2025-2 | L155: RCU Nº 249-2019-UAI-CU/P | M155: 202011 | N155: PRINCIPAL | O155: FCS | P155: EN | Q155: 10 | R155: B | T155: 2025-2 | U155: RCU Nº 249-2019-UAI-CU/P | V155: 202011 | W155: PRINCIPAL | X155: FCS | Y155: EN
B156: 2025-1 | C156: RCU Nº 353-2024-UAI-CU/P | D156: 20242 | E156: PRINCIPAL | F156: S | G156: EN | H156: 1 | I156: F | K156: 2025-2 | L156: RCU Nº 249-2019-UAI-CU/P | M156: 202011 | N156: PRINCIPAL | O156: FCS | P156: EN | Q156: 10 | R156: C | T156: 2025-2 | U156: RCU Nº 249-2019-UAI-CU/P | V156: 202011 | W156: PRINCIPAL | X156: FCS | Y156: EN
B157: 2025-1 | C157: RCU Nº 353-2024-UAI-CU/P | D157: 20242 | E157: PRINCIPAL | F157: S | G157: EN | H157: 1 | I157: G | K157: 2025-2 | L157: RCU Nº 249-2019-UAI-CU/P | M157: 202011 | N157: PRINCIPAL | O157: FCS | P157: EN | Q157: 10 | R157: D | T157: 2025-2 | U157: RCU Nº 249-2019-UAI-CU/P | V157: 202011 | W157: PRINCIPAL | X157: FCS | Y157: EN
B158: 2025-1 | C158: RCU Nº 353-2024-UAI-CU/P | D158: 20242 | E158: PRINCIPAL | F158: S | G158: EN | H158: 2 | I158: A | K158: 2025-2 | L158: RCU Nº 249-2019-UAI-CU/P | M158: 202011 | N158: PRINCIPAL | O158: FCS | P158: EN | Q158: 10 | R158: E | T158: 2025-2 | U158: RCU Nº 249-2019-UAI-CU/P | V158: 202011 | W158: PRINCIPAL | X158: FCS | Y158: EN
B159: 2025-1 | C159: RCU Nº 353-2024-UAI-CU/P | D159: 20242 | E159: PRINCIPAL | F159: S | G159: EN | H159: 3 | I159: A | K159: 2025-2 | L159: RCU Nº 352-2024-UAI-CU/P | M159: 20242 | N159: FILIAL | O159: FICA | P159: IC | Q159: 2 | R159: A | T159: 2025-2 | U159: RCU Nº 352-2024-UAI-CU/P | V159: 20242 | W159: FILIAL | X159: FICA | Y159: IC | Z159: =+Q159+1 -> 3 | AA159: A
B160: 2025-1 | C160: RCU Nº 353-2024-UAI-CU/P | D160: 20242 | E160: PRINCIPAL | F160: S | G160: EN | H160: 3 | I160: B | K160: 2025-2 | L160: RCU Nº 352-2024-UAI-CU/P | M160: 20242 | N160: FILIAL | O160: FICA | P160: IC | Q160: 3 | R160: A | T160: 2025-2 | U160: RCU Nº 352-2024-UAI-CU/P | V160: 20242 | W160: FILIAL | X160: FICA | Y160: IC | Z160: =+Q160+1 -> 4 | AA160: A
B161: 2025-1 | C161: RCU Nº 353-2024-UAI-CU/P | D161: 20242 | E161: PRINCIPAL | F161: S | G161: EN | H161: 3 | I161: C | K161: 2025-2 | L161: RCU Nº 352-2024-UAI-CU/P | M161: 20242 | N161: FILIAL | O161: FICA | P161: IC | Q161: 4 | R161: A | T161: 2025-2 | U161: RCU Nº 352-2024-UAI-CU/P | V161: 20242 | W161: FILIAL | X161: FICA | Y161: IC | Z161: =+Q161+1 -> 5 | AA161: A
B162: 2025-1 | C162: RCU Nº 353-2024-UAI-CU/P | D162: 20242 | E162: PRINCIPAL | F162: S | G162: EN | H162: 3 | I162: D | K162: 2025-2 | L162: RCU Nº 352-2024-UAI-CU/P | M162: 20242 | N162: FILIAL | O162: FICA | P162: IC | Q162: 5 | R162: A | T162: 2025-2 | U162: RCU Nº 352-2024-UAI-CU/P | V162: 20242 | W162: FILIAL | X162: FICA | Y162: IC | Z162: =+Q162+1 -> 6 | AA162: A
B163: 2025-1 | C163: RCU Nº 353-2024-UAI-CU/P | D163: 20242 | E163: PRINCIPAL | F163: S | G163: EN | H163: 3 | I163: X | K163: 2025-2 | L163: RCU Nº 352-2024-UAI-CU/P | M163: 20242 | N163: PRINCIPAL | O163: FICA | P163: IC | Q163: 2 | R163: A | T163: 2025-2 | U163: RCU Nº 352-2024-UAI-CU/P | V163: 20242 | W163: PRINCIPAL | X163: FICA | Y163: IC | Z163: =+Q163+1 -> 3 | AA163: A
B164: 2025-1 | C164: RCU Nº 353-2024-UAI-CU/P | D164: 20242 | E164: PRINCIPAL | F164: S | G164: EN | H164: 3 | I164: Y | K164: 2025-2 | L164: RCU Nº 352-2024-UAI-CU/P | M164: 20242 | N164: PRINCIPAL | O164: FICA | P164: IC | Q164: 3 | R164: A | T164: 2025-2 | U164: RCU Nº 352-2024-UAI-CU/P | V164: 20242 | W164: PRINCIPAL | X164: FICA | Y164: IC | Z164: =+Q164+1 -> 4 | AA164: A
B165: 2025-1 | C165: RCU Nº 353-2024-UAI-CU/P | D165: 20242 | E165: PRINCIPAL | F165: S | G165: EN | H165: 3 | I165: Z | K165: 2025-2 | L165: RCU Nº 352-2024-UAI-CU/P | M165: 20242 | N165: PRINCIPAL | O165: FICA | P165: IC | Q165: 3 | R165: B | T165: 2025-2 | U165: RCU Nº 352-2024-UAI-CU/P | V165: 20242 | W165: PRINCIPAL | X165: FICA | Y165: IC | Z165: =+Q165+1 -> 4 | AA165: B
B166: 2025-1 | C166: RCU Nº 353-2024-UAI-CU/P | D166: 20242 | E166: PRINCIPAL | F166: S | G166: EN | H166: 4 | I166: A | K166: 2025-2 | L166: RCU Nº 352-2024-UAI-CU/P | M166: 20242 | N166: PRINCIPAL | O166: FICA | P166: IC | Q166: 4 | R166: A | T166: 2025-2 | U166: RCU Nº 352-2024-UAI-CU/P | V166: 20242 | W166: PRINCIPAL | X166: FICA | Y166: IC | Z166: =+Q166+1 -> 5 | AA166: A
B167: 2025-1 | C167: RCU Nº 353-2024-UAI-CU/P | D167: 20242 | E167: PRINCIPAL | F167: S | G167: EN | H167: 4 | I167: B | K167: 2025-2 | L167: RCU Nº 352-2024-UAI-CU/P | M167: 20242 | N167: PRINCIPAL | O167: FICA | P167: IC | Q167: 5 | R167: A | T167: 2025-2 | U167: RCU Nº 352-2024-UAI-CU/P | V167: 20242 | W167: PRINCIPAL | X167: FICA | Y167: IC | Z167: =+Q167+1 -> 6 | AA167: A
B168: 2025-1 | C168: RCU Nº 353-2024-UAI-CU/P | D168: 20242 | E168: PRINCIPAL | F168: S | G168: EN | H168: 4 | I168: X | K168: 2025-2 | L168: RCU Nº 347-2024-UAI-CU/P | M168: 20242 | N168: FILIAL | O168: FICA | P168: IN | Q168: 2 | R168: A | T168: 2025-2 | U168: RCU Nº 347-2024-UAI-CU/P | V168: 20242 | W168: FILIAL | X168: FICA | Y168: IN | Z168: =+Q168+1 -> 3 | AA168: A
B169: 2025-1 | C169: RCU Nº 353-2024-UAI-CU/P | D169: 20242 | E169: PRINCIPAL | F169: S | G169: EN | H169: 4 | I169: Y | K169: 2025-2 | L169: RCU Nº 347-2024-UAI-CU/P | M169: 20242 | N169: FILIAL | O169: FICA | P169: IN | Q169: 3 | R169: A | T169: 2025-2 | U169: RCU Nº 347-2024-UAI-CU/P | V169: 20242 | W169: FILIAL | X169: FICA | Y169: IN | Z169: =+Q169+1 -> 4 | AA169: A
B170: 2025-1 | C170: RCU Nº 353-2024-UAI-CU/P | D170: 20242 | E170: PRINCIPAL | F170: S | G170: EN | H170: 4 | I170: Z | K170: 2025-2 | L170: RCU Nº 347-2024-UAI-CU/P | M170: 20242 | N170: FILIAL | O170: FICA | P170: IN | Q170: 5 | R170: A | T170: 2025-2 | U170: RCU Nº 347-2024-UAI-CU/P | V170: 20242 | W170: FILIAL | X170: FICA | Y170: IN | Z170: =+Q170+1 -> 6 | AA170: A
... B194: 2025-1 | C194: RCU N° 352-2024-UAI-CU/P | D194: 20242 | E194: PRINCIPAL | F194: I | G194: IC | H194: 2 | I194: A | K194: 2025-2 | L194: RCU Nº 193-2020-UAI-CU/P-V | M194: 202011 | N194: PRINCIPAL | O194: FICA | P194: IN | Q194: 9 | R194: D | T194: 2025-2 | U194: RCU Nº 193-2020-UAI-CU/P-V | V194: 202011 | W194: PRINCIPAL | X194: FICA | Y194: IN | Z194: =+Q194+1 -> 10 | AA194: D
B195: 2025-1 | C195: RCU N° 352-2024-UAI-CU/P | D195: 20242 | E195: PRINCIPAL | F195: FICA | G195: IC | H195: 3 | I195: A | K195: 2025-2 | L195: RCU Nº 193-2020-UAI-CU/P-V | M195: 202011 | N195: PRINCIPAL | O195: FICA | P195: IN | Q195: 10 | R195: A | T195: 2025-2 | U195: RCU Nº 193-2020-UAI-CU/P-V | V195: 202011 | W195: PRINCIPAL | X195: FICA | Y195: IN
B196: 2025-1 | C196: RCU N° 347-2024-UAI-CU/P | D196: 20242 | E196: PRINCIPAL | F196: I | G196: IN | H196: 1 | I196: A | K196: 2025-2 | L196: RCU Nº 193-2020-UAI-CU/P-V | M196: 202011 | N196: PRINCIPAL | O196: FICA | P196: IN | Q196: 10 | R196: B | T196: 2025-2 | U196: RCU Nº 193-2020-UAI-CU/P-V | V196: 202011 | W196: PRINCIPAL | X196: FICA | Y196: IN
B197: 2025-1 | C197: RCU N° 347-2024-UAI-CU/P | D197: 20242 | E197: PRINCIPAL | F197: I | G197: IN | H197: 1 | I197: B | K197: 2025-2 | L197: RCU Nº 345-2024-UAI-CU/P | M197: 20242 | N197: PRINCIPAL | O197: FICA | P197: IS | Q197: 2 | R197: A | T197: 2025-2 | U197: RCU Nº 345-2024-UAI-CU/P | V197: 20242 | W197: PRINCIPAL | X197: FICA | Y197: IS | Z197: =+Q197+1 -> 3 | AA197: A
B198: 2025-1 | C198: RCU N° 347-2024-UAI-CU/P | D198: 20242 | E198: PRINCIPAL | F198: I | G198: IN | H198: 1 | I198: C | K198: 2025-2 | L198: RCU Nº 345-2024-UAI-CU/P | M198: 20242 | N198: PRINCIPAL | O198: FICA | P198: IS | Q198: 3 | R198: A | T198: 2025-2 | U198: RCU Nº 345-2024-UAI-CU/P | V198: 20242 | W198: PRINCIPAL | X198: FICA | Y198: IS | Z198: =+Q198+1 -> 4 | AA198: A
B199: 2025-1 | C199: RCU N° 347-2024-UAI-CU/P | D199: 20242 | E199: PRINCIPAL | F199: I | G199: IN | H199: 1 | I199: D | K199: 2025-2 | L199: RCU Nº 345-2024-UAI-CU/P | M199: 20242 | N199: PRINCIPAL | O199: FICA | P199: IS | Q199: 3 | R199: B | T199: 2025-2 | U199: RCU Nº 345-2024-UAI-CU/P | V199: 20242 | W199: PRINCIPAL | X199: FICA | Y199: IS | Z199: =+Q199+1 -> 4 | AA199: B
B200: 2025-1 | C200: RCU N° 347-2024-UAI-CU/P | D200: 20242 | E200: PRINCIPAL | F200: I | G200: IN | H200: 2 | I200: A | K200: 2025-2 | L200: RCU Nº 345-2024-UAI-CU/P | M200: 20242 | N200: PRINCIPAL | O200: FICA | P200: IS | Q200: 4 | R200: A | T200: 2025-2 | U200: RCU Nº 345-2024-UAI-CU/P | V200: 20242 | W200: PRINCIPAL | X200: FICA | Y200: IS | Z200: =+Q200+1 -> 5 | AA200: A
B201: 2025-1 | C201: RCU N° 347-2024-UAI-CU/P | D201: 20242 | E201: PRINCIPAL | F201: I | G201: IN | H201: 3 | I201: A | K201: 2025-2 | L201: RCU Nº 345-2024-UAI-CU/P | M201: 20242 | N201: PRINCIPAL | O201: FICA | P201: IS | Q201: 5 | R201: A | T201: 2025-2 | U201: RCU Nº 345-2024-UAI-CU/P | V201: 20242 | W201: PRINCIPAL | X201: FICA | Y201: IS | Z201: =+Q201+1 -> 6 | AA201: A
B202: 2025-1 | C202: RCU N° 347-2024-UAI-CU/P | D202: 20242 | E202: PRINCIPAL | F202: I | G202: IN | H202: 3 | I202: B | K202: 2025-2 | L202: RCU Nº 345-2024-UAI-CU/P | M202: 20242 | N202: PRINCIPAL | O202: FICA | P202: IS | Q202: 5 | R202: B | T202: 2025-2 | U202: RCU Nº 345-2024-UAI-CU/P | V202: 20242 | W202: PRINCIPAL | X202: FICA | Y202: IS | Z202: =+Q202+1 -> 6 | AA202: B
B203: 2025-1 | C203: RCU N° 347-2024-UAI-CU/P | D203: 20242 | E203: PRINCIPAL | F203: I | G203: IN | H203: 3 | I203: C | K203: 2025-2 | L203: RCU Nº 345-2024-UAI-CU/P | M203: 20242 | N203: PRINCIPAL | O203: FICA | P203: IS | Q203: 6 | R203: A | T203: 2025-2 | U203: RCU Nº 345-2024-UAI-CU/P | V203: 20242 | W203: PRINCIPAL | X203: FICA | Y203: IS | Z203: =+Q203+1 -> 7 | AA203: A
B204: 2025-1 | C204: RCU N° 347-2024-UAI-CU/P | D204: 20242 | E204: PRINCIPAL | F204: I | G204: IN | H204: 4 | I204: A | K204: 2025-2 | L204: RCU Nº 345-2024-UAI-CU/P | M204: 20242 | N204: PRINCIPAL | O204: FICA | P204: IS | Q204: 7 | R204: A | T204: 2025-2 | U204: RCU Nº 345-2024-UAI-CU/P | V204: 20242 | W204: PRINCIPAL | X204: FICA | Y204: IS | Z204: =+Q204+1 -> 8 | AA204: A
B205: 2025-1 | C205: RCU N° 347-2024-UAI-CU/P | D205: 20242 | E205: PRINCIPAL | F205: I | G205: IN | H205: 4 | I205: B | K205: 2025-2 | L205: RCU Nº 345-2024-UAI-CU/P | M205: 20242 | N205: PRINCIPAL | O205: FICA | P205: IS | Q205: 7 | R205: B | T205: 2025-2 | U205: RCU Nº 345-2024-UAI-CU/P | V205: 20242 | W205: PRINCIPAL | X205: FICA | Y205: IS | Z205: =+Q205+1 -> 8 | AA205: B
B206: 2025-1 | C206: RCU N° 347-2024-UAI-CU/P | D206: 20242 | E206: PRINCIPAL | F206: I | G206: IN | H206: 5 | I206: A | K206: 2025-2 | L206: RCU Nº 345-2024-UAI-CU/P | M206: 20242 | N206: PRINCIPAL | O206: FICA | P206: IS | Q206: 7 | R206: C | T206: 2025-2 | U206: RCU Nº 345-2024-UAI-CU/P | V206: 20242 | W206: PRINCIPAL | X206: FICA | Y206: IS | Z206: =+Q206+1 -> 8 | AA206: C
B207: 2025-1 | C207: RCU N° 347-2024-UAI-CU/P | D207: 20242 | E207: PRINCIPAL | F207: I | G207: IN | H207: 5 | I207: B | K207: 2025-2 | L207: RCU Nº 249-2019-UAI-CU/P | M207: 202011 | N207: PRINCIPAL | O207: FICA | P207: IS | Q207: 8 | R207: A | T207: 2025-2 | U207: RCU Nº 249-2019-UAI-CU/P | V207: 202011 | W207: PRINCIPAL | X207: FICA | Y207: IS | Z207: =+Q207+1 -> 9 | AA207: A
B208: 2025-1 | C208: RCU N° 347-2024-UAI-CU/P | D208: 20242 | E208: PRINCIPAL | F208: I | G208: IN | H208: 5 | I208: C | K208: 2025-2 | L208: RCU Nº 249-2019-UAI-CU/P | M208: 202011 | N208: PRINCIPAL | O208: FICA | P208: IS | Q208: 9 | R208: A | T208: 2025-2 | U208: RCU Nº 249-2019-UAI-CU/P | V208: 202011 | W208: PRINCIPAL | X208: FICA | Y208: IS | Z208: =+Q208+1 -> 10 | AA208: A
... B210: 2025-1 | C210: RCU N° 347-2024-UAI-CU/P | D210: 20242 | E210: PRINCIPAL | F210: I | G210: IN | H210: 5 | I210: E | K210: 2025-2 | L210: RCU Nº 249-2019-UAI-CU/P | M210: 202011 | N210: PRINCIPAL | O210: FICA | P210: IS | Q210: 9 | R210: C | T210: 2025-2 | U210: RCU Nº 249-2019-UAI-CU/P | V210: 202011 | W210: PRINCIPAL | X210: FICA | Y210: IS | Z210: =+Q210+1 -> 10 | AA210: C
B211: 2025-1 | C211: RCU N° 193-2020-UAI-CU/P-V | D211: 202011 | E211: PRINCIPAL | F211: I | G211: IN | H211: 6 | I211: A | K211: 2025-2 | L211: RCU Nº 249-2019-UAI-CU/P | M211: 202011 | N211: PRINCIPAL | O211: FICA | P211: IS | Q211: 10 | R211: A | T211: 2025-2 | U211: RCU Nº 249-2019-UAI-CU/P | V211: 202011 | W211: PRINCIPAL | X211: FICA | Y211: IS
B212: 2025-1 | C212: RCU N° 193-2020-UAI-CU/P-V | D212: 202011 | E212: PRINCIPAL | F212: I | G212: IN | H212: 6 | I212: B | K212: 2025-2 | L212: RCU Nº 069-2025-UAI-CU/P | M212: 20251 | N212: FILIAL | O212: FCS | P212: MH | Q212: 2 | R212: A | T212: 2025-2 | U212: RCU Nº 069-2025-UAI-CU/P | V212: 20251 | W212: FILIAL | X212: FCS | Y212: MH | Z212: =+Q212+1 -> 3 | AA212: A
B213: 2025-1 | C213: RCU N° 193-2020-UAI-CU/P-V | D213: 202011 | E213: PRINCIPAL | F213: I | G213: IN | H213: 7 | I213: A | K213: 2025-2 | L213: RCU Nº 069-2025-UAI-CU/P | M213: 20251 | N213: FILIAL | O213: FCS | P213: MH | Q213: 2 | R213: B | T213: 2025-2 | U213: RCU Nº 069-2025-UAI-CU/P | V213: 20251 | W213: FILIAL | X213: FCS | Y213: MH | Z213: =+Q213+1 -> 3 | AA213: B
B214: 2025-1 | C214: RCU N° 193-2020-UAI-CU/P-V | D214: 202011 | E214: PRINCIPAL | F214: I | G214: IN | H214: 7 | I214: B | K214: 2025-2 | L214: RCU Nº 069-2025-UAI-CU/P | M214: 20251 | N214: FILIAL | O214: FCS | P214: MH | Q214: 3 | R214: A | T214: 2025-2 | U214: RCU Nº 069-2025-UAI-CU/P | V214: 20251 | W214: FILIAL | X214: FCS | Y214: MH | Z214: =+Q214+1 -> 4 | AA214: A
B215: 2025-1 | C215: RCU N° 193-2020-UAI-CU/P-V | D215: 202011 | E215: PRINCIPAL | F215: I | G215: IN | H215: 7 | I215: C | K215: 2025-2 | L215: RCU Nº 069-2025-UAI-CU/P | M215: 20251 | N215: FILIAL | O215: FCS | P215: MH | Q215: 3 | R215: B | T215: 2025-2 | U215: RCU Nº 069-2025-UAI-CU/P | V215: 20251 | W215: FILIAL | X215: FCS | Y215: MH | Z215: =+Q215+1 -> 4 | AA215: B
B216: 2025-1 | C216: RCU N° 193-2020-UAI-CU/P-V | D216: 202011 | E216: PRINCIPAL | F216: I | G216: IN | H216: 7 | I216: D | K216: 2025-2 | L216: RCU Nº 069-2025-UAI-CU/P | M216: 20251 | N216: FILIAL | O216: FCS | P216: MH | Q216: 3 | R216: C | T216: 2025-2 | U216: RCU Nº 069-2025-UAI-CU/P | V216: 20251 | W216: FILIAL | X216: FCS | Y216: MH | Z216: =+Q216+1 -> 4 | AA216: C
...

Sheet EDITABLE
L2: SEDE | AC2: FILIAL | AT2: SUNAMPE | BK2: HUAURA | CB2: HORAS POR CARRERA | CR2: HORAS POR CARRERA EEGG | EF2: EEGG
B3: N° | C3: DOCENTES UAI | D3: DNI | E3: HORAS | F3: DEDICACIÓN | G3: CONDICIÓN | H3: LOCAL 2025-2 | I3: PROGRAMA ACADÉMICO 2025-2 | J3: LOCAL 2026-1 | K3: PROGRAMA ACADÉMICO 2026-1 | L3: ADM | M3: ENF | N3: ING SIS | O3: PS | P3: IND AL | Q3: IND | R3: CONT | S3: DE | T3: OBS | U3: MEDICINA | V3: ING CIVIL | W3: ARQUI | X3: LAB. CLIN | Y3: TERAPIA FIS. | Z3: TERAPIA LEN. | AA3: ADM. EMP | AB3: OPTOM. | AC3: ADM | AD3: ENF | AE3: ING SIS | AF3: PS | AG3: IND AL | AH3: IND | AI3: CONT | AJ3: DE | AK3: OBS | AL3: MEDICINA | AM3: ING CIVIL | AN3: ARQUI | AO3: LAB. CLIN | AP3: TERAPIA FIS. | AQ3: TERAPIA LEN. | AR3: ADM. EMP | AS3: OPTOM. | AT3: ADM | AU3: ENF | AV3: ING SIS | AW3: PS | AX3: IND AL | AY3: IND | AZ3: CONT | BA3: DE | BB3: OBS | BC3: MEDICINA | BD3: ING CIVIL | BE3: ARQUI | BF3: LAB. CLIN | BG3: TERAPIA FIS. | BH3: TERAPIA LEN. | BI3: ADM. EMP | BJ3: OPTOM. | BK3: ADM | BL3: ENF | BM3: ING SIS | BN3: PS | BO3: IND AL | BP3: IND | BQ3: CONT | BR3: DE | BS3: OBS | BT3: MEDICINA | BU3: ING CIVIL | BV3: ARQUI | BW3: LAB. CLIN | BX3: TERAPIA FIS. | BY3: TERAPIA LEN. | BZ3: ADM. EMP | CA3: OPTOM. | CB3: ADMINISTRACIÓN Y FINANZAS | CC3: ENFERMERÍA | CD3: INGENIERÍA DE SISTEMAS | CE3: PSICOLOGÍA | CF3: INGENIERÍA INDUSTRIAL | CG3: CONTABILIDAD | CH3: DERECHO | CI3: OBSTETRICIA | CJ3: MEDICINA HUMANA | CK3: INGENIERÍA CIVIL | CL3: ARQUITECTURA | CM3: ADMINISTRACIÓN DE EMPRESAS | CN3: TECNOLOGÍA MEDICA EN LABORATORIO CLÍNICO Y ANATOMÍA PATOLÓGICA | CO3: TECNOLOGÍA MEDICA EN TERAPIA FÍSICA Y REHABILITACIÓN | CP3: TECNOLOGÍA MEDICA EN TERAPIA DE LENGUAJE | CQ3: TECNOLOGÍA MEDICA EN OPTOMETRÍA | CR3: ADMINISTRACIÓN Y FINANZAS - EEGG | CS3: ENFERMERÍA - EEGG | CT3: INGENIERÍA DE SISTEMAS - EEGG | CU3: PSICOLOGÍA - EEGG | CV3: INGENIERÍA INDUSTRIAL - EEGG | CW3: CONTABILIDAD - EEGG | CX3: DERECHO - EEGG | CY3: OBSTETRICIA - EEGG | CZ3: MEDICINA HUMANA - EEGG | DA3: INGENIERÍA CIVIL - EEGG | DB3: ARQUITECTURA - EEGG | DC3: ADMINISTRACIÓN DE EMPRESAS - EEGG | DD3: TECNOLOGÍA MEDICA EN LABORATORIO CLÍNICO Y ANATOMÍA PATOLÓGICA - EEGG | DE3: TECNOLOGÍA MEDICA EN TERAPIA FÍSICA Y REHABILITACIÓN - EEGG | DF3: TECNOLOGÍA MEDICA EN TERAPIA DE LENGUAJE - EEGG | DG3: TECNOLOGÍA MEDICA EN OPTOMETRÍA - EEGG | DH3: SEDE | DI3: HORAS VIRTUAL | DJ3: HORAS PRESENCIAL | DK3: HORAS HIBRIDAS | DL3: FILIAL | DM3: HORAS VIRTUAL | DN3: HORAS PRESENCIAL | DO3: HORAS HIBRIDAS | DP3: SUNAMPE | DQ3: HORAS VIRTUAL | DR3: HORAS PRESENCIAL | DS3: HUAURA | DT3: HORAS VIRTUAL | DU3: HORAS PRESENCIAL | DV3: SEDE-VIRTUAL | DW3: SEDE-PRESENCIAL | DX3: SUNAMPE-VIRTUAL | DY3: SUNAMPE-PRESENCIAL | DZ3: FILIAL-VIRTUAL | EA3: FILIAL-PRESENCIAL | EB3: PORUMA-VIRTUAL | EC3: PORUMA-PRESENCIAL | ED3: HUAURA-VIRTUAL | EE3: HUAURA-PRESENCIAL | EF3: SEDE-VIRTUAL | EG3: SEDE-PRESENCIAL | EH3: SUNAMPE-VIRTUAL | EI3: SUNAMPE-PRESENCIAL | EJ3: FILIAL-VIRTUAL | EK3: FILIAL-PRESENCIAL | EL3: PORUMA-VIRTUAL | EM3: PORUMA-PRESENCIAL | EN3: HUAURA-VIRTUAL | EO3: HUAURA-PRESENCIAL | EP3: FILIAL | EQ3: HUAURA | ER3: PORUMA | ES3: SEDE | ET3: SUNAMPE | EX3: VIRTUAL | EY3: PRESENCIAL
B4: 1 | C4: ACHARTE CHAMPI WALTER JESUS | D4: 45549528 | E4: =SUMIF('Planificación 2026-1'!X:X,C4,'Planificación 2026-1'!S:S) -> 40 | F4: TC | G4: RENOVACIÓN | H4: SEDE | I4: ENFERMERÍA | J4: SEDE | K4: ENFERMERÍA | L4: =IF(SUM(COUNTIFS('Planificación 2026-1'!F:F,"PRINCIPAL",'Planificación 2026-1'!X:X,C4,'Planificación 2026-1'!H:H,"AF"))>0,"P01"," ") | M4: =IF(SUM(COUNTIFS('Planificación 2026-1'!F:F,"PRINCIPAL",'Planificación 2026-1'!X:X,C4,'Planificación 2026-1'!H:H,"EN"))>0,"P02"," ") -> P02 | N4: =IF(SUM(COUNTIFS('Planificación 2026-1'!F:F,"PRINCIPAL",'Planificación 2026-1'!X:X,C4,'Planificación 2026-1'!H:H,"IS"))>0,"P03"," ") | O4: =IF(SUM(COUNTIFS('Planificación 2026-1'!F:F,"PRINCIPAL",'Planificación 2026-1'!X:X,C4,'Planificación 2026-1'!H:H,"PS"))>0,"P04"," ") | Q4: =IF(SUM(COUNTIFS('Planificación 2026-1'!F:F,"PRINCIPAL",'Planificación 2026-1'!X:X,C4,'Planificación 2026-1'!H:H,"IN"))>0,"P06"," ") | R4: =IF(SUM(COUNTIFS('Planificación 2026-1'!F:F,"PRINCIPAL",'Planificación 2026-1'!X:X,C4,'Planificación 2026-1'!H:H,"CA"))>0,"P07"," ") | S4: =IF(SUM(COUNTIFS('Planificación 2026-1'!F:F,"PRINCIPAL",'Planificación 2026-1'!X:X,C4,'Planificación 2026-1'!H:H,"DE"))>0,"P08"," ") | T4: =IF(SUM(COUNTIFS('Planificación 2026-1'!F:F,"PRINCIPAL",'Planificación 2026-1'!X:X,C4,'Planificación 2026-1'!H:H,"OB"))>0,"P09"," ") | U4: =IF(SUM(COUNTIFS('Planificación 2026-1'!F:F,"PRINCIPAL",'Planificación 2026-1'!X:X,C4,'Planificación 2026-1'!H:H,"MH"))>0,"P31"," ") | V4: =IF(SUM(COUNTIFS('Planificación 2026-1'!F:F,"PRINCIPAL",'Planificación 2026-1'!X:X,C4,'Planificación 2026-1'!H:H,"IC"))>0,"P32"," ") | W4: =IF(SUM(COUNTIFS('Planificación 2026-1'!F:F,"PRINCIPAL",'Planificación 2026-1'!X:X,C4,'Planificación 2026-1'!H:H,"AR"))>0,"P34"," ") | X4: =IF(SUM(COUNTIFS('Planificación 2026-1'!F:F,"PRINCIPAL",'Planificación 2026-1'!X:X,C4,'Planificación 2026-1'!H:H,"T1"))>0,"P35"," ") | Y4: =IF(SUM(COUNTIFS('Planificación 2026-1'!F:F,"PRINCIPAL",'Planificación 2026-1'!X:X,C4,'Planificación 2026-1'!H:H,"T3"))>0,"P36"," ") | Z4: =IF(SUM(COUNTIFS('Planificación 2026-1'!F:F,"PRINCIPAL",'Planificación 2026-1'!X:X,C4,'Planificación 2026-1'!H:H,"T2"))>0,"P37"," ") | AA4: =IF(SUM(COUNTIFS('Planificación 2026-1'!F:F,"PRINCIPAL",'Planificación 2026-1'!X:X,C4,'Planificación 2026-1'!H:H,"AE"))>0,"P38"," ") | AB4: =IF(SUM(COUNTIFS('Planificación 2026-1'!F:F,"PRINCIPAL",'Planificación 2026-1'!X:X,C4,'Planificación 2026-1'!H:H,"T4"))>0,"P55"," ") | AC4: =IF(SUM(COUNTIFS('Planificación 2026-1'!F:F,"FILIAL",'Planificación 2026-1'!X:X,C4,'Planificación 2026-1'!H:H,"AF"))>0," P01"," ") | AD4: =IF(SUM(COUNTIFS('Planificación 2026-1'!F:F,"FILIAL",'Planificación 2026-1'!X:X,C4,'Planificación 2026-1'!H:H,"EN"))>0,"P02"," ") -> P02 | AE4: =IF(SUM(COUNTIFS('Planificación 2026-1'!F:F,"FILIAL",'Planificación 2026-1'!X:X,C4,'Planificación 2026-1'!H:H,"IS"))>0,"P03"," ") | AF4: =IF(SUM(COUNTIFS('Planificación 2026-1'!F:F,"FILIAL",'Planificación 2026-1'!X:X,C4,'Planificación 2026-1'!H:H,"PS"))>0,"P04"," ") | AH4: =IF(SUM(COUNTIFS('Planificación 2026-1'!F:F,"FILIAL",'Planificación 2026-1'!X:X,C4,'Planificación 2026-1'!H:H,"IN"))>0,"P06"," ") | AI4: =IF(SUM(COUNTIFS('Planificación 2026-1'!F:F,"FILIAL",'Planificación 2026-1'!X:X,C4,'Planificación 2026-1'!H:H,"CA"))>0,"P07"," ") | AJ4: =IF(SUM(COUNTIFS('Planificación 2026-1'!F:F,"FILIAL",'Planificación 2026-1'!X:X,C4,'Planificación 2026-1'!H:H,"DE"))>0,"P08"," ") | AK4: =IF(SUM(COUNTIFS('Planificación 2026-1'!F:F,"FILIAL",'Planificación 2026-1'!X:X,C4,'Planificación 2026-1'!H:H,"OB"))>0,"P09"," ") | AL4: =IF(SUM(COUNTIFS('Planificación 2026-1'!F:F,"FILIAL",'Planificación 2026-1'!X:X,C4,'Planificación 2026-1'!H:H,"MH"))>0,"P31"," ") | AM4: =IF(SUM(COUNTIFS('Planificación 2026-1'!F:F,"FILIAL",'Planificación 2026-1'!X:X,C4,'Planificación 2026-1'!H:H,"IC"))>0,"P32"," ") | AN4: =IF(SUM(COUNTIFS('Planificación 2026-1'!F:F,"FILIAL",'Planificación 2026-1'!X:X,C4,'Planificación 2026-1'!H:H,"AR"))>0,"P34"," ") | AO4: =IF(SUM(COUNTIFS('Planificación 2026-1'!F:F,"FILIAL",'Planificación 2026-1'!X:X,C4,'Planificación 2026-1'!H:H,"T1"))>0,"P35"," ") | AP4: =IF(SUM(COUNTIFS('Planificación 2026-1'!F:F,"FILIAL",'Planificación 2026-1'!X:X,C4,'Planificación 2026-1'!H:H,"T3"))>0,"P36"," ") | AQ4: =IF(SUM(COUNTIFS('Planificación 2026-1'!F:F,"FILIAL",'Planificación 2026-1'!X:X,C4,'Planificación 2026-1'!H:H,"T2"))>0,"P37"," ") | AR4: =IF(SUM(COUNTIFS('Planificación 2026-1'!F:F,"FILIAL",'Planificación 2026-1'!X:X,C4,'Planificación 2026-1'!H:H,"AE"))>0,"P38"," ") | AS4: =IF(SUM(COUNTIFS('Planificación 2026-1'!F:F,"FILIAL",'Planificación 2026-1'!X:X,C4,'Planificación 2026-1'!H:H,"T4"))>0,"P55"," ") | AT4: =IF(SUM(COUNTIFS('Planificación 2026-1'!F:F,"SUNAMPE",'Planificación 2026-1'!X:X,C4,'Planificación 2026-1'!H:H,"AF"))>0," P01"," ") | AU4: =IF(SUM(COUNTIFS('Planificación 2026-1'!F:F,"SUNAMPE",'Planificación 2026-1'!X:X,C4,'Planificación 2026-1'!H:H,"EN"))>0,"P02"," ") | AV4: =IF(SUM(COUNTIFS('Planificación 2026-1'!F:F,"SUNAMPE",'Planificación 2026-1'!X:X,C4,'Planificación 2026-1'!H:H,"IS"))>0,"P03"," ") | AW4: =IF(SUM(COUNTIFS('Planificación 2026-1'!F:F,"SUNAMPE",'Planificación 2026-1'!X:X,C4,'Planificación 2026-1'!H:H,"PS"))>0,"P04"," ") | AY4: =IF(SUM(COUNTIFS('Planificación 2026-1'!F:F,"SUNAMPE",'Planificación 2026-1'!X:X,C4,'Planificación 2026-1'!H:H,"IN"))>0,"P06"," ") | AZ4: =IF(SUM(COUNTIFS('Planificación 2026-1'!F:F,"SUNAMPE",'Planificación 2026-1'!X:X,C4,'Planificación 2026-1'!H:H,"CA"))>0,"P07"," ") | BA4: =IF(SUM(COUNTIFS('Planificación 2026-1'!F:F,"SUNAMPE",'Planificación 2026-1'!X:X,C4,'Planificación 2026-1'!H:H,"DE"))>0,"P08"," ") | BB4: =IF(SUM(COUNTIFS('Planificación 2026-1'!F:F,"SUNAMPE",'Planificación 2026-1'!X:X,C4,'Planificación 2026-1'!H:H,"OB"))>0,"P09"," ") | BC4: =IF(SUM(COUNTIFS('Planificación 2026-1'!F:F,"SUNAMPE",'Planificación 2026-1'!X:X,C4,'Planificación 2026-1'!H:H,"MH"))>0,"P31"," ") | BD4: =IF(SUM(COUNTIFS('Planificación 2026-1'!F:F,"SUNAMPE",'Planificación 2026-1'!X:X,C4,'Planificación 2026-1'!H:H,"IC"))>0,"P32"," ") | BE4: =IF(SUM(COUNTIFS('Planificación 2026-1'!F:F,"SUNAMPE",'Planificación 2026-1'!X:X,C4,'Planificación 2026-1'!H:H,"AR"))>0,"P34"," ") | BF4: =IF(SUM(COUNTIFS('Planificación 2026-1'!F:F,"SUNAMPE",'Planificación 2026-1'!X:X,C4,'Planificación 2026-1'!H:H,"T1"))>0,"P35"," ") | BG4: =IF(SUM(COUNTIFS('Planificación 2026-1'!F:F,"SUNAMPE",'Planificación 2026-1'!X:X,C4,'Planificación 2026-1'!H:H,"T3"))>0,"P36"," ") | BH4: =IF(SUM(COUNTIFS('Planificación 2026-1'!F:F,"SUNAMPE",'Planificación 2026-1'!X:X,C4,'Planificación 2026-1'!H:H,"T2"))>0,"P37"," ") | BI4: =IF(SUM(COUNTIFS('Planificación 2026-1'!F:F,"SUNAMPE",'Planificación 2026-1'!X:X,C4,'Planificación 2026-1'!H:H,"AE"))>0,"P38"," ") | BJ4: =IF(SUM(COUNTIFS('Planificación 2026-1'!F:F,"SUNAMPE",'Planificación 2026-1'!X:X,C4,'Planificación 2026-1'!H:H,"T4"))>0,"P55"," ") | BK4: =IF(SUM(COUNTIFS('Planificación 2026-1'!F:F,"HUAURA",'Planificación 2026-1'!X:X,C4,'Planificación 2026-1'!H:H,"AF"))>0," P01"," ") | BL4: =IF(SUM(COUNTIFS('Planificación 2026-1'!F:F,"HUAURA",'Planificación 2026-1'!X:X,C4,'Planificación 2026-1'!H:H,"EN"))>0,"P02"," ") | BM4: =IF(SUM(COUNTIFS('Planificación 2026-1'!F:F,"HUAURA",'Planificación 2026-1'!X:X,C4,'Planificación 2026-1'!H:H,"IS"))>0,"P03"," ") | BN4: =IF(SUM(COUNTIFS('Planificación 2026-1'!F:F,"HUAURA",'Planificación 2026-1'!X:X,C4,'Planificación 2026-1'!H:H,"PS"))>0,"P04"," ") | BP4: =IF(SUM(COUNTIFS('Planificación 2026-1'!F:F,"HUAURA",'Planificación 2026-1'!X:X,C4,'Planificación 2026-1'!H:H,"IN"))>0,"P06"," ") | BQ4: =IF(SUM(COUNTIFS('Planificación 2026-1'!F:F,"HUAURA",'Planificación 2026-1'!X:X,C4,'Planificación 2026-1'!H:H,"CA"))>0,"P07"," ") | BR4: =IF(SUM(COUNTIFS('Planificación 2026-1'!F:F,"HUAURA",'Planificación 2026-1'!X:X,C4,'Planificación 2026-1'!H:H,"DE"))>0,"P08"," ") | BS4: =IF(SUM(COUNTIFS('Planificación 2026-1'!F:F,"HUAURA",'Planificación 2026-1'!X:X,C4,'Planificación 2026-1'!H:H,"OB"))>0,"P09"," ") | BT4: =IF(SUM(COUNTIFS('Planificación 2026-1'!F:F,"HUAURA",'Planificación 2026-1'!X:X,C4,'Planificación 2026-1'!H:H,"MH"))>0,"P31"," ") | BU4: =IF(SUM(COUNTIFS('Planificación 2026-1'!F:F,"HUAURA",'Planificación 2026-1'!X:X,C4,'Planificación 2026-1'!H:H,"IC"))>0,"P32"," ") | BV4: =IF(SUM(COUNTIFS('Planificación 2026-1'!F:F,"HUAURA",'Planificación 2026-1'!X:X,C4,'Planificación 2026-1'!H:H,"AR"))>0,"P34"," ") | BW4: =IF(SUM(COUNTIFS('Planificación 2026-1'!F:F,"HUAURA",'Planificación 2026-1'!X:X,C4,'Planificación 2026-1'!H:H,"T1"))>0,"P35"," ") | BX4: =IF(SUM(COUNTIFS('Planificación 2026-1'!F:F,"HUAURA",'Planificación 2026-1'!X:X,C4,'Planificación 2026-1'!H:H,"T3"))>0,"P36"," ") | BY4: =IF(SUM(COUNTIFS('Planificación 2026-1'!F:F,"HUAURA",'Planificación 2026-1'!X:X,C4,'Planificación 2026-1'!H:H,"T2"))>0,"P37"," ") | BZ4: =IF(SUM(COUNTIFS('Planificación 2026-1'!F:F,"HUAURA",'Planificación 2026-1'!X:X,C4,'Planificación 2026-1'!H:H,"AE"))>0,"P38"," ") | CA4: =IF(SUM(COUNTIFS('Planificación 2026-1'!F:F,"HUAURA",'Planificación 2026-1'!X:X,C4,'Planificación 2026-1'!H:H,"T4"))>0,"P55"," ") | CB4: =SUMIFS('Planificación 2026-1'!S:S,'Planificación 2026-1'!X:X,C4,'Planificación 2026-1'!H:H,"AF",'Planificación 2026-1'!I:I,">2") -> 0 | CC4: =SUMIFS('Planificación 2026-1'!S:S,'Planificación 2026-1'!X:X,C4,'Planificación 2026-1'!H:H,"EN",'Planificación 2026-1'!I:I,">2") -> 40 | CD4: =SUMIFS('Planificación 2026-1'!S:S,'Planificación 2026-1'!X:X,C4,'Planificación 2026-1'!H:H,"IS",'Planificación 2026-1'!I:I,">2") -> 0 | CE4: =SUMIFS('Planificación 2026-1'!S:S,'Planificación 2026-1'!X:X,C4,'Planificación 2026-1'!H:H,"PS",'Planificación 2026-1'!I:I,">2") -> 0 | CF4: =SUMIFS('Planificación 2026-1'!S:S,'Planificación 2026-1'!X:X,C4,'Planificación 2026-1'!H:H,"IN",'Planificación 2026-1'!I:I,">2") -> 0 | CG4: =SUMIFS('Planificación 2026-1'!S:S,'Planificación 2026-1'!X:X,C4,'Planificación 2026-1'!H:H,"CA",'Planificación 2026-1'!I:I,">2") -> 0 | CH4: =SUMIFS('Planificación 2026-1'!S:S,'Planificación 2026-1'!X:X,C4,'Planificación 2026-1'!H:H,"DE",'Planificación 2026-1'!I:I,">2") -> 0 | CI4: =SUMIFS('Planificación 2026-1'!S:S,'Planificación 2026-1'!X:X,C4,'Planificación 2026-1'!H:H,"OB",'Planificación 2026-1'!I:I,">2") -> 0 | CJ4: =SUMIFS('Planificación 2026-1'!S:S,'Planificación 2026-1'!X:X,C4,'Planificación 2026-1'!H:H,"MH",'Planificación 2026-1'!I:I,">2") -> 0 | CK4: =SUMIFS('Planificación 2026-1'!S:S,'Planificación 2026-1'!X:X,C4,'Planificación 2026-1'!H:H,"IC",'Planificación 2026-1'!I:I,">2") -> 0 | CL4: =SUMIFS('Planificación 2026-1'!S:S,'Planificación 2026-1'!X:X,C4,'Planificación 2026-1'!H:H,"AR",'Planificación 2026-1'!I:I,">2") -> 0 | CM4: =SUMIFS('Planificación 2026-1'!S:S,'Planificación 2026-1'!X:X,C4,'Planificación 2026-1'!H:H,"AE",'Planificación 2026-1'!I:I,">2") -> 0 | CN4: =SUMIFS('Planificación 2026-1'!S:S,'Planificación 2026-1'!X:X,C4,'Planificación 2026-1'!H:H,"T1",'Planificación 2026-1'!I:I,">2") -> 0 | CO4: =SUMIFS('Planificación 2026-1'!S:S,'Planificación 2026-1'!X:X,C4,'Planificación 2026-1'!H:H,"T3",'Planificación 2026-1'!I:I,">2") -> 0 | CP4: =SUMIFS('Planificación 2026-1'!S:S,'Planificación 2026-1'!X:X,C4,'Planificación 2026-1'!H:H,"T2",'Planificación 2026-1'!I:I,">2") -> 0 | CQ4: =SUMIFS('Planificación 2026-1'!S:S,'Planificación 2026-1'!X:X,C4,'Planificación 2026-1'!H:H,"T4",'Planificación 2026-1'!I:I,">2") -> 0 | CR4: =SUMIFS('Planificación 2026-1'!S:S,'Planificación 2026-1'!X:X,C4,'Planificación 2026-1'!H:H,"AF",'Planificación 2026-1'!I:I,"<3") -> 0 | CS4: =SUMIFS('Planificación 2026-1'!S:S,'Planificación 2026-1'!X:X,C4,'Planificación 2026-1'!H:H,"EN",'Planificación 2026-1'!I:I,"<3") -> 0 | CT4: =SUMIFS('Planificación 2026-1'!S:S,'Planificación 2026-1'!X:X,C4,'Planificación 2026-1'!H:H,"IS",'Planificación 2026-1'!I:I,"<3") -> 0 | CU4: =SUMIFS('Planificación 2026-1'!S:S,'Planificación 2026-1'!X:X,C4,'Planificación 2026-1'!H:H,"PS",'Planificación 2026-1'!I:I,"<3") -> 0 | CV4: =SUMIFS('Planificación 2026-1'!S:S,'Planificación 2026-1'!X:X,C4,'Planificación 2026-1'!H:H,"IN",'Planificación 2026-1'!I:I,"<3") -> 0 | CW4: =SUMIFS('Planificación 2026-1'!S:S,'Planificación 2026-1'!X:X,C4,'Planificación 2026-1'!H:H,"CA",'Planificación 2026-1'!I:I,"<3") -> 0 | CX4: =SUMIFS('Planificación 2026-1'!S:S,'Planificación 2026-1'!X:X,C4,'Planificación 2026-1'!H:H,"DE",'Planificación 2026-1'!I:I,"<3") -> 0 | CY4: =SUMIFS('Planificación 2026-1'!S:S,'Planificación 2026-1'!X:X,C4,'Planificación 2026-1'!H:H,"OB",'Planificación 2026-1'!I:I,"<3") -> 0 | CZ4: =SUMIFS('Planificación 2026-1'!S:S,'Planificación 2026-1'!X:X,C4,'Planificación 2026-1'!H:H,"MH",'Planificación 2026-1'!I:I,"<3") -> 0 | DA4: =SUMIFS('Planificación 2026-1'!S:S,'Planificación 2026-1'!X:X,C4,'Planificación 2026-1'!H:H,"IC",'Planificación 2026-1'!I:I,"<3") -> 0 | DB4: =SUMIFS('Planificación 2026-1'!S:S,'Planificación 2026-1'!X:X,C4,'Planificación 2026-1'!H:H,"AR",'Planificación 2026-1'!I:I,"<3") -> 0 | DC4: =SUMIFS('Planificación 2026-1'!S:S,'Planificación 2026-1'!X:X,C4,'Planificación 2026-1'!H:H,"AE",'Planificación 2026-1'!I:I,"<3") -> 0 | DD4: =SUMIFS('Planificación 2026-1'!S:S,'Planificación 2026-1'!X:X,C4,'Planificación 2026-1'!H:H,"T1",'Planificación 2026-1'!I:I,"<3") -> 0 | DE4: =SUMIFS('Planificación 2026-1'!S:S,'Planificación 2026-1'!X:X,C4,'Planificación 2026-1'!H:H,"T3",'Planificación 2026-1'!I:I,"<3") -> 0 | DF4: =SUMIFS('Planificación 2026-1'!S:S,'Planificación 2026-1'!X:X,C4,'Planificación 2026-1'!H:H,"T2",'Planificación 2026-1'!I:I,"<3") -> 0 | DG4: =SUMIFS('Planificación 2026-1'!S:S,'Planificación 2026-1'!X:X,C4,'Planificación 2026-1'!H:H,"T4",'Planificación 2026-1'!I:I,"<3") -> 0 | DH4: =TRIM(CONCATENATE(L4,M4,N4,O4,P4,Q4,R4,S4,T4,U4,V4,W4,X4,Y4,Z4,AA4,AB4)) -> P02 | DI4: =IF(C4="","",SUMIFS('Planificación 2026-1'!S:S,'Planificación 2026-1'!X:X,C4,'Planificación 2026-1'!F:F,"PRINCIPAL",'Planificación 2026-1'!Y:Y,"VIRTUAL")) -> 32 | DJ4: =IF(C4="","",SUMIFS('Planificación 2026-1'!S:S,'Planificación 2026-1'!X:X,C4,'Planificación 2026-1'!F:F,"PRINCIPAL",'Planificación 2026-1'!Y:Y,"PRESENCIAL")) -> 0 | DK4: =IF(C4="","",SUMIFS('Planificación 2026-1'!S:S,'Planificación 2026-1'!X:X,C4,'Planificación 2026-1'!F:F,"PRINCIPAL",'Planificación 2026-1'!Y:Y,"HIBRIDO PRESENCIAL")) -> 0 | DL4: =TRIM(CONCATENATE(AC4,AD4,AE4,AF4,AG4,AH4,AI4,AJ4,AK4,AL4,AM4,AN4,AO4,AP4,AQ4,AR4,AS4)) -> P02 | DM4: =IF(C4="","",SUMIFS('Planificación 2026-1'!S:S,'Planificación 2026-1'!X:X,C4,'Planificación 2026-1'!F:F,"FILIAL",'Planificación 2026-1'!Y:Y,"VIRTUAL")) -> 8 | DN4: =IF(C4="","",SUMIFS('Planificación 2026-1'!S:S,'Planificación 2026-1'!X:X,C4,'Planificación 2026-1'!F:F,"FILIAL",'Planificación 2026-1'!Y:Y,"PRESENCIAL")) -> 0 | DO4: =IF(C4="","",SUMIFS('Planificación 2026-1'!S:S,'Planificación 2026-1'!X:X,C4,'Planificación 2026-1'!F:F,"FILIAL",'Planificación 2026-1'!Y:Y,"HIBRIDO PRESENCIAL")) -> 0 | DP4: =TRIM(CONCATENATE(AT4,AU4,AV4,AW4,AX4,AY4,AZ4,BA4,BB4,BC4,BD4,BE4,BF4,BG4,BH4,BI4,BJ4)) | DQ4: =IF(C4="","",SUMIFS('Planificación 2026-1'!S:S,'Planificación 2026-1'!X:X,C4,'Planificación 2026-1'!F:F,"SUNAMPE",'Planificación 2026-1'!Y:Y,"VIRTUAL")) -> 0 | DR4: =IF(C4="","",SUMIFS('Planificación 2026-1'!S:S,'Planificación 2026-1'!X:X,C4,'Planificación 2026-1'!F:F,"SUNAMPE",'Planificación 2026-1'!Y:Y,"PRESENCIAL")) -> 0 | DS4: =TRIM(CONCATENATE(BK4,BL4,BM4,BN4,BO4,BP4,BQ4,BR4,BS4,BT4,BU4,BV4,BW4,BX4,BY4,BZ4,CA4)) | DT4: =IF(C4="","",SUMIFS('Planificación 2026-1'!S:S,'Planificación 2026-1'!X:X,C4,'Planificación 2026-1'!F:F,"HUAURA",'Planificación 2026-1'!Y:Y,"VIRTUAL")) -> 0 | DU4: =IF(C4="","",SUMIFS('Planificación 2026-1'!S:S,'Planificación 2026-1'!X:X,C4,'Planificación 2026-1'!F:F,"HUAURA",'Planificación 2026-1'!Y:Y,"PRESENCIAL")) -> 0 | DV4: =SUMIFS('Planificación 2026-1'!S:S,'Planificación 2026-1'!X:X,C4,'Planificación 2026-1'!F:F,"PRINCIPAL",'Planificación 2026-1'!Y:Y,"VIRTUAL",'Planificación 2026-1'!I:I,">2") -> 32 | DW4: =SUMIFS('Planificación 2026-1'!S:S,'Planificación 2026-1'!X:X,C4,'Planificación 2026-1'!F:F,"PRINCIPAL",'Planificación 2026-1'!Y:Y,"<>VIRTUAL",'Planificación 2026-1'!I:I,">2") -> 0 | DX4: =SUMIFS('Planificación 2026-1'!S:S,'Planificación 2026-1'!X:X,C4,'Planificación 2026-1'!F:F,"SUNAMPE",'Planificación 2026-1'!Y:Y,"VIRTUAL",'Planificación 2026-1'!I:I,">2") -> 0 | DY4: =SUMIFS('Planificación 2026-1'!S:S,'Planificación 2026-1'!X:X,C4,'Planificación 2026-1'!F:F,"SUNAMPE",'Planificación 2026-1'!Y:Y,"<>VIRTUAL",'Planificación 2026-1'!I:I,">2") -> 0 | DZ4: =SUMIFS('Planificación 2026-1'!S:S,'Planificación 2026-1'!X:X,C4,'Planificación 2026-1'!F:F,"FILIAL",'Planificación 2026-1'!Y:Y,"VIRTUAL",'Planificación 2026-1'!I:I,">2") -> 8 | EA4: =SUMIFS('Planificación 2026-1'!S:S,'Planificación 2026-1'!X:X,C4,'Planificación 2026-1'!F:F,"FILIAL",'Planificación 2026-1'!Y:Y,"<>VIRTUAL",'Planificación 2026-1'!I:I,">2") -> 0 | EB4: =SUMIFS('Planificación 2026-1'!S:S,'Planificación 2026-1'!X:X,C4,'Planificación 2026-1'!F:F,"PORUMA",'Planificación 2026-1'!Y:Y,"VIRTUAL",'Planificación 2026-1'!I:I,">2") -> 0 | EC4: =SUMIFS('Planificación 2026-1'!S:S,'Planificación 2026-1'!X:X,C4,'Planificación 2026-1'!F:F,"PORUMA",'Planificación 2026-1'!Y:Y,"<>VIRTUAL",'Planificación 2026-1'!I:I,">2") -> 0 | ED4: =SUMIFS('Planificación 2026-1'!S:S,'Planificación 2026-1'!X:X,C4,'Planificación 2026-1'!F:F,"HUAURA",'Planificación 2026-1'!Y:Y,"VIRTUAL",'Planificación 2026-1'!I:I,">2") -> 0 | EE4: =SUMIFS('Planificación 2026-1'!S:S,'Planificación 2026-1'!X:X,C4,'Planificación 2026-1'!F:F,"HUAURA",'Planificación 2026-1'!Y:Y,"<>VIRTUAL",'Planificación 2026-1'!I:I,">2") -> 0 | EF4: =SUMIFS('Planificación 2026-1'!S:S,'Planificación 2026-1'!X:X,C4,'Planificación 2026-1'!F:F,"PRINCIPAL",'Planificación 2026-1'!Y:Y,"VIRTUAL",'Planificación 2026-1'!I:I,"<3") -> 0 | EG4: =SUMIFS('Planificación 2026-1'!S:S,'Planificación 2026-1'!X:X,C4,'Planificación 2026-1'!F:F,"PRINCIPAL",'Planificación 2026-1'!Y:Y,"<>VIRTUAL",'Planificación 2026-1'!I:I,"<3") -> 0 | EH4: =SUMIFS('Planificación 2026-1'!S:S,'Planificación 2026-1'!X:X,C4,'Planificación 2026-1'!F:F,"SUNAMPE",'Planificación 2026-1'!Y:Y,"VIRTUAL",'Planificación 2026-1'!I:I,"<3") -> 0 | EI4: =SUMIFS('Planificación 2026-1'!S:S,'Planificación 2026-1'!X:X,C4,'Planificación 2026-1'!F:F,"SUNAMPE",'Planificación 2026-1'!Y:Y,"<>VIRTUAL",'Planificación 2026-1'!I:I,"<3") -> 0 | EJ4: =SUMIFS('Planificación 2026-1'!S:S,'Planificación 2026-1'!X:X,C4,'Planificación 2026-1'!F:F,"FILIAL",'Planificación 2026-1'!Y:Y,"VIRTUAL",'Planificación 2026-1'!I:I,"<3") -> 0 | EK4: =SUMIFS('Planificación 2026-1'!S:S,'Planificación 2026-1'!X:X,C4,'Planificación 2026-1'!F:F,"FILIAL",'Planificación 2026-1'!Y:Y,"<>VIRTUAL",'Planificación 2026-1'!I:I,"<3") -> 0 | EL4: =SUMIFS('Planificación 2026-1'!S:S,'Planificación 2026-1'!X:X,C4,'Planificación 2026-1'!F:F,"PORUMA",'Planificación 2026-1'!Y:Y,"VIRTUAL",'Planificación 2026-1'!I:I,"<3") -> 0 | EM4: =SUMIFS('Planificación 2026-1'!S:S,'Planificación 2026-1'!X:X,C4,'Planificación 2026-1'!F:F,"PORUMA",'Planificación 2026-1'!Y:Y,"<>VIRTUAL",'Planificación 2026-1'!I:I,"<3") -> 0 | EN4: =SUMIFS('Planificación 2026-1'!S:S,'Planificación 2026-1'!X:X,C4,'Planificación 2026-1'!F:F,"HUAURA",'Planificación 2026-1'!Y:Y,"VIRTUAL",'Planificación 2026-1'!I:I,"<3") -> 0 | EO4: =SUMIFS('Planificación 2026-1'!S:S,'Planificación 2026-1'!X:X,C4,'Planificación 2026-1'!F:F,"HUAURA",'Planificación 2026-1'!Y:Y,"<>VIRTUAL",'Planificación 2026-1'!I:I,"<3") -> 0 | EP4: =EJ4+DZ4+EA4+EK4 -> 8 | EQ4: =EO4+EN4+EE4+ED4 -> 0 | ER4: =EL4+EM4+EC4+EB4 -> 0 | ES4: =EG4+EF4+DW4+DV4 -> 32 | ET4: =EI4+EH4+DY4+DX4 -> 0 | EU4: =SUM(EP4:ET4) -> 40 | EV4: =EXACT(EU4,E4) -> TRUE | EX4: =DV4+DZ4+ED4+EF4+EJ4+EN4+DX4+EH4 -> 40 | EY4: =DW4+EA4+EE4+EG4+EK4+EO4+DY4+EI4 -> 0 | EZ4: =EXACT(SUM(EX4:EY4),E4) -> TRUE | FA4: =IF(AND(DW4=0,EA4=0,EE4=0),"",IF(COUNTIF(DV4:EE4,">0")=1,IF(DW4+DV4>0,"SEDE",IF(EA4+DZ4>0,"FILIAL","HUAURA")),IF(COUNTIF(DV4:EE4,">0")=2,IF(AND(DW4+DV4>0,EA4+DZ4>0),"SEDE-FILIAL",IF(AND(DW4>0,EE4>0),"SEDE-HUAURA","FILIAL-HUAURA")),"SEDE-FILIAL-HUAURA"))) | FB4: =IF(EX4=0,"PRESENCIAL",IF(EY4=0,"VIRTUAL",IF(EX4>EY4,"MAS VIRTUAL",IF(EY4>EX4,"MAS PRESENCIAL","AMBOS")))) -> VIRTUAL
B5: 2 | C5: ACOSTA VILLAVICENCIO BLANCA AURORA | D5: 40364065 | E5: =SUMIF('Planificación 2026-1'!X:X,C5,'Planificación 2026-1'!S:S) -> 40 | F5: TC | G5: RENOVACIÓN | H5: SEDE | I5: PSICOLOGÍA - EEGG | J5: SEDE | K5: OBSTETRICIA - EEGG | L5: =IF(SUM(COUNTIFS('Planificación 2026-1'!F:F,"PRINCIPAL",'Planificación 2026-1'!X:X,C5,'Planificación 2026-1'!H:H,"AF"))>0,"P01"," ") | M5: =IF(SUM(COUNTIFS('Planificación 2026-1'!F:F,"PRINCIPAL",'Planificación 2026-1'!X:X,C5,'Planificación 2026-1'!H:H,"EN"))>0,"P02"," ") -> P02 | N5: =IF(SUM(COUNTIFS('Planificación 2026-1'!F:F,"PRINCIPAL",'Planificación 2026-1'!X:X,C5,'Planificación 2026-1'!H:H,"IS"))>0,"P03"," ") | O5: =IF(SUM(COUNTIFS('Planificación 2026-1'!F:F,"PRINCIPAL",'Planificación 2026-1'!X:X,C5,'Planificación 2026-1'!H:H,"PS"))>0,"P04"," ") | Q5: =IF(SUM(COUNTIFS('Planificación 2026-1'!F:F,"PRINCIPAL",'Planificación 2026-1'!X:X,C5,'Planificación 2026-1'!H:H,"IN"))>0,"P06"," ") | R5: =IF(SUM(COUNTIFS('Planificación 2026-1'!F:F,"PRINCIPAL",'Planificación 2026-1'!X:X,C5,'Planificación 2026-1'!H:H,"CA"))>0,"P07"," ") | S5: =IF(SUM(COUNTIFS('Planificación 2026-1'!F:F,"PRINCIPAL",'Planificación 2026-1'!X:X,C5,'Planificación 2026-1'!H:H,"DE"))>0,"P08"," ") | T5: =IF(SUM(COUNTIFS('Planificación 2026-1'!F:F,"PRINCIPAL",'Planificación 2026-1'!X:X,C5,'Planificación 2026-1'!H:H,"OB"))>0,"P09"," ") | U5: =IF(SUM(COUNTIFS('Planificación 2026-1'!F:F,"PRINCIPAL",'Planificación 2026-1'!X:X,C5,'Planificación 2026-1'!H:H,"MH"))>0,"P31"," ") | V5: =IF(SUM(COUNTIFS('Planificación 2026-1'!F:F,"PRINCIPAL",'Planificación 2026-1'!X:X,C5,'Planificación 2026-1'!H:H,"IC"))>0,"P32"," ") | W5: =IF(SUM(COUNTIFS('Planificación 2026-1'!F:F,"PRINCIPAL",'Planificación 2026-1'!X:X,C5,'Planificación 2026-1'!H:H,"AR"))>0,"P34"," ") | X5: =IF(SUM(COUNTIFS('Planificación 2026-1'!F:F,"PRINCIPAL",'Planificación 2026-1'!X:X,C5,'Planificación 2026-1'!H:H,"T1"))>0,"P35"," ") | Y5: =IF(SUM(COUNTIFS('Planificación 2026-1'!F:F,"PRINCIPAL",'Planificación 2026-1'!X:X,C5,'Planificación 2026-1'!H:H,"T3"))>0,"P36"," ") | Z5: =IF(SUM(COUNTIFS('Planificación 2026-1'!F:F,"PRINCIPAL",'Planificación 2026-1'!X:X,C5,'Planificación 2026-1'!H:H,"T2"))>0,"P37"," ") | AA5: =IF(SUM(COUNTIFS('Planificación 2026-1'!F:F,"PRINCIPAL",'Planificación 2026-1'!X:X,C5,'Planificación 2026-1'!H:H,"AE"))>0,"P38"," ") | AB5: =IF(SUM(COUNTIFS('Planificación 2026-1'!F:F,"PRINCIPAL",'Planificación 2026-1'!X:X,C5,'Planificación 2026-1'!H:H,"T4"))>0,"P55"," ") | AC5: =IF(SUM(COUNTIFS('Planificación 2026-1'!F:F,"FILIAL",'Planificación 2026-1'!X:X,C5,'Planificación 2026-1'!H:H,"AF"))>0," P01"," ") | AD5: =IF(SUM(COUNTIFS('Planificación 2026-1'!F:F,"FILIAL",'Planificación 2026-1'!X:X,C5,'Planificación 2026-1'!H:H,"EN"))>0,"P02"," ") | AE5: =IF(SUM(COUNTIFS('Planificación 2026-1'!F:F,"FILIAL",'Planificación 2026-1'!X:X,C5,'Planificación 2026-1'!H:H,"IS"))>0,"P03"," ") | AF5: =IF(SUM(COUNTIFS('Planificación 2026-1'!F:F,"FILIAL",'Planificación 2026-1'!X:X,C5,'Planificación 2026-1'!H:H,"PS"))>0,"P04"," ") | AH5: =IF(SUM(COUNTIFS('Planificación 2026-1'!F:F,"FILIAL",'Planificación 2026-1'!X:X,C5,'Planificación 2026-1'!H:H,"IN"))>0,"P06"," ") | AI5: =IF(SUM(COUNTIFS('Planificación 2026-1'!F:F,"FILIAL",'Planificación 2026-1'!X:X,C5,'Planificación 2026-1'!H:H,"CA"))>0,"P07"," ") | AJ5: =IF(SUM(COUNTIFS('Planificación 2026-1'!F:F,"FILIAL",'Planificación 2026-1'!X:X,C5,'Planificación 2026-1'!H:H,"DE"))>0,"P08"," ") | AK5: =IF(SUM(COUNTIFS('Planificación 2026-1'!F:F,"FILIAL",'Planificación 2026-1'!X:X,C5,'Planificación 2026-1'!H:H,"OB"))>0,"P09"," ") | AL5: =IF(SUM(COUNTIFS('Planificación 2026-1'!F:F,"FILIAL",'Planificación 2026-1'!X:X,C5,'Planificación 2026-1'!H:H,"MH"))>0,"P31"," ") | AM5: =IF(SUM(COUNTIFS('Planificación 2026-1'!F:F,"FILIAL",'Planificación 2026-1'!X:X,C5,'Planificación 2026-1'!H:H,"IC"))>0,"P32"," ") | AN5: =IF(SUM(COUNTIFS('Planificación 2026-1'!F:F,"FILIAL",'Planificación 2026-1'!X:X,C5,'Planificación 2026-1'!H:H,"AR"))>0,"P34"," ") | AO5: =IF(SUM(COUNTIFS('Planificación 2026-1'!F:F,"FILIAL",'Planificación 2026-1'!X:X,C5,'Planificación 2026-1'!H:H,"T1"))>0,"P35"," ") | AP5: =IF(SUM(COUNTIFS('Planificación 2026-1'!F:F,"FILIAL",'Planificación 2026-1'!X:X,C5,'Planificación 2026-1'!H:H,"T3"))>0,"P36"," ") | AQ5: =IF(SUM(COUNTIFS('Planificación 2026-1'!F:F,"FILIAL",'Planificación 2026-1'!X:X,C5,'Planificación 2026-1'!H:H,"T2"))>0,"P37"," ") | AR5: =IF(SUM(COUNTIFS('Planificación 2026-1'!F:F,"FILIAL",'Planificación 2026-1'!X:X,C5,'Planificación 2026-1'!H:H,"AE"))>0,"P38"," ") | AS5: =IF(SUM(COUNTIFS('Planificación 2026-1'!F:F,"FILIAL",'Planificación 2026-1'!X:X,C5,'Planificación 2026-1'!H:H,"T4"))>0,"P55"," ") | AT5: =IF(SUM(COUNTIFS('Planificación 2026-1'!F:F,"SUNAMPE",'Planificación 2026-1'!X:X,C5,'Planificación 2026-1'!H:H,"AF"))>0," P01"," ") | AU5: =IF(SUM(COUNTIFS('Planificación 2026-1'!F:F,"SUNAMPE",'Planificación 2026-1'!X:X,C5,'Planificación 2026-1'!H:H,"EN"))>0,"P02"," ") | AV5: =IF(SUM(COUNTIFS('Planificación 2026-1'!F:F,"SUNAMPE",'Planificación 2026-1'!X:X,C5,'Planificación 2026-1'!H:H,"IS"))>0,"P03"," ") | AW5: =IF(SUM(COUNTIFS('Planificación 2026-1'!F:F,"SUNAMPE",'Planificación 2026-1'!X:X,C5,'Planificación 2026-1'!H:H,"PS"))>0,"P04"," ") -> P04 | AY5: =IF(SUM(COUNTIFS('Planificación 2026-1'!F:F,"SUNAMPE",'Planificación 2026-1'!X:X,C5,'Planificación 2026-1'!H:H,"IN"))>0,"P06"," ") | AZ5: =IF(SUM(COUNTIFS('Planificación 2026-1'!F:F,"SUNAMPE",'Planificación 2026-1'!X:X,C5,'Planificación 2026-1'!H:H,"CA"))>0,"P07"," ") | BA5: =IF(SUM(COUNTIFS('Planificación 2026-1'!F:F,"SUNAMPE",'Planificación 2026-1'!X:X,C5,'Planificación 2026-1'!H:H,"DE"))>0,"P08"," ") | BB5: =IF(SUM(COUNTIFS('Planificación 2026-1'!F:F,"SUNAMPE",'Planificación 2026-1'!X:X,C5,'Planificación 2026-1'!H:H,"OB"))>0,"P09"," ") -> P09 | BC5: =IF(SUM(COUNTIFS('Planificación 2026-1'!F:F,"SUNAMPE",'Planificación 2026-1'!X:X,C5,'Planificación 2026-1'!H:H,"MH"))>0,"P31"," ") -> P31 | BD5: =IF(SUM(COUNTIFS('Planificación 2026-1'!F:F,"SUNAMPE",'Planificación 2026-1'!X:X,C5,'Planificación 2026-1'!H:H,"IC"))>0,"P32"," ") | BE5: =IF(SUM(COUNTIFS('Planificación 2026-1'!F:F,"SUNAMPE",'Planificación 2026-1'!X:X,C5,'Planificación 2026-1'!H:H,"AR"))>0,"P34"," ") | BF5: =IF(SUM(COUNTIFS('Planificación 2026-1'!F:F,"SUNAMPE",'Planificación 2026-1'!X:X,C5,'Planificación 2026-1'!H:H,"T1"))>0,"P35"," ") -> P35 | BG5: =IF(SUM(COUNTIFS('Planificación 2026-1'!F:F,"SUNAMPE",'Planificación 2026-1'!X:X,C5,'Planificación 2026-1'!H:H,"T3"))>0,"P36"," ") | BH5: =IF(SUM(COUNTIFS('Planificación 2026-1'!F:F,"SUNAMPE",'Planificación 2026-1'!X:X,C5,'Planificación 2026-1'!H:H,"T2"))>0,"P37"," ") | BI5: =IF(SUM(COUNTIFS('Planificación 2026-1'!F:F,"SUNAMPE",'Planificación 2026-1'!X:X,C5,'Planificación 2026-1'!H:H,"AE"))>0,"P38"," ") | BJ5: =IF(SUM(COUNTIFS('Planificación 2026-1'!F:F,"SUNAMPE",'Planificación 2026-1'!X:X,C5,'Planificación 2026-1'!H:H,"T4"))>0,"P55"," ") | BK5: =IF(SUM(COUNTIFS('Planificación 2026-1'!F:F,"HUAURA",'Planificación 2026-1'!X:X,C5,'Planificación 2026-1'!H:H,"AF"))>0," P01"," ") | BL5: =IF(SUM(COUNTIFS('Planificación 2026-1'!F:F,"HUAURA",'Planificación 2026-1'!X:X,C5,'Planificación 2026-1'!H:H,"EN"))>0,"P02"," ") | BM5: =IF(SUM(COUNTIFS('Planificación 2026-1'!F:F,"HUAURA",'Planificación 2026-1'!X:X,C5,'Planificación 2026-1'!H:H,"IS"))>0,"P03"," ") | BN5: =IF(SUM(COUNTIFS('Planificación 2026-1'!F:F,"HUAURA",'Planificación 2026-1'!X:X,C5,'Planificación 2026-1'!H:H,"PS"))>0,"P04"," ") | BP5: =IF(SUM(COUNTIFS('Planificación 2026-1'!F:F,"HUAURA",'Planificación 2026-1'!X:X,C5,'Planificación 2026-1'!H:H,"IN"))>0,"P06"," ") | BQ5: =IF(SUM(COUNTIFS('Planificación 2026-1'!F:F,"HUAURA",'Planificación 2026-1'!X:X,C5,'Planificación 2026-1'!H:H,"CA"))>0,"P07"," ") | BR5: =IF(SUM(COUNTIFS('Planificación 2026-1'!F:F,"HUAURA",'Planificación 2026-1'!X:X,C5,'Planificación 2026-1'!H:H,"DE"))>0,"P08"," ") | BS5: =IF(SUM(COUNTIFS('Planificación 2026-1'!F:F,"HUAURA",'Planificación 2026-1'!X:X,C5,'Planificación 2026-1'!H:H,"OB"))>0,"P09"," ") | BT5: =IF(SUM(COUNTIFS('Planificación 2026-1'!F:F,"HUAURA",'Planificación 2026-1'!X:X,C5,'Planificación 2026-1'!H:H,"MH"))>0,"P31"," ") | BU5: =IF(SUM(COUNTIFS('Planificación 2026-1'!F:F,"HUAURA",'Planificación 2026-1'!X:X,C5,'Planificación 2026-1'!H:H,"IC"))>0,"P32"," ") | BV5: =IF(SUM(COUNTIFS('Planificación 2026-1'!F:F,"HUAURA",'Planificación 2026-1'!X:X,C5,'Planificación 2026-1'!H:H,"AR"))>0,"P34"," ") | BW5: =IF(SUM(COUNTIFS('Planificación 2026-1'!F:F,"HUAURA",'Planificación 2026-1'!X:X,C5,'Planificación 2026-1'!H:H,"T1"))>0,"P35"," ") | BX5: =IF(SUM(COUNTIFS('Planificación 2026-1'!F:F,"HUAURA",'Planificación 2026-1'!X:X,C5,'Planificación 2026-1'!H:H,"T3"))>0,"P36"," ") | BY5: =IF(SUM(COUNTIFS('Planificación 2026-1'!F:F,"HUAURA",'Planificación 2026-1'!X:X,C5,'Planificación 2026-1'!H:H,"T2"))>0,"P37"," ") | BZ5: =IF(SUM(COUNTIFS('Planificación 2026-1'!F:F,"HUAURA",'Planificación 2026-1'!X:X,C5,'Planificación 2026-1'!H:H,"AE"))>0,"P38"," ") | CA5: =IF(SUM(COUNTIFS('Planificación 2026-1'!F:F,"HUAURA",'Planificación 2026-1'!X:X,C5,'Planificación 2026-1'!H:H,"T4"))>0,"P55"," ") | CB5: =SUMIFS('Planificación 2026-1'!S:S,'Planificación 2026-1'!X:X,C5,'Planificación 2026-1'!H:H,"AF",'Planificación 2026-1'!I:I,">2") -> 0 | CC5: =SUMIFS('Planificación 2026-1'!S:S,'Planificación 2026-1'!X:X,C5,'Planificación 2026-1'!H:H,"EN",'Planificación 2026-1'!I:I,">2") -> 0 | CD5: =SUMIFS('Planificación 2026-1'!S:S,'Planificación 2026-1'!X:X,C5,'Planificación 2026-1'!H:H,"IS",'Planificación 2026-1'!I:I,">2") -> 0 | CE5: =SUMIFS('Planificación 2026-1'!S:S,'Planificación 2026-1'!X:X,C5,'Planificación 2026-1'!H:H,"PS",'Planificación 2026-1'!I:I,">2") -> 0 | CF5: =SUMIFS('Planificación 2026-1'!S:S,'Planificación 2026-1'!X:X,C5,'Planificación 2026-1'!H:H,"IN",'Planificación 2026-1'!I:I,">2") -> 0 | CG5: =SUMIFS('Planificación 2026-1'!S:S,'Planificación 2026-1'!X:X,C5,'Planificación 2026-1'!H:H,"CA",'Planificación 2026-1'!I:I,">2") -> 0 | CH5: =SUMIFS('Planificación 2026-1'!S:S,'Planificación 2026-1'!X:X,C5,'Planificación 2026-1'!H:H,"DE",'Planificación 2026-1'!I:I,">2") -> 0 | CI5: =SUMIFS('Planificación 2026-1'!S:S,'Planificación 2026-1'!X:X,C5,'Planificación 2026-1'!H:H,"OB",'Planificación 2026-1'!I:I,">2") -> 0 | CJ5: =SUMIFS('Planificación 2026-1'!S:S,'Planificación 2026-1'!X:X,C5,'Planificación 2026-1'!H:H,"MH",'Planificación 2026-1'!I:I,">2") -> 0 | CK5: =SUMIFS('Planificación 2026-1'!S:S,'Planificación 2026-1'!X:X,C5,'Planificación 2026-1'!H:H,"IC",'Planificación 2026-1'!I:I,">2") -> 0 | CL5: =SUMIFS('Planificación 2026-1'!S:S,'Planificación 2026-1'!X:X,C5,'Planificación 2026-1'!H:H,"AR",'Planificación 2026-1'!I:I,">2") -> 0 | CM5: =SUMIFS('Planificación 2026-1'!S:S,'Planificación 2026-1'!X:X,C5,'Planificación 2026-1'!H:H,"AE",'Planificación 2026-1'!I:I,">2") -> 0 | CN5: =SUMIFS('Planificación 2026-1'!S:S,'Planificación 2026-1'!X:X,C5,'Planificación 2026-1'!H:H,"T1",'Planificación 2026-1'!I:I,">2") -> 0 | CO5: =SUMIFS('Planificación 2026-1'!S:S,'Planificación 2026-1'!X:X,C5,'Planificación 2026-1'!H:H,"T3",'Planificación 2026-1'!I:I,">2") -> 0 | CP5: =SUMIFS('Planificación 2026-1'!S:S,'Planificación 2026-1'!X:X,C5,'Planificación 2026-1'!H:H,"T2",'Planificación 2026-1'!I:I,">2") -> 0 | CQ5: =SUMIFS('Planificación 2026-1'!S:S,'Planificación 2026-1'!X:X,C5,'Planificación 2026-1'!H:H,"T4",'Planificación 2026-1'!I:I,">2") -> 0 | CR5: =SUMIFS('Planificación 2026-1'!S:S,'Planificación 2026-1'!X:X,C5,'Planificación 2026-1'!H:H,"AF",'Planificación 2026-1'!I:I,"<3") -> 0 | CS5: =SUMIFS('Planificación 2026-1'!S:S,'Planificación 2026-1'!X:X,C5,'Planificación 2026-1'!H:H,"EN",'Planificación 2026-1'!I:I,"<3") -> 8 | CT5: =SUMIFS('Planificación 2026-1'!S:S,'Planificación 2026-1'!X:X,C5,'Planificación 2026-1'!H:H,"IS",'Planificación 2026-1'!I:I,"<3") -> 0 | CU5: =SUMIFS('Planificación 2026-1'!S:S,'Planificación 2026-1'!X:X,C5,'Planificación 2026-1'!H:H,"PS",'Planificación 2026-1'!I:I,"<3") -> 4 | CV5: =SUMIFS('Planificación 2026-1'!S:S,'Planificación 2026-1'!X:X,C5,'Planificación 2026-1'!H:H,"IN",'Planificación 2026-1'!I:I,"<3") -> 0 | CW5: =SUMIFS('Planificación 2026-1'!S:S,'Planificación 2026-1'!X:X,C5,'Planificación 2026-1'!H:H,"CA",'Planificación 2026-1'!I:I,"<3") -> 0 | CX5: =SUMIFS('Planificación 2026-1'!S:S,'Planificación 2026-1'!X:X,C5,'Planificación 2026-1'!H:H,"DE",'Planificación 2026-1'!I:I,"<3") -> 0 | CY5: =SUMIFS('Planificación 2026-1'!S:S,'Planificación 2026-1'!X:X,C5,'Planificación 2026-1'!H:H,"OB",'Planificación 2026-1'!I:I,"<3") -> 16 | CZ5: =SUMIFS('Planificación 2026-1'!S:S,'Planificación 2026-1'!X:X,C5,'Planificación 2026-1'!H:H,"MH",'Planificación 2026-1'!I:I,"<3") -> 8 | DA5: =SUMIFS('Planificación 2026-1'!S:S,'Planificación 2026-1'!X:X,C5,'Planificación 2026-1'!H:H,"IC",'Planificación 2026-1'!I:I,"<3") -> 0 | DB5: =SUMIFS('Planificación 2026-1'!S:S,'Planificación 2026-1'!X:X,C5,'Planificación 2026-1'!H:H,"AR",'Planificación 2026-1'!I:I,"<3") -> 0 | DC5: =SUMIFS('Planificación 2026-1'!S:S,'Planificación 2026-1'!X:X,C5,'Planificación 2026-1'!H:H,"AE",'Planificación 2026-1'!I:I,"<3") -> 0 | DD5: =SUMIFS('Planificación 2026-1'!S:S,'Planificación 2026-1'!X:X,C5,'Planificación 2026-1'!H:H,"T1",'Planificación 2026-1'!I:I,"<3") -> 4 | DE5: =SUMIFS('Planificación 2026-1'!S:S,'Planificación 2026-1'!X:X,C5,'Planificación 2026-1'!H:H,"T3",'Planificación 2026-1'!I:I,"<3") -> 0 | DF5: =SUMIFS('Planificación 2026-1'!S:S,'Planificación 2026-1'!X:X,C5,'Planificación 2026-1'!H:H,"T2",'Planificación 2026-1'!I:I,"<3") -> 0 | DG5: =SUMIFS('Planificación 2026-1'!S:S,'Planificación 2026-1'!X:X,C5,'Planificación 2026-1'!H:H,"T4",'Planificación 2026-1'!I:I,"<3") -> 0 | DH5: =TRIM(CONCATENATE(L5,M5,N5,O5,P5,Q5,R5,S5,T5,U5,V5,W5,X5,Y5,Z5,AA5,AB5)) -> P02 | DI5: =IF(C5="","",SUMIFS('Planificación 2026-1'!S:S,'Planificación 2026-1'!X:X,C5,'Planificación 2026-1'!F:F,"PRINCIPAL",'Planificación 2026-1'!Y:Y,"VIRTUAL")) -> 0 | DJ5: =IF(C5="","",SUMIFS('Planificación 2026-1'!S:S,'Planificación 2026-1'!X:X,C5,'Planificación 2026-1'!F:F,"PRINCIPAL",'Planificación 2026-1'!Y:Y,"PRESENCIAL")) -> 8 | DK5: =IF(C5="","",SUMIFS('Planificación 2026-1'!S:S,'Planificación 2026-1'!X:X,C5,'Planificación 2026-1'!F:F,"PRINCIPAL",'Planificación 2026-1'!Y:Y,"HIBRIDO PRESENCIAL")) -> 0 | DL5: =TRIM(CONCATENATE(AC5,AD5,AE5,AF5,AG5,AH5,AI5,AJ5,AK5,AL5,AM5,AN5,AO5,AP5,AQ5,AR5,AS5)) | DM5: =IF(C5="","",SUMIFS('Planificación 2026-1'!S:S,'Planificación 2026-1'!X:X,C5,'Planificación 2026-1'!F:F,"FILIAL",'Planificación 2026-1'!Y:Y,"VIRTUAL")) -> 0 | DN5: =IF(C5="","",SUMIFS('Planificación 2026-1'!S:S,'Planificación 2026-1'!X:X,C5,'Planificación 2026-1'!F:F,"FILIAL",'Planificación 2026-1'!Y:Y,"PRESENCIAL")) -> 0 | DO5: =IF(C5="","",SUMIFS('Planificación 2026-1'!S:S,'Planificación 2026-1'!X:X,C5,'Planificación 2026-1'!F:F,"FILIAL",'Planificación 2026-1'!Y:Y,"HIBRIDO PRESENCIAL")) -> 0 | DP5: =TRIM(CONCATENATE(AT5,AU5,AV5,AW5,AX5,AY5,AZ5,BA5,BB5,BC5,BD5,BE5,BF5,BG5,BH5,BI5,BJ5)) -> P04 P09P31 P35 | DQ5: =IF(C5="","",SUMIFS('Planificación 2026-1'!S:S,'Planificación 2026-1'!X:X,C5,'Planificación 2026-1'!F:F,"SUNAMPE",'Planificación 2026-1'!Y:Y,"VIRTUAL")) -> 4 | DR5: =IF(C5="","",SUMIFS('Planificación 2026-1'!S:S,'Planificación 2026-1'!X:X,C5,'Planificación 2026-1'!F:F,"SUNAMPE",'Planificación 2026-1'!Y:Y,"PRESENCIAL")) -> 28 | DS5: =TRIM(CONCATENATE(BK5,BL5,BM5,BN5,BO5,BP5,BQ5,BR5,BS5,BT5,BU5,BV5,BW5,BX5,BY5,BZ5,CA5)) | DT5: =IF(C5="","",SUMIFS('Planificación 2026-1'!S:S,'Planificación 2026-1'!X:X,C5,'Planificación 2026-1'!F:F,"HUAURA",'Planificación 2026-1'!Y:Y,"VIRTUAL")) -> 0 | DU5: =IF(C5="","",SUMIFS('Planificación 2026-1'!S:S,'Planificación 2026-1'!X:X,C5,'Planificación 2026-1'!F:F,"HUAURA",'Planificación 2026-1'!Y:Y,"PRESENCIAL")) -> 0 | DV5: =SUMIFS('Planificación 2026-1'!S:S,'Planificación 2026-1'!X:X,C5,'Planificación 2026-1'!F:F,"PRINCIPAL",'Planificación 2026-1'!Y:Y,"VIRTUAL",'Planificación 2026-1'!I:I,">2") -> 0 | DW5: =SUMIFS('Planificación 2026-1'!S:S,'Planificación 2026-1'!X:X,C5,'Planificación 2026-1'!F:F,"PRINCIPAL",'Planificación 2026-1'!Y:Y,"<>VIRTUAL",'Planificación 2026-1'!I:I,">2") -> 0 | DX5: =SUMIFS('Planificación 2026-1'!S:S,'Planificación 2026-1'!X:X,C5,'Planificación 2026-1'!F:F,"SUNAMPE",'Planificación 2026-1'!Y:Y,"VIRTUAL",'Planificación 2026-1'!I:I,">2") -> 0 | DY5: =SUMIFS('Planificación 2026-1'!S:S,'Planificación 2026-1'!X:X,C5,'Planificación 2026-1'!F:F,"SUNAMPE",'Planificación 2026-1'!Y:Y,"<>VIRTUAL",'Planificación 2026-1'!I:I,">2") -> 0 | DZ5: =SUMIFS('Planificación 2026-1'!S:S,'Planificación 2026-1'!X:X,C5,'Planificación 2026-1'!F:F,"FILIAL",'Planificación 2026-1'!Y:Y,"VIRTUAL",'Planificación 2026-1'!I:I,">2") -> 0 | EA5: =SUMIFS('Planificación 2026-1'!S:S,'Planificación 2026-1'!X:X,C5,'Planificación 2026-1'!F:F,"FILIAL",'Planificación 2026-1'!Y:Y,"<>VIRTUAL",'Planificación 2026-1'!I:I,">2") -> 0 | EB5: =SUMIFS('Planificación 2026-1'!S:S,'Planificación 2026-1'!X:X,C5,'Planificación 2026-1'!F:F,"PORUMA",'Planificación 2026-1'!Y:Y,"VIRTUAL",'Planificación 2026-1'!I:I,">2") -> 0 | EC5: =SUMIFS('Planificación 2026-1'!S:S,'Planificación 2026-1'!X:X,C5,'Planificación 2026-1'!F:F,"PORUMA",'Planificación 2026-1'!Y:Y,"<>VIRTUAL",'Planificación 2026-1'!I:I,">2") -> 0 | ED5: =SUMIFS('Planificación 2026-1'!S:S,'Planificación 2026-1'!X:X,C5,'Planificación 2026-1'!F:F,"HUAURA",'Planificación 2026-1'!Y:Y,"VIRTUAL",'Planificación 2026-1'!I:I,">2") -> 0 | EE5: =SUMIFS('Planificación 2026-1'!S:S,'Planificación 2026-1'!X:X,C5,'Planificación 2026-1'!F:F,"HUAURA",'Planificación 2026-1'!Y:Y,"<>VIRTUAL",'Planificación 2026-1'!I:I,">2") -> 0 | EF5: =SUMIFS('Planificación 2026-1'!S:S,'Planificación 2026-1'!X:X,C5,'Planificación 2026-1'!F:F,"PRINCIPAL",'Planificación 2026-1'!Y:Y,"VIRTUAL",'Planificación 2026-1'!I:I,"<3") -> 0 | EG5: =SUMIFS('Planificación 2026-1'!S:S,'Planificación 2026-1'!X:X,C5,'Planificación 2026-1'!F:F,"PRINCIPAL",'Planificación 2026-1'!Y:Y,"<>VIRTUAL",'Planificación 2026-1'!I:I,"<3") -> 8 | EH5: =SUMIFS('Planificación 2026-1'!S:S,'Planificación 2026-1'!X:X,C5,'Planificación 2026-1'!F:F,"SUNAMPE",'Planificación 2026-1'!Y:Y,"VIRTUAL",'Planificación 2026-1'!I:I,"<3") -> 4 | EI5: =SUMIFS('Planificación 2026-1'!S:S,'Planificación 2026-1'!X:X,C5,'Planificación 2026-1'!F:F,"SUNAMPE",'Planificación 2026-1'!Y:Y,"<>VIRTUAL",'Planificación 2026-1'!I:I,"<3") -> 28 | EJ5: =SUMIFS('Planificación 2026-1'!S:S,'Planificación 2026-1'!X:X,C5,'Planificación 2026-1'!F:F,"FILIAL",'Planificación 2026-1'!Y:Y,"VIRTUAL",'Planificación 2026-1'!I:I,"<3") -> 0 | EK5: =SUMIFS('Planificación 2026-1'!S:S,'Planificación 2026-1'!X:X,C5,'Planificación 2026-1'!F:F,"FILIAL",'Planificación 2026-1'!Y:Y,"<>VIRTUAL",'Planificación 2026-1'!I:I,"<3") -> 0 | EL5: =SUMIFS('Planificación 2026-1'!S:S,'Planificación 2026-1'!X:X,C5,'Planificación 2026-1'!F:F,"PORUMA",'Planificación 2026-1'!Y:Y,"VIRTUAL",'Planificación 2026-1'!I:I,"<3") -> 0 | EM5: =SUMIFS('Planificación 2026-1'!S:S,'Planificación 2026-1'!X:X,C5,'Planificación 2026-1'!F:F,"PORUMA",'Planificación 2026-1'!Y:Y,"<>VIRTUAL",'Planificación 2026-1'!I:I,"<3") -> 0 | EN5: =SUMIFS('Planificación 2026-1'!S:S,'Planificación 2026-1'!X:X,C5,'Planificación 2026-1'!F:F,"HUAURA",'Planificación 2026-1'!Y:Y,"VIRTUAL",'Planificación 2026-1'!I:I,"<3") -> 0 | EO5: =SUMIFS('Planificación 2026-1'!S:S,'Planificación 2026-1'!X:X,C5,'Planificación 2026-1'!F:F,"HUAURA",'Planificación 2026-1'!Y:Y,"<>VIRTUAL",'Planificación 2026-1'!I:I,"<3") -> 0 | EP5: =EJ5+DZ5+EA5+EK5 -> 0 | EQ5: =EO5+EN5+EE5+ED5 -> 0 | ER5: =EL5+EM5+EC5+EB5 -> 0 | ES5: =EG5+EF5+DW5+DV5 -> 8 | ET5: =EI5+EH5+DY5+DX5 -> 32 | EU5: =SUM(EP5:ET5) -> 40 | EV5: =EXACT(EU5,E5) -> TRUE | EX5: =DV5+DZ5+ED5+EF5+EJ5+EN5+DX5+EH5 -> 4 | EY5: =DW5+EA5+EE5+EG5+EK5+EO5+DY5+EI5 -> 36 | EZ5: =EXACT(SUM(EX5:EY5),E5) -> TRUE | FA5: =IF(AND(DW5=0,EA5=0,EE5=0),"",IF(COUNTIF(DW5:EE5,">0")=1,IF(DW5>0,"SEDE",IF(EA5>0,"FILIAL","HUAURA")),IF(COUNTIF(DW5:EE5,">0")=2,IF(AND(DW5>0,EA5>0),"SEDE-FILIAL",IF(AND(DW5>0,EE5>0),"SEDE-HUAURA","FILIAL-HUAURA")),"SEDE-FILIAL-HUAURA"))) | FB5: =IF(EX5=0,"PRESENCIAL",IF(EY5=0,"VIRTUAL",IF(EX5>EY5,"MAS VIRTUAL",IF(EY5>EX5,"MAS PRESENCIAL","AMBOS")))) -> MAS PRESENCIAL
B6: 3 | C6: ALIAGA RUIZ MINA ANGELICA | D6: 45228337 | E6: =SUMIF('Planificación 2026-1'!X:X,C6,'Planificación 2026-1'!S:S) -> 13 | F6: TP | G6: RENOVACIÓN | H6: SEDE | I6: PSICOLOGÍA | J6: SEDE | K6: PSICOLOGÍA | L6: =IF(SUM(COUNTIFS('Planificación 2026-1'!F:F,"PRINCIPAL",'Planificación 2026-1'!X:X,C6,'Planificación 2026-1'!H:H,"AF"))>0,"P01"," ") | M6: =IF(SUM(COUNTIFS('Planificación 2026-1'!F:F,"PRINCIPAL",'Planificación 2026-1'!X:X,C6,'Planificación 2026-1'!H:H,"EN"))>0,"P02"," ") | N6: =IF(SUM(COUNTIFS('Planificación 2026-1'!F:F,"PRINCIPAL",'Planificación 2026-1'!X:X,C6,'Planificación 2026-1'!H:H,"IS"))>0,"P03"," ") | O6: =IF(SUM(COUNTIFS('Planificación 2026-1'!F:F,"PRINCIPAL",'Planificación 2026-1'!X:X,C6,'Planificación 2026-1'!H:H,"PS"))>0,"P04"," ") -> P04 | Q6: =IF(SUM(COUNTIFS('Planificación 2026-1'!F:F,"PRINCIPAL",'Planificación 2026-1'!X:X,C6,'Planificación 2026-1'!H:H,"IN"))>0,"P06"," ") | R6: =IF(SUM(COUNTIFS('Planificación 2026-1'!F:F,"PRINCIPAL",'Planificación 2026-1'!X:X,C6,'Planificación 2026-1'!H:H,"CA"))>0,"P07"," ") | S6: =IF(SUM(COUNTIFS('Planificación 2026-1'!F:F,"PRINCIPAL",'Planificación 2026-1'!X:X,C6,'Planificación 2026-1'!H:H,"DE"))>0,"P08"," ") | T6: =IF(SUM(COUNTIFS('Planificación 2026-1'!F:F,"PRINCIPAL",'Planificación 2026-1'!X:X,C6,'Planificación 2026-1'!H:H,"OB"))>0,"P09"," ") | U6: =IF(SUM(COUNTIFS('Planificación 2026-1'!F:F,"PRINCIPAL",'Planificación 2026-1'!X:X,C6,'Planificación 2026-1'!H:H,"MH"))>0,"P31"," ") | V6: =IF(SUM(COUNTIFS('Planificación 2026-1'!F:F,"PRINCIPAL",'Planificación 2026-1'!X:X,C6,'Planificación 2026-1'!H:H,"IC"))>0,"P32"," ") | W6: =IF(SUM(COUNTIFS('Planificación 2026-1'!F:F,"PRINCIPAL",'Planificación 2026-1'!X:X,C6,'Planificación 2026-1'!H:H,"AR"))>0,"P34"," ") | X6: =IF(SUM(COUNTIFS('Planificación 2026-1'!F:F,"PRINCIPAL",'Planificación 2026-1'!X:X,C6,'Planificación 2026-1'!H:H,"T1"))>0,"P35"," ") | Y6: =IF(SUM(COUNTIFS('Planificación 2026-1'!F:F,"PRINCIPAL",'Planificación 2026-1'!X:X,C6,'Planificación 2026-1'!H:H,"T3"))>0,"P36"," ") | Z6: =IF(SUM(COUNTIFS('Planificación 2026-1'!F:F,"PRINCIPAL",'Planificación 2026-1'!X:X,C6,'Planificación 2026-1'!H:H,"T2"))>0,"P37"," ") | AA6: =IF(SUM(COUNTIFS('Planificación 2026-1'!F:F,"PRINCIPAL",'Planificación 2026-1'!X:X,C6,'Planificación 2026-1'!H:H,"AE"))>0,"P38"," ") | AB6: =IF(SUM(COUNTIFS('Planificación 2026-1'!F:F,"PRINCIPAL",'Planificación 2026-1'!X:X,C6,'Planificación 2026-1'!H:H,"T4"))>0,"P55"," ") | AC6: =IF(SUM(COUNTIFS('Planificación 2026-1'!F:F,"FILIAL",'Planificación 2026-1'!X:X,C6,'Planificación 2026-1'!H:H,"AF"))>0," P01"," ") | AD6: =IF(SUM(COUNTIFS('Planificación 2026-1'!F:F,"FILIAL",'Planificación 2026-1'!X:X,C6,'Planificación 2026-1'!H:H,"EN"))>0,"P02"," ") | AE6: =IF(SUM(COUNTIFS('Planificación 2026-1'!F:F,"FILIAL",'Planificación 2026-1'!X:X,C6,'Planificación 2026-1'!H:H,"IS"))>0,"P03"," ") | AF6: =IF(SUM(COUNTIFS('Planificación 2026-1'!F:F,"FILIAL",'Planificación 2026-1'!X:X,C6,'Planificación 2026-1'!H:H,"PS"))>0,"P04"," ") | AH6: =IF(SUM(COUNTIFS('Planificación 2026-1'!F:F,"FILIAL",'Planificación 2026-1'!X:X,C6,'Planificación 2026-1'!H:H,"IN"))>0,"P06"," ") | AI6: =IF(SUM(COUNTIFS('Planificación 2026-1'!F:F,"FILIAL",'Planificación 2026-1'!X:X,C6,'Planificación 2026-1'!H:H,"CA"))>0,"P07"," ") | AJ6: =IF(SUM(COUNTIFS('Planificación 2026-1'!F:F,"FILIAL",'Planificación 2026-1'!X:X,C6,'Planificación 2026-1'!H:H,"DE"))>0,"P08"," ") | AK6: =IF(SUM(COUNTIFS('Planificación 2026-1'!F:F,"FILIAL",'Planificación 2026-1'!X:X,C6,'Planificación 2026-1'!H:H,"OB"))>0,"P09"," ") | AL6: =IF(SUM(COUNTIFS('Planificación 2026-1'!F:F,"FILIAL",'Planificación 2026-1'!X:X,C6,'Planificación 2026-1'!H:H,"MH"))>0,"P31"," ") | AM6: =IF(SUM(COUNTIFS('Planificación 2026-1'!F:F,"FILIAL",'Planificación 2026-1'!X:X,C6,'Planificación 2026-1'!H:H,"IC"))>0,"P32"," ") | AN6: =IF(SUM(COUNTIFS('Planificación 2026-1'!F:F,"FILIAL",'Planificación 2026-1'!X:X,C6,'Planificación 2026-1'!H:H,"AR"))>0,"P34"," ") | AO6: =IF(SUM(COUNTIFS('Planificación 2026-1'!F:F,"FILIAL",'Planificación 2026-1'!X:X,C6,'Planificación 2026-1'!H:H,"T1"))>0,"P35"," ") | AP6: =IF(SUM(COUNTIFS('Planificación 2026-1'!F:F,"FILIAL",'Planificación 2026-1'!X:X,C6,'Planificación 2026-1'!H:H,"T3"))>0,"P36"," ") | AQ6: =IF(SUM(COUNTIFS('Planificación 2026-1'!F:F,"FILIAL",'Planificación 2026-1'!X:X,C6,'Planificación 2026-1'!H:H,"T2"))>0,"P37"," ") | AR6: =IF(SUM(COUNTIFS('Planificación 2026-1'!F:F,"FILIAL",'Planificación 2026-1'!X:X,C6,'Planificación 2026-1'!H:H,"AE"))>0,"P38"," ") | AS6: =IF(SUM(COUNTIFS('Planificación 2026-1'!F:F,"FILIAL",'Planificación 2026-1'!X:X,C6,'Planificación 2026-1'!H:H,"T4"))>0,"P55"," ") | AT6: =IF(SUM(COUNTIFS('Planificación 2026-1'!F:F,"SUNAMPE",'Planificación 2026-1'!X:X,C6,'Planificación 2026-1'!H:H,"AF"))>0," P01"," ") | AU6: =IF(SUM(COUNTIFS('Planificación 2026-1'!F:F,"SUNAMPE",'Planificación 2026-1'!X:X,C6,'Planificación 2026-1'!H:H,"EN"))>0,"P02"," ") | AV6: =IF(SUM(COUNTIFS('Planificación 2026-1'!F:F,"SUNAMPE",'Planificación 2026-1'!X:X,C6,'Planificación 2026-1'!H:H,"IS"))>0,"P03"," ") | AW6: =IF(SUM(COUNTIFS('Planificación 2026-1'!F:F,"SUNAMPE",'Planificación 2026-1'!X:X,C6,'Planificación 2026-1'!H:H,"PS"))>0,"P04"," ") | AY6: =IF(SUM(COUNTIFS('Planificación 2026-1'!F:F,"SUNAMPE",'Planificación 2026-1'!X:X,C6,'Planificación 2026-1'!H:H,"IN"))>0,"P06"," ") | AZ6: =IF(SUM(COUNTIFS('Planificación 2026-1'!F:F,"SUNAMPE",'Planificación 2026-1'!X:X,C6,'Planificación 2026-1'!H:H,"CA"))>0,"P07"," ") | BA6: =IF(SUM(COUNTIFS('Planificación 2026-1'!F:F,"SUNAMPE",'Planificación 2026-1'!X:X,C6,'Planificación 2026-1'!H:H,"DE"))>0,"P08"," ") | BB6: =IF(SUM(COUNTIFS('Planificación 2026-1'!F:F,"SUNAMPE",'Planificación 2026-1'!X:X,C6,'Planificación 2026-1'!H:H,"OB"))>0,"P09"," ") | BC6: =IF(SUM(COUNTIFS('Planificación 2026-1'!F:F,"SUNAMPE",'Planificación 2026-1'!X:X,C6,'Planificación 2026-1'!H:H,"MH"))>0,"P31"," ") | BD6: =IF(SUM(COUNTIFS('Planificación 2026-1'!F:F,"SUNAMPE",'Planificación 2026-1'!X:X,C6,'Planificación 2026-1'!H:H,"IC"))>0,"P32"," ") | BE6: =IF(SUM(COUNTIFS('Planificación 2026-1'!F:F,"SUNAMPE",'Planificación 2026-1'!X:X,C6,'Planificación 2026-1'!H:H,"AR"))>0,"P34"," ") | BF6: =IF(SUM(COUNTIFS('Planificación 2026-1'!F:F,"SUNAMPE",'Planificación 2026-1'!X:X,C6,'Planificación 2026-1'!H:H,"T1"))>0,"P35"," ") | BG6: =IF(SUM(COUNTIFS('Planificación 2026-1'!F:F,"SUNAMPE",'Planificación 2026-1'!X:X,C6,'Planificación 2026-1'!H:H,"T3"))>0,"P36"," ") | BH6: =IF(SUM(COUNTIFS('Planificación 2026-1'!F:F,"SUNAMPE",'Planificación 2026-1'!X:X,C6,'Planificación 2026-1'!H:H,"T2"))>0,"P37"," ") | BI6: =IF(SUM(COUNTIFS('Planificación 2026-1'!F:F,"SUNAMPE",'Planificación 2026-1'!X:X,C6,'Planificación 2026-1'!H:H,"AE"))>0,"P38"," ") | BJ6: =IF(SUM(COUNTIFS('Planificación 2026-1'!F:F,"SUNAMPE",'Planificación 2026-1'!X:X,C6,'Planificación 2026-1'!H:H,"T4"))>0,"P55"," ") | BK6: =IF(SUM(COUNTIFS('Planificación 2026-1'!F:F,"HUAURA",'Planificación 2026-1'!X:X,C6,'Planificación 2026-1'!H:H,"AF"))>0," P01"," ") | BL6: =IF(SUM(COUNTIFS('Planificación 2026-1'!F:F,"HUAURA",'Planificación 2026-1'!X:X,C6,'Planificación 2026-1'!H:H,"EN"))>0,"P02"," ") | BM6: =IF(SUM(COUNTIFS('Planificación 2026-1'!F:F,"HUAURA",'Planificación 2026-1'!X:X,C6,'Planificación 2026-1'!H:H,"IS"))>0,"P03"," ") | BN6: =IF(SUM(COUNTIFS('Planificación 2026-1'!F:F,"HUAURA",'Planificación 2026-1'!X:X,C6,'Planificación 2026-1'!H:H,"PS"))>0,"P04"," ") | BP6: =IF(SUM(COUNTIFS('Planificación 2026-1'!F:F,"HUAURA",'Planificación 2026-1'!X:X,C6,'Planificación 2026-1'!H:H,"IN"))>0,"P06"," ") | BQ6: =IF(SUM(COUNTIFS('Planificación 2026-1'!F:F,"HUAURA",'Planificación 2026-1'!X:X,C6,'Planificación 2026-1'!H:H,"CA"))>0,"P07"," ") | BR6: =IF(SUM(COUNTIFS('Planificación 2026-1'!F:F,"HUAURA",'Planificación 2026-1'!X:X,C6,'Planificación 2026-1'!H:H,"DE"))>0,"P08"," ") | BS6: =IF(SUM(COUNTIFS('Planificación 2026-1'!F:F,"HUAURA",'Planificación 2026-1'!X:X,C6,'Planificación 2026-1'!H:H,"OB"))>0,"P09"," ") | BT6: =IF(SUM(COUNTIFS('Planificación 2026-1'!F:F,"HUAURA",'Planificación 2026-1'!X:X,C6,'Planificación 2026-1'!H:H,"MH"))>0,"P31"," ") | BU6: =IF(SUM(COUNTIFS('Planificación 2026-1'!F:F,"HUAURA",'Planificación 2026-1'!X:X,C6,'Planificación 2026-1'!H:H,"IC"))>0,"P32"," ") | BV6: =IF(SUM(COUNTIFS('Planificación 2026-1'!F:F,"HUAURA",'Planificación 2026-1'!X:X,C6,'Planificación 2026-1'!H:H,"AR"))>0,"P34"," ") | BW6: =IF(SUM(COUNTIFS('Planificación 2026-1'!F:F,"HUAURA",'Planificación 2026-1'!X:X,C6,'Planificación 2026-1'!H:H,"T1"))>0,"P35"," ") | BX6: =IF(SUM(COUNTIFS('Planificación 2026-1'!F:F,"HUAURA",'Planificación 2026-1'!X:X,C6,'Planificación 2026-1'!H:H,"T3"))>0,"P36"," ") | BY6: =IF(SUM(COUNTIFS('Planificación 2026-1'!F:F,"HUAURA",'Planificación 2026-1'!X:X,C6,'Planificación 2026-1'!H:H,"T2"))>0,"P37"," ") | BZ6: =IF(SUM(COUNTIFS('Planificación 2026-1'!F:F,"HUAURA",'Planificación 2026-1'!X:X,C6,'Planificación 2026-1'!H:H,"AE"))>0,"P38"," ") | CA6: =IF(SUM(COUNTIFS('Planificación 2026-1'!F:F,"HUAURA",'Planificación 2026-1'!X:X,C6,'Planificación 2026-1'!H:H,"T4"))>0,"P55"," ") | CB6: =SUMIFS('Planificación 2026-1'!S:S,'Planificación 2026-1'!X:X,C6,'Planificación 2026-1'!H:H,"AF",'Planificación 2026-1'!I:I,">2") -> 0 | CC6: =SUMIFS('Planificación 2026-1'!S:S,'Planificación 2026-1'!X:X,C6,'Planificación 2026-1'!H:H,"EN",'Planificación 2026-1'!I:I,">2") -> 0 | CD6: =SUMIFS('Planificación 2026-1'!S:S,'Planificación 2026-1'!X:X,C6,'Planificación 2026-1'!H:H,"IS",'Planificación 2026-1'!I:I,">2") -> 0 | CE6: =SUMIFS('Planificación 2026-1'!S:S,'Planificación 2026-1'!X:X,C6,'Planificación 2026-1'!H:H,"PS",'Planificación 2026-1'!I:I,">2") -> 13 | CF6: =SUMIFS('Planificación 2026-1'!S:S,'Planificación 2026-1'!X:X,C6,'Planificación 2026-1'!H:H,"IN",'Planificación 2026-1'!I:I,">2") -> 0 | CG6: =SUMIFS('Planificación 2026-1'!S:S,'Planificación 2026-1'!X:X,C6,'Planificación 2026-1'!H:H,"CA",'Planificación 2026-1'!I:I,">2") -> 0 | CH6: =SUMIFS('Planificación 2026-1'!S:S,'Planificación 2026-1'!X:X,C6,'Planificación 2026-1'!H:H,"DE",'Planificación 2026-1'!I:I,">2") -> 0 | CI6: =SUMIFS('Planificación 2026-1'!S:S,'Planificación 2026-1'!X:X,C6,'Planificación 2026-1'!H:H,"OB",'Planificación 2026-1'!I:I,">2") -> 0 | CJ6: =SUMIFS('Planificación 2026-1'!S:S,'Planificación 2026-1'!X:X,C6,'Planificación 2026-1'!H:H,"MH",'Planificación 2026-1'!I:I,">2") -> 0 | CK6: =SUMIFS('Planificación 2026-1'!S:S,'Planificación 2026-1'!X:X,C6,'Planificación 2026-1'!H:H,"IC",'Planificación 2026-1'!I:I,">2") -> 0 | CL6: =SUMIFS('Planificación 2026-1'!S:S,'Planificación 2026-1'!X:X,C6,'Planificación 2026-1'!H:H,"AR",'Planificación 2026-1'!I:I,">2") -> 0 | CM6: =SUMIFS('Planificación 2026-1'!S:S,'Planificación 2026-1'!X:X,C6,'Planificación 2026-1'!H:H,"AE",'Planificación 2026-1'!I:I,">2") -> 0 | CN6: =SUMIFS('Planificación 2026-1'!S:S,'Planificación 2026-1'!X:X,C6,'Planificación 2026-1'!H:H,"T1",'Planificación 2026-1'!I:I,">2") -> 0 | CO6: =SUMIFS('Planificación 2026-1'!S:S,'Planificación 2026-1'!X:X,C6,'Planificación 2026-1'!H:H,"T3",'Planificación 2026-1'!I:I,">2") -> 0 | CP6: =SUMIFS('Planificación 2026-1'!S:S,'Planificación 2026-1'!X:X,C6,'Planificación 2026-1'!H:H,"T2",'Planificación 2026-1'!I:I,">2") -> 0 | CQ6: =SUMIFS('Planificación 2026-1'!S:S,'Planificación 2026-1'!X:X,C6,'Planificación 2026-1'!H:H,"T4",'Planificación 2026-1'!I:I,">2") -> 0 | CR6: =SUMIFS('Planificación 2026-1'!S:S,'Planificación 2026-1'!X:X,C6,'Planificación 2026-1'!H:H,"AF",'Planificación 2026-1'!I:I,"<3") -> 0 | CS6: =SUMIFS('Planificación 2026-1'!S:S,'Planificación 2026-1'!X:X,C6,'Planificación 2026-1'!H:H,"EN",'Planificación 2026-1'!I:I,"<3") -> 0 | CT6: =SUMIFS('Planificación 2026-1'!S:S,'Planificación 2026-1'!X:X,C6,'Planificación 2026-1'!H:H,"IS",'Planificación 2026-1'!I:I,"<3") -> 0 | CU6: =SUMIFS('Planificación 2026-1'!S:S,'Planificación 2026-1'!X:X,C6,'Planificación 2026-1'!H:H,"PS",'Planificación 2026-1'!I:I,"<3") -> 0 | CV6: =SUMIFS('Planificación 2026-1'!S:S,'Planificación 2026-1'!X:X,C6,'Planificación 2026-1'!H:H,"IN",'Planificación 2026-1'!I:I,"<3") -> 0 | CW6: =SUMIFS('Planificación 2026-1'!S:S,'Planificación 2026-1'!X:X,C6,'Planificación 2026-1'!H:H,"CA",'Planificación 2026-1'!I:I,"<3") -> 0 | CX6: =SUMIFS('Planificación 2026-1'!S:S,'Planificación 2026-1'!X:X,C6,'Planificación 2026-1'!H:H,"DE",'Planificación 2026-1'!I:I,"<3") -> 0 | CY6: =SUMIFS('Planificación 2026-1'!S:S,'Planificación 2026-1'!X:X,C6,'Planificación 2026-1'!H:H,"OB",'Planificación 2026-1'!I:I,"<3") -> 0 | CZ6: =SUMIFS('Planificación 2026-1'!S:S,'Planificación 2026-1'!X:X,C6,'Planificación 2026-1'!H:H,"MH",'Planificación 2026-1'!I:I,"<3") -> 0 | DA6: =SUMIFS('Planificación 2026-1'!S:S,'Planificación 2026-1'!X:X,C6,'Planificación 2026-1'!H:H,"IC",'Planificación 2026-1'!I:I,"<3") -> 0 | DB6: =SUMIFS('Planificación 2026-1'!S:S,'Planificación 2026-1'!X:X,C6,'Planificación 2026-1'!H:H,"AR",'Planificación 2026-1'!I:I,"<3") -> 0 | DC6: =SUMIFS('Planificación 2026-1'!S:S,'Planificación 2026-1'!X:X,C6,'Planificación 2026-1'!H:H,"AE",'Planificación 2026-1'!I:I,"<3") -> 0 | DD6: =SUMIFS('Planificación 2026-1'!S:S,'Planificación 2026-1'!X:X,C6,'Planificación 2026-1'!H:H,"T1",'Planificación 2026-1'!I:I,"<3") -> 0 | DE6: =SUMIFS('Planificación 2026-1'!S:S,'Planificación 2026-1'!X:X,C6,'Planificación 2026-1'!H:H,"T3",'Planificación 2026-1'!I:I,"<3") -> 0 | DF6: =SUMIFS('Planificación 2026-1'!S:S,'Planificación 2026-1'!X:X,C6,'Planificación 2026-1'!H:H,"T2",'Planificación 2026-1'!I:I,"<3") -> 0 | DG6: =SUMIFS('Planificación 2026-1'!S:S,'Planificación 2026-1'!X:X,C6,'Planificación 2026-1'!H:H,"T4",'Planificación 2026-1'!I:I,"<3") -> 0 | DH6: =TRIM(CONCATENATE(L6,M6,N6,O6,P6,Q6,R6,S6,T6,U6,V6,W6,X6,Y6,Z6,AA6,AB6)) -> P04 | DI6: =IF(C6="","",SUMIFS('Planificación 2026-1'!S:S,'Planificación 2026-1'!X:X,C6,'Planificación 2026-1'!F:F,"PRINCIPAL",'Planificación 2026-1'!Y:Y,"VIRTUAL")) -> 0 | DJ6: =IF(C6="","",SUMIFS('Planificación 2026-1'!S:S,'Planificación 2026-1'!X:X,C6,'Planificación 2026-1'!F:F,"PRINCIPAL",'Planificación 2026-1'!Y:Y,"PRESENCIAL")) -> 13 | DK6: =IF(C6="","",SUMIFS('Planificación 2026-1'!S:S,'Planificación 2026-1'!X:X,C6,'Planificación 2026-1'!F:F,"PRINCIPAL",'Planificación 2026-1'!Y:Y,"HIBRIDO PRESENCIAL")) -> 0 | DL6: =TRIM(CONCATENATE(AC6,AD6,AE6,AF6,AG6,AH6,AI6,AJ6,AK6,AL6,AM6,AN6,AO6,AP6,AQ6,AR6,AS6)) | DM6: =IF(C6="","",SUMIFS('Planificación 2026-1'!S:S,'Planificación 2026-1'!X:X,C6,'Planificación 2026-1'!F:F,"FILIAL",'Planificación 2026-1'!Y:Y,"VIRTUAL")) -> 0 | DN6: =IF(C6="","",SUMIFS('Planificación 2026-1'!S:S,'Planificación 2026-1'!X:X,C6,'Planificación 2026-1'!F:F,"FILIAL",'Planificación 2026-1'!Y:Y,"PRESENCIAL")) -> 0 | DO6: =IF(C6="","",SUMIFS('Planificación 2026-1'!S:S,'Planificación 2026-1'!X:X,C6,'Planificación 2026-1'!F:F,"FILIAL",'Planificación 2026-1'!Y:Y,"HIBRIDO PRESENCIAL")) -> 0 | DP6: =TRIM(CONCATENATE(AT6,AU6,AV6,AW6,AX6,AY6,AZ6,BA6,BB6,BC6,BD6,BE6,BF6,BG6,BH6,BI6,BJ6)) | DQ6: =IF(C6="","",SUMIFS('Planificación 2026-1'!S:S,'Planificación 2026-1'!X:X,C6,'Planificación 2026-1'!F:F,"SUNAMPE",'Planificación 2026-1'!Y:Y,"VIRTUAL")) -> 0 | DR6: =IF(C6="","",SUMIFS('Planificación 2026-1'!S:S,'Planificación 2026-1'!X:X,C6,'Planificación 2026-1'!F:F,"SUNAMPE",'Planificación 2026-1'!Y:Y,"PRESENCIAL")) -> 0 | DS6: =TRIM(CONCATENATE(BK6,BL6,BM6,BN6,BO6,BP6,BQ6,BR6,BS6,BT6,BU6,BV6,BW6,BX6,BY6,BZ6,CA6)) | DT6: =IF(C6="","",SUMIFS('Planificación 2026-1'!S:S,'Planificación 2026-1'!X:X,C6,'Planificación 2026-1'!F:F,"HUAURA",'Planificación 2026-1'!Y:Y,"VIRTUAL")) -> 0 | DU6: =IF(C6="","",SUMIFS('Planificación 2026-1'!S:S,'Planificación 2026-1'!X:X,C6,'Planificación 2026-1'!F:F,"HUAURA",'Planificación 2026-1'!Y:Y,"PRESENCIAL")) -> 0 | DV6: =SUMIFS('Planificación 2026-1'!S:S,'Planificación 2026-1'!X:X,C6,'Planificación 2026-1'!F:F,"PRINCIPAL",'Planificación 2026-1'!Y:Y,"VIRTUAL",'Planificación 2026-1'!I:I,">2") -> 0 | DW6: =SUMIFS('Planificación 2026-1'!S:S,'Planificación 2026-1'!X:X,C6,'Planificación 2026-1'!F:F,"PRINCIPAL",'Planificación 2026-1'!Y:Y,"<>VIRTUAL",'Planificación 2026-1'!I:I,">2") -> 13 | DX6: =SUMIFS('Planificación 2026-1'!S:S,'Planificación 2026-1'!X:X,C6,'Planificación 2026-1'!F:F,"SUNAMPE",'Planificación 2026-1'!Y:Y,"VIRTUAL",'Planificación 2026-1'!I:I,">2") -> 0 | DY6: =SUMIFS('Planificación 2026-1'!S:S,'Planificación 2026-1'!X:X,C6,'Planificación 2026-1'!F:F,"SUNAMPE",'Planificación 2026-1'!Y:Y,"<>VIRTUAL",'Planificación 2026-1'!I:I,">2") -> 0 | DZ6: =SUMIFS('Planificación 2026-1'!S:S,'Planificación 2026-1'!X:X,C6,'Planificación 2026-1'!F:F,"FILIAL",'Planificación 2026-1'!Y:Y,"VIRTUAL",'Planificación 2026-1'!I:I,">2") -> 0 | EA6: =SUMIFS('Planificación 2026-1'!S:S,'Planificación 2026-1'!X:X,C6,'Planificación 2026-1'!F:F,"FILIAL",'Planificación 2026-1'!Y:Y,"<>VIRTUAL",'Planificación 2026-1'!I:I,">2") -> 0 | EB6: =SUMIFS('Planificación 2026-1'!S:S,'Planificación 2026-1'!X:X,C6,'Planificación 2026-1'!F:F,"PORUMA",'Planificación 2026-1'!Y:Y,"VIRTUAL",'Planificación 2026-1'!I:I,">2") -> 0 | EC6: =SUMIFS('Planificación 2026-1'!S:S,'Planificación 2026-1'!X:X,C6,'Planificación 2026-1'!F:F,"PORUMA",'Planificación 2026-1'!Y:Y,"<>VIRTUAL",'Planificación 2026-1'!I:I,">2") -> 0 | ED6: =SUMIFS('Planificación 2026-1'!S:S,'Planificación 2026-1'!X:X,C6,'Planificación 2026-1'!F:F,"HUAURA",'Planificación 2026-1'!Y:Y,"VIRTUAL",'Planificación 2026-1'!I:I,">2") -> 0 | EE6: =SUMIFS('Planificación 2026-1'!S:S,'Planificación 2026-1'!X:X,C6,'Planificación 2026-1'!F:F,"HUAURA",'Planificación 2026-1'!Y:Y,"<>VIRTUAL",'Planificación 2026-1'!I:I,">2") -> 0 | EF6: =SUMIFS('Planificación 2026-1'!S:S,'Planificación 2026-1'!X:X,C6,'Planificación 2026-1'!F:F,"PRINCIPAL",'Planificación 2026-1'!Y:Y,"VIRTUAL",'Planificación 2026-1'!I:I,"<3") -> 0 | EG6: =SUMIFS('Planificación 2026-1'!S:S,'Planificación 2026-1'!X:X,C6,'Planificación 2026-1'!F:F,"PRINCIPAL",'Planificación 2026-1'!Y:Y,"<>VIRTUAL",'Planificación 2026-1'!I:I,"<3") -> 0 | EH6: =SUMIFS('Planificación 2026-1'!S:S,'Planificación 2026-1'!X:X,C6,'Planificación 2026-1'!F:F,"SUNAMPE",'Planificación 2026-1'!Y:Y,"VIRTUAL",'Planificación 2026-1'!I:I,"<3") -> 0 | EI6: =SUMIFS('Planificación 2026-1'!S:S,'Planificación 2026-1'!X:X,C6,'Planificación 2026-1'!F:F,"SUNAMPE",'Planificación 2026-1'!Y:Y,"<>VIRTUAL",'Planificación 2026-1'!I:I,"<3") -> 0 | EJ6: =SUMIFS('Planificación 2026-1'!S:S,'Planificación 2026-1'!X:X,C6,'Planificación 2026-1'!F:F,"FILIAL",'Planificación 2026-1'!Y:Y,"VIRTUAL",'Planificación 2026-1'!I:I,"<3") -> 0 | EK6: =SUMIFS('Planificación 2026-1'!S:S,'Planificación 2026-1'!X:X,C6,'Planificación 2026-1'!F:F,"FILIAL",'Planificación 2026-1'!Y:Y,"<>VIRTUAL",'Planificación 2026-1'!I:I,"<3") -> 0 | EL6: =SUMIFS('Planificación 2026-1'!S:S,'Planificación 2026-1'!X:X,C6,'Planificación 2026-1'!F:F,"PORUMA",'Planificación 2026-1'!Y:Y,"VIRTUAL",'Planificación 2026-1'!I:I,"<3") -> 0 | EM6: =SUMIFS('Planificación 2026-1'!S:S,'Planificación 2026-1'!X:X,C6,'Planificación 2026-1'!F:F,"PORUMA",'Planificación 2026-1'!Y:Y,"<>VIRTUAL",'Planificación 2026-1'!I:I,"<3") -> 0 | EN6: =SUMIFS('Planificación 2026-1'!S:S,'Planificación 2026-1'!X:X,C6,'Planificación 2026-1'!F:F,"HUAURA",'Planificación 2026-1'!Y:Y,"VIRTUAL",'Planificación 2026-1'!I:I,"<3") -> 0 | EO6: =SUMIFS('Planificación 2026-1'!S:S,'Planificación 2026-1'!X:X,C6,'Planificación 2026-1'!F:F,"HUAURA",'Planificación 2026-1'!Y:Y,"<>VIRTUAL",'Planificación 2026-1'!I:I,"<3") -> 0 | EP6: =EJ6+DZ6+EA6+EK6 -> 0 | EQ6: =EO6+EN6+EE6+ED6 -> 0 | ER6: =EL6+EM6+EC6+EB6 -> 0 | ES6: =EG6+EF6+DW6+DV6 -> 13 | ET6: =EI6+EH6+DY6+DX6 -> 0 | EU6: =SUM(EP6:ET6) -> 13 | EV6: =EXACT(EU6,E6) -> TRUE | EX6: =DV6+DZ6+ED6+EF6+EJ6+EN6+DX6+EH6 -> 0 | EY6: =DW6+EA6+EE6+EG6+EK6+EO6+DY6+EI6 -> 13 | EZ6: =EXACT(SUM(EX6:EY6),E6) -> TRUE | FA6: =IF(AND(DW6=0,EA6=0,EE6=0),"",IF(COUNTIF(DW6:EE6,">0")=1,IF(DW6>0,"SEDE",IF(EA6>0,"FILIAL","HUAURA")),IF(COUNTIF(DW6:EE6,">0")=2,IF(AND(DW6>0,EA6>0),"SEDE-FILIAL",IF(AND(DW6>0,EE6>0),"SEDE-HUAURA","FILIAL-HUAURA")),"SEDE-FILIAL-HUAURA"))) -> SEDE | FB6: =IF(EX6=0,"PRESENCIAL",IF(EY6=0,"VIRTUAL",IF(EX6>EY6,"MAS VIRTUAL",IF(EY6>EX6,"MAS PRESENCIAL","AMBOS")))) -> PRESENCIAL
B7: 4 | C7: ALVAREZ GARCIA TERESA ELVIRA | D7: 21525109 | E7: =SUMIF('Planificación 2026-1'!X:X,C7,'Planificación 2026-1'!S:S) -> 17 | F7: TP | G7: RENOVACIÓN | H7: FILIAL | I7: MEDICINA HUMANA | J7: PORUMA | K7: MEDICINA HUMANA | L7: =IF(SUM(COUNTIFS('Planificación 2026-1'!F:F,"PRINCIPAL",'Planificación 2026-1'!X:X,C7,'Planificación 2026-1'!H:H,"AF"))>0,"P01"," ") | M7: =IF(SUM(COUNTIFS('Planificación 2026-1'!F:F,"PRINCIPAL",'Planificación 2026-1'!X:X,C7,'Planificación 2026-1'!H:H,"EN"))>0,"P02"," ") | N7: =IF(SUM(COUNTIFS('Planificación 2026-1'!F:F,"PRINCIPAL",'Planificación 2026-1'!X:X,C7,'Planificación 2026-1'!H:H,"IS"))>0,"P03"," ") | O7: =IF(SUM(COUNTIFS('Planificación 2026-1'!F:F,"PRINCIPAL",'Planificación 2026-1'!X:X,C7,'Planificación 2026-1'!H:H,"PS"))>0,"P04"," ") | Q7: =IF(SUM(COUNTIFS('Planificación 2026-1'!F:F,"PRINCIPAL",'Planificación 2026-1'!X:X,C7,'Planificación 2026-1'!H:H,"IN"))>0,"P06"," ") | R7: =IF(SUM(COUNTIFS('Planificación 2026-1'!F:F,"PRINCIPAL",'Planificación 2026-1'!X:X,C7,'Planificación 2026-1'!H:H,"CA"))>0,"P07"," ") | S7: =IF(SUM(COUNTIFS('Planificación 2026-1'!F:F,"PRINCIPAL",'Planificación 2026-1'!X:X,C7,'Planificación 2026-1'!H:H,"DE"))>0,"P08"," ") | T7: =IF(SUM(COUNTIFS('Planificación 2026-1'!F:F,"PRINCIPAL",'Planificación 2026-1'!X:X,C7,'Planificación 2026-1'!H:H,"OB"))>0,"P09"," ") | U7: =IF(SUM(COUNTIFS('Planificación 2026-1'!F:F,"PRINCIPAL",'Planificación 2026-1'!X:X,C7,'Planificación 2026-1'!H:H,"MH"))>0,"P31"," ") | V7: =IF(SUM(COUNTIFS('Planificación 2026-1'!F:F,"PRINCIPAL",'Planificación 2026-1'!X:X,C7,'Planificación 2026-1'!H:H,"IC"))>0,"P32"," ") | W7: =IF(SUM(COUNTIFS('Planificación 2026-1'!F:F,"PRINCIPAL",'Planificación 2026-1'!X:X,C7,'Planificación 2026-1'!H:H,"AR"))>0,"P34"," ") | X7: =IF(SUM(COUNTIFS('Planificación 2026-1'!F:F,"PRINCIPAL",'Planificación 2026-1'!X:X,C7,'Planificación 2026-1'!H:H,"T1"))>0,"P35"," ") | Y7: =IF(SUM(COUNTIFS('Planificación 2026-1'!F:F,"PRINCIPAL",'Planificación 2026-1'!X:X,C7,'Planificación 2026-1'!H:H,"T3"))>0,"P36"," ") | Z7: =IF(SUM(COUNTIFS('Planificación 2026-1'!F:F,"PRINCIPAL",'Planificación 2026-1'!X:X,C7,'Planificación 2026-1'!H:H,"T2"))>0,"P37"," ") | AA7: =IF(SUM(COUNTIFS('Planificación 2026-1'!F:F,"PRINCIPAL",'Planificación 2026-1'!X:X,C7,'Planificación 2026-1'!H:H,"AE"))>0,"P38"," ") | AB7: =IF(SUM(COUNTIFS('Planificación 2026-1'!F:F,"PRINCIPAL",'Planificación 2026-1'!X:X,C7,'Planificación 2026-1'!H:H,"T4"))>0,"P55"," ") | AC7: =IF(SUM(COUNTIFS('Planificación 2026-1'!F:F,"FILIAL",'Planificación 2026-1'!X:X,C7,'Planificación 2026-1'!H:H,"AF"))>0," P01"," ") | AD7: =IF(SUM(COUNTIFS('Planificación 2026-1'!F:F,"FILIAL",'Planificación 2026-1'!X:X,C7,'Planificación 2026-1'!H:H,"EN"))>0,"P02"," ") | AE7: =IF(SUM(COUNTIFS('Planificación 2026-1'!F:F,"FILIAL",'Planificación 2026-1'!X:X,C7,'Planificación 2026-1'!H:H,"IS"))>0,"P03"," ") | AF7: =IF(SUM(COUNTIFS('Planificación 2026-1'!F:F,"FILIAL",'Planificación 2026-1'!X:X,C7,'Planificación 2026-1'!H:H,"PS"))>0,"P04"," ") | AH7: =IF(SUM(COUNTIFS('Planificación 2026-1'!F:F,"FILIAL",'Planificación 2026-1'!X:X,C7,'Planificación 2026-1'!H:H,"IN"))>0,"P06"," ") | AI7: =IF(SUM(COUNTIFS('Planificación 2026-1'!F:F,"FILIAL",'Planificación 2026-1'!X:X,C7,'Planificación 2026-1'!H:H,"CA"))>0,"P07"," ") | AJ7: =IF(SUM(COUNTIFS('Planificación 2026-1'!F:F,"FILIAL",'Planificación 2026-1'!X:X,C7,'Planificación 2026-1'!H:H,"DE"))>0,"P08"," ") | AK7: =IF(SUM(COUNTIFS('Planificación 2026-1'!F:F,"FILIAL",'Planificación 2026-1'!X:X,C7,'Planificación 2026-1'!H:H,"OB"))>0,"P09"," ") | AL7: =IF(SUM(COUNTIFS('Planificación 2026-1'!F:F,"FILIAL",'Planificación 2026-1'!X:X,C7,'Planificación 2026-1'!H:H,"MH"))>0,"P31"," ") | AM7: =IF(SUM(COUNTIFS('Planificación 2026-1'!F:F,"FILIAL",'Planificación 2026-1'!X:X,C7,'Planificación 2026-1'!H:H,"IC"))>0,"P32"," ") | AN7: =IF(SUM(COUNTIFS('Planificación 2026-1'!F:F,"FILIAL",'Planificación 2026-1'!X:X,C7,'Planificación 2026-1'!H:H,"AR"))>0,"P34"," ") | AO7: =IF(SUM(COUNTIFS('Planificación 2026-1'!F:F,"FILIAL",'Planificación 2026-1'!X:X,C7,'Planificación 2026-1'!H:H,"T1"))>0,"P35"," ") | AP7: =IF(SUM(COUNTIFS('Planificación 2026-1'!F:F,"FILIAL",'Planificación 2026-1'!X:X,C7,'Planificación 2026-1'!H:H,"T3"))>0,"P36"," ") | AQ7: =IF(SUM(COUNTIFS('Planificación 2026-1'!F:F,"FILIAL",'Planificación 2026-1'!X:X,C7,'Planificación 2026-1'!H:H,"T2"))>0,"P37"," ") | AR7: =IF(SUM(COUNTIFS('Planificación 2026-1'!F:F,"FILIAL",'Planificación 2026-1'!X:X,C7,'Planificación 2026-1'!H:H,"AE"))>0,"P38"," ") | AS7: =IF(SUM(COUNTIFS('Planificación 2026-1'!F:F,"FILIAL",'Planificación 2026-1'!X:X,C7,'Planificación 2026-1'!H:H,"T4"))>0,"P55"," ") | AT7: =IF(SUM(COUNTIFS('Planificación 2026-1'!F:F,"SUNAMPE",'Planificación 2026-1'!X:X,C7,'Planificación 2026-1'!H:H,"AF"))>0," P01"," ") | AU7: =IF(SUM(COUNTIFS('Planificación 2026-1'!F:F,"SUNAMPE",'Planificación 2026-1'!X:X,C7,'Planificación 2026-1'!H:H,"EN"))>0,"P02"," ") | AV7: =IF(SUM(COUNTIFS('Planificación 2026-1'!F:F,"SUNAMPE",'Planificación 2026-1'!X:X,C7,'Planificación 2026-1'!H:H,"IS"))>0,"P03"," ") | AW7: =IF(SUM(COUNTIFS('Planificación 2026-1'!F:F,"SUNAMPE",'Planificación 2026-1'!X:X,C7,'Planificación 2026-1'!H:H,"PS"))>0,"P04"," ") | AY7: =IF(SUM(COUNTIFS('Planificación 2026-1'!F:F,"SUNAMPE",'Planificación 2026-1'!X:X,C7,'Planificación 2026-1'!H:H,"IN"))>0,"P06"," ") | AZ7: =IF(SUM(COUNTIFS('Planificación 2026-1'!F:F,"SUNAMPE",'Planificación 2026-1'!X:X,C7,'Planificación 2026-1'!H:H,"CA"))>0,"P07"," ") | BA7: =IF(SUM(COUNTIFS('Planificación 2026-1'!F:F,"SUNAMPE",'Planificación 2026-1'!X:X,C7,'Planificación 2026-1'!H:H,"DE"))>0,"P08"," ") | BB7: =IF(SUM(COUNTIFS('Planificación 2026-1'!F:F,"SUNAMPE",'Planificación 2026-1'!X:X,C7,'Planificación 2026-1'!H:H,"OB"))>0,"P09"," ") | BC7: =IF(SUM(COUNTIFS('Planificación 2026-1'!F:F,"SUNAMPE",'Planificación 2026-1'!X:X,C7,'Planificación 2026-1'!H:H,"MH"))>0,"P31"," ") | BD7: =IF(SUM(COUNTIFS('Planificación 2026-1'!F:F,"SUNAMPE",'Planificación 2026-1'!X:X,C7,'Planificación 2026-1'!H:H,"IC"))>0,"P32"," ") | BE7: =IF(SUM(COUNTIFS('Planificación 2026-1'!F:F,"SUNAMPE",'Planificación 2026-1'!X:X,C7,'Planificación 2026-1'!H:H,"AR"))>0,"P34"," ") | BF7: =IF(SUM(COUNTIFS('Planificación 2026-1'!F:F,"SUNAMPE",'Planificación 2026-1'!X:X,C7,'Planificación 2026-1'!H:H,"T1"))>0,"P35"," ") | BG7: =IF(SUM(COUNTIFS('Planificación 2026-1'!F:F,"SUNAMPE",'Planificación 2026-1'!X:X,C7,'Planificación 2026-1'!H:H,"T3"))>0,"P36"," ") | BH7: =IF(SUM(COUNTIFS('Planificación 2026-1'!F:F,"SUNAMPE",'Planificación 2026-1'!X:X,C7,'Planificación 2026-1'!H:H,"T2"))>0,"P37"," ") | BI7: =IF(SUM(COUNTIFS('Planificación 2026-1'!F:F,"SUNAMPE",'Planificación 2026-1'!X:X,C7,'Planificación 2026-1'!H:H,"AE"))>0,"P38"," ") | BJ7: =IF(SUM(COUNTIFS('Planificación 2026-1'!F:F,"SUNAMPE",'Planificación 2026-1'!X:X,C7,'Planificación 2026-1'!H:H,"T4"))>0,"P55"," ") | BK7: =IF(SUM(COUNTIFS('Planificación 2026-1'!F:F,"HUAURA",'Planificación 2026-1'!X:X,C7,'Planificación 2026-1'!H:H,"AF"))>0," P01"," ") | BL7: =IF(SUM(COUNTIFS('Planificación 2026-1'!F:F,"HUAURA",'Planificación 2026-1'!X:X,C7,'Planificación 2026-1'!H:H,"EN"))>0,"P02"," ") | BM7: =IF(SUM(COUNTIFS('Planificación 2026-1'!F:F,"HUAURA",'Planificación 2026-1'!X:X,C7,'Planificación 2026-1'!H:H,"IS"))>0,"P03"," ") | BN7: =IF(SUM(COUNTIFS('Planificación 2026-1'!F:F,"HUAURA",'Planificación 2026-1'!X:X,C7,'Planificación 2026-1'!H:H,"PS"))>0,"P04"," ") | BP7: =IF(SUM(COUNTIFS('Planificación 2026-1'!F:F,"HUAURA",'Planificación 2026-1'!X:X,C7,'Planificación 2026-1'!H:H,"IN"))>0,"P06"," ") | BQ7: =IF(SUM(COUNTIFS('Planificación 2026-1'!F:F,"HUAURA",'Planificación 2026-1'!X:X,C7,'Planificación 2026-1'!H:H,"CA"))>0,"P07"," ") | BR7: =IF(SUM(COUNTIFS('Planificación 2026-1'!F:F,"HUAURA",'Planificación 2026-1'!X:X,C7,'Planificación 2026-1'!H:H,"DE"))>0,"P08"," ") | BS7: =IF(SUM(COUNTIFS('Planificación 2026-1'!F:F,"HUAURA",'Planificación 2026-1'!X:X,C7,'Planificación 2026-1'!H:H,"OB"))>0,"P09"," ") | BT7: =IF(SUM(COUNTIFS('Planificación 2026-1'!F:F,"HUAURA",'Planificación 2026-1'!X:X,C7,'Planificación 2026-1'!H:H,"MH"))>0,"P31"," ") | BU7: =IF(SUM(COUNTIFS('Planificación 2026-1'!F:F,"HUAURA",'Planificación 2026-1'!X:X,C7,'Planificación 2026-1'!H:H,"IC"))>0,"P32"," ") | BV7: =IF(SUM(COUNTIFS('Planificación 2026-1'!F:F,"HUAURA",'Planificación 2026-1'!X:X,C7,'Planificación 2026-1'!H:H,"AR"))>0,"P34"," ") | BW7: =IF(SUM(COUNTIFS('Planificación 2026-1'!F:F,"HUAURA",'Planificación 2026-1'!X:X,C7,'Planificación 2026-1'!H:H,"T1"))>0,"P35"," ") | BX7: =IF(SUM(COUNTIFS('Planificación 2026-1'!F:F,"HUAURA",'Planificación 2026-1'!X:X,C7,'Planificación 2026-1'!H:H,"T3"))>0,"P36"," ") | BY7: =IF(SUM(COUNTIFS('Planificación 2026-1'!F:F,"HUAURA",'Planificación 2026-1'!X:X,C7,'Planificación 2026-1'!H:H,"T2"))>0,"P37"," ") | BZ7: =IF(SUM(COUNTIFS('Planificación 2026-1'!F:F,"HUAURA",'Planificación 2026-1'!X:X,C7,'Planificación 2026-1'!H:H,"AE"))>0,"P38"," ") | CA7: =IF(SUM(COUNTIFS('Planificación 2026-1'!F:F,"HUAURA",'Planificación 2026-1'!X:X,C7,'Planificación 2026-1'!H:H,"T4"))>0,"P55"," ") | CB7: =SUMIFS('Planificación 2026-1'!S:S,'Planificación 2026-1'!X:X,C7,'Planificación 2026-1'!H:H,"AF",'Planificación 2026-1'!I:I,">2") -> 0 | CC7: =SUMIFS('Planificación 2026-1'!S:S,'Planificación 2026-1'!X:X,C7,'Planificación 2026-1'!H:H,"EN",'Planificación 2026-1'!I:I,">2") -> 0 | CD7: =SUMIFS('Planificación 2026-1'!S:S,'Planificación 2026-1'!X:X,C7,'Planificación 2026-1'!H:H,"IS",'Planificación 2026-1'!I:I,">2") -> 0 | CE7: =SUMIFS('Planificación 2026-1'!S:S,'Planificación 2026-1'!X:X,C7,'Planificación 2026-1'!H:H,"PS",'Planificación 2026-1'!I:I,">2") -> 0 | CF7: =SUMIFS('Planificación 2026-1'!S:S,'Planificación 2026-1'!X:X,C7,'Planificación 2026-1'!H:H,"IN",'Planificación 2026-1'!I:I,">2") -> 0 | CG7: =SUMIFS('Planificación 2026-1'!S:S,'Planificación 2026-1'!X:X,C7,'Planificación 2026-1'!H:H,"CA",'Planificación 2026-1'!I:I,">2") -> 0 | CH7: =SUMIFS('Planificación 2026-1'!S:S,'Planificación 2026-1'!X:X,C7,'Planificación 2026-1'!H:H,"DE",'Planificación 2026-1'!I:I,">2") -> 0 | CI7: =SUMIFS('Planificación 2026-1'!S:S,'Planificación 2026-1'!X:X,C7,'Planificación 2026-1'!H:H,"OB",'Planificación 2026-1'!I:I,">2") -> 0 | CJ7: =SUMIFS('Planificación 2026-1'!S:S,'Planificación 2026-1'!X:X,C7,'Planificación 2026-1'!H:H,"MH",'Planificación 2026-1'!I:I,">2") -> 13 | CK7: =SUMIFS('Planificación 2026-1'!S:S,'Planificación 2026-1'!X:X,C7,'Planificación 2026-1'!H:H,"IC",'Planificación 2026-1'!I:I,">2") -> 0 | CL7: =SUMIFS('Planificación 2026-1'!S:S,'Planificación 2026-1'!X:X,C7,'Planificación 2026-1'!H:H,"AR",'Planificación 2026-1'!I:I,">2") -> 0 | CM7: =SUMIFS('Planificación 2026-1'!S:S,'Planificación 2026-1'!X:X,C7,'Planificación 2026-1'!H:H,"AE",'Planificación 2026-1'!I:I,">2") -> 0 | CN7: =SUMIFS('Planificación 2026-1'!S:S,'Planificación 2026-1'!X:X,C7,'Planificación 2026-1'!H:H,"T1",'Planificación 2026-1'!I:I,">2") -> 0 | CO7: =SUMIFS('Planificación 2026-1'!S:S,'Planificación 2026-1'!X:X,C7,'Planificación 2026-1'!H:H,"T3",'Planificación 2026-1'!I:I,">2") -> 0 | CP7: =SUMIFS('Planificación 2026-1'!S:S,'Planificación 2026-1'!X:X,C7,'Planificación 2026-1'!H:H,"T2",'Planificación 2026-1'!I:I,">2") -> 0 | CQ7: =SUMIFS('Planificación 2026-1'!S:S,'Planificación 2026-1'!X:X,C7,'Planificación 2026-1'!H:H,"T4",'Planificación 2026-1'!I:I,">2") -> 0 | CR7: =SUMIFS('Planificación 2026-1'!S:S,'Planificación 2026-1'!X:X,C7,'Planificación 2026-1'!H:H,"AF",'Planificación 2026-1'!I:I,"<3") -> 0 | CS7: =SUMIFS('Planificación 2026-1'!S:S,'Planificación 2026-1'!X:X,C7,'Planificación 2026-1'!H:H,"EN",'Planificación 2026-1'!I:I,"<3") -> 0 | CT7: =SUMIFS('Planificación 2026-1'!S:S,'Planificación 2026-1'!X:X,C7,'Planificación 2026-1'!H:H,"IS",'Planificación 2026-1'!I:I,"<3") -> 0 | CU7: =SUMIFS('Planificación 2026-1'!S:S,'Planificación 2026-1'!X:X,C7,'Planificación 2026-1'!H:H,"PS",'Planificación 2026-1'!I:I,"<3") -> 0 | CV7: =SUMIFS('Planificación 2026-1'!S:S,'Planificación 2026-1'!X:X,C7,'Planificación 2026-1'!H:H,"IN",'Planificación 2026-1'!I:I,"<3") -> 0 | CW7: =SUMIFS('Planificación 2026-1'!S:S,'Planificación 2026-1'!X:X,C7,'Planificación 2026-1'!H:H,"CA",'Planificación 2026-1'!I:I,"<3") -> 0 | CX7: =SUMIFS('Planificación 2026-1'!S:S,'Planificación 2026-1'!X:X,C7,'Planificación 2026-1'!H:H,"DE",'Planificación 2026-1'!I:I,"<3") -> 0 | CY7: =SUMIFS('Planificación 2026-1'!S:S,'Planificación 2026-1'!X:X,C7,'Planificación 2026-1'!H:H,"OB",'Planificación 2026-1'!I:I,"<3") -> 0 | CZ7: =SUMIFS('Planificación 2026-1'!S:S,'Planificación 2026-1'!X:X,C7,'Planificación 2026-1'!H:H,"MH",'Planificación 2026-1'!I:I,"<3") -> 4 | DA7: =SUMIFS('Planificación 2026-1'!S:S,'Planificación 2026-1'!X:X,C7,'Planificación 2026-1'!H:H,"IC",'Planificación 2026-1'!I:I,"<3") -> 0 | DB7: =SUMIFS('Planificación 2026-1'!S:S,'Planificación 2026-1'!X:X,C7,'Planificación 2026-1'!H:H,"AR",'Planificación 2026-1'!I:I,"<3") -> 0 | DC7: =SUMIFS('Planificación 2026-1'!S:S,'Planificación 2026-1'!X:X,C7,'Planificación 2026-1'!H:H,"AE",'Planificación 2026-1'!I:I,"<3") -> 0 | DD7: =SUMIFS('Planificación 2026-1'!S:S,'Planificación 2026-1'!X:X,C7,'Planificación 2026-1'!H:H,"T1",'Planificación 2026-1'!I:I,"<3") -> 0 | DE7: =SUMIFS('Planificación 2026-1'!S:S,'Planificación 2026-1'!X:X,C7,'Planificación 2026-1'!H:H,"T3",'Planificación 2026-1'!I:I,"<3") -> 0 | DF7: =SUMIFS('Planificación 2026-1'!S:S,'Planificación 2026-1'!X:X,C7,'Planificación 2026-1'!H:H,"T2",'Planificación 2026-1'!I:I,"<3") -> 0 | DG7: =SUMIFS('Planificación 2026-1'!S:S,'Planificación 2026-1'!X:X,C7,'Planificación 2026-1'!H:H,"T4",'Planificación 2026-1'!I:I,"<3") -> 0 | DH7: =TRIM(CONCATENATE(L7,M7,N7,O7,P7,Q7,R7,S7,T7,U7,V7,W7,X7,Y7,Z7,AA7,AB7)) | DI7: =IF(C7="","",SUMIFS('Planificación 2026-1'!S:S,'Planificación 2026-1'!X:X,C7,'Planificación 2026-1'!F:F,"PRINCIPAL",'Planificación 2026-1'!Y:Y,"VIRTUAL")) -> 0 | DJ7: =IF(C7="","",SUMIFS('Planificación 2026-1'!S:S,'Planificación 2026-1'!X:X,C7,'Planificación 2026-1'!F:F,"PRINCIPAL",'Planificación 2026-1'!Y:Y,"PRESENCIAL")) -> 0 | DK7: =IF(C7="","",SUMIFS('Planificación 2026-1'!S:S,'Planificación 2026-1'!X:X,C7,'Planificación 2026-1'!F:F,"PRINCIPAL",'Planificación 2026-1'!Y:Y,"HIBRIDO PRESENCIAL")) -> 0 | DL7: =TRIM(CONCATENATE(AC7,AD7,AE7,AF7,AG7,AH7,AI7,AJ7,AK7,AL7,AM7,AN7,AO7,AP7,AQ7,AR7,AS7)) | DM7: =IF(C7="","",SUMIFS('Planificación 2026-1'!S:S,'Planificación 2026-1'!X:X,C7,'Planificación 2026-1'!F:F,"FILIAL",'Planificación 2026-1'!Y:Y,"VIRTUAL")) -> 0 | DN7: =IF(C7="","",SUMIFS('Planificación 2026-1'!S:S,'Planificación 2026-1'!X:X,C7,'Planificación 2026-1'!F:F,"FILIAL",'Planificación 2026-1'!Y:Y,"PRESENCIAL")) -> 0 | DO7: =IF(C7="","",SUMIFS('Planificación 2026-1'!S:S,'Planificación 2026-1'!X:X,C7,'Planificación 2026-1'!F:F,"FILIAL",'Planificación 2026-1'!Y:Y,"HIBRIDO PRESENCIAL")) -> 0 | DP7: =TRIM(CONCATENATE(AT7,AU7,AV7,AW7,AX7,AY7,AZ7,BA7,BB7,BC7,BD7,BE7,BF7,BG7,BH7,BI7,BJ7)) | DQ7: =IF(C7="","",SUMIFS('Planificación 2026-1'!S:S,'Planificación 2026-1'!X:X,C7,'Planificación 2026-1'!F:F,"SUNAMPE",'Planificación 2026-1'!Y:Y,"VIRTUAL")) -> 0 | DR7: =IF(C7="","",SUMIFS('Planificación 2026-1'!S:S,'Planificación 2026-1'!X:X,C7,'Planificación 2026-1'!F:F,"SUNAMPE",'Planificación 2026-1'!Y:Y,"PRESENCIAL")) -> 0 | DS7: =TRIM(CONCATENATE(BK7,BL7,BM7,BN7,BO7,BP7,BQ7,BR7,BS7,BT7,BU7,BV7,BW7,BX7,BY7,BZ7,CA7)) | DT7: =IF(C7="","",SUMIFS('Planificación 2026-1'!S:S,'Planificación 2026-1'!X:X,C7,'Planificación 2026-1'!F:F,"HUAURA",'Planificación 2026-1'!Y:Y,"VIRTUAL")) -> 0 | DU7: =IF(C7="","",SUMIFS('Planificación 2026-1'!S:S,'Planificación 2026-1'!X:X,C7,'Planificación 2026-1'!F:F,"HUAURA",'Planificación 2026-1'!Y:Y,"PRESENCIAL")) -> 0 | DV7: =SUMIFS('Planificación 2026-1'!S:S,'Planificación 2026-1'!X:X,C7,'Planificación 2026-1'!F:F,"PRINCIPAL",'Planificación 2026-1'!Y:Y,"VIRTUAL",'Planificación 2026-1'!I:I,">2") -> 0 | DW7: =SUMIFS('Planificación 2026-1'!S:S,'Planificación 2026-1'!X:X,C7,'Planificación 2026-1'!F:F,"PRINCIPAL",'Planificación 2026-1'!Y:Y,"<>VIRTUAL",'Planificación 2026-1'!I:I,">2") -> 0 | DX7: =SUMIFS('Planificación 2026-1'!S:S,'Planificación 2026-1'!X:X,C7,'Planificación 2026-1'!F:F,"SUNAMPE",'Planificación 2026-1'!Y:Y,"VIRTUAL",'Planificación 2026-1'!I:I,">2") -> 0 | DY7: =SUMIFS('Planificación 2026-1'!S:S,'Planificación 2026-1'!X:X,C7,'Planificación 2026-1'!F:F,"SUNAMPE",'Planificación 2026-1'!Y:Y,"<>VIRTUAL",'Planificación 2026-1'!I:I,">2") -> 0 | DZ7: =SUMIFS('Planificación 2026-1'!S:S,'Planificación 2026-1'!X:X,C7,'Planificación 2026-1'!F:F,"FILIAL",'Planificación 2026-1'!Y:Y,"VIRTUAL",'Planificación 2026-1'!I:I,">2") -> 0 | EA7: =SUMIFS('Planificación 2026-1'!S:S,'Planificación 2026-1'!X:X,C7,'Planificación 2026-1'!F:F,"FILIAL",'Planificación 2026-1'!Y:Y,"<>VIRTUAL",'Planificación 2026-1'!I:I,">2") -> 0 | EB7: =SUMIFS('Planificación 2026-1'!S:S,'Planificación 2026-1'!X:X,C7,'Planificación 2026-1'!F:F,"PORUMA",'Planificación 2026-1'!Y:Y,"VIRTUAL",'Planificación 2026-1'!I:I,">2") -> 4 | EC7: =SUMIFS('Planificación 2026-1'!S:S,'Planificación 2026-1'!X:X,C7,'Planificación 2026-1'!F:F,"PORUMA",'Planificación 2026-1'!Y:Y,"<>VIRTUAL",'Planificación 2026-1'!I:I,">2") -> 9 | ED7: =SUMIFS('Planificación 2026-1'!S:S,'Planificación 2026-1'!X:X,C7,'Planificación 2026-1'!F:F,"HUAURA",'Planificación 2026-1'!Y:Y,"VIRTUAL",'Planificación 2026-1'!I:I,">2") -> 0 | EE7: =SUMIFS('Planificación 2026-1'!S:S,'Planificación 2026-1'!X:X,C7,'Planificación 2026-1'!F:F,"HUAURA",'Planificación 2026-1'!Y:Y,"<>VIRTUAL",'Planificación 2026-1'!I:I,">2") -> 0 | EF7: =SUMIFS('Planificación 2026-1'!S:S,'Planificación 2026-1'!X:X,C7,'Planificación 2026-1'!F:F,"PRINCIPAL",'Planificación 2026-1'!Y:Y,"VIRTUAL",'Planificación 2026-1'!I:I,"<3") -> 0 | EG7: =SUMIFS('Planificación 2026-1'!S:S,'Planificación 2026-1'!X:X,C7,'Planificación 2026-1'!F:F,"PRINCIPAL",'Planificación 2026-1'!Y:Y,"<>VIRTUAL",'Planificación 2026-1'!I:I,"<3") -> 0 | EH7: =SUMIFS('Planificación 2026-1'!S:S,'Planificación 2026-1'!X:X,C7,'Planificación 2026-1'!F:F,"SUNAMPE",'Planificación 2026-1'!Y:Y,"VIRTUAL",'Planificación 2026-1'!I:I,"<3") -> 0 | EI7: =SUMIFS('Planificación 2026-1'!S:S,'Planificación 2026-1'!X:X,C7,'Planificación 2026-1'!F:F,"SUNAMPE",'Planificación 2026-1'!Y:Y,"<>VIRTUAL",'Planificación 2026-1'!I:I,"<3") -> 0 | EJ7: =SUMIFS('Planificación 2026-1'!S:S,'Planificación 2026-1'!X:X,C7,'Planificación 2026-1'!F:F,"FILIAL",'Planificación 2026-1'!Y:Y,"VIRTUAL",'Planificación 2026-1'!I:I,"<3") -> 0 | EK7: =SUMIFS('Planificación 2026-1'!S:S,'Planificación 2026-1'!X:X,C7,'Planificación 2026-1'!F:F,"FILIAL",'Planificación 2026-1'!Y:Y,"<>VIRTUAL",'Planificación 2026-1'!I:I,"<3") -> 0 | EL7: =SUMIFS('Planificación 2026-1'!S:S,'Planificación 2026-1'!X:X,C7,'Planificación 2026-1'!F:F,"PORUMA",'Planificación 2026-1'!Y:Y,"VIRTUAL",'Planificación 2026-1'!I:I,"<3") -> 0 | EM7: =SUMIFS('Planificación 2026-1'!S:S,'Planificación 2026-1'!X:X,C7,'Planificación 2026-1'!F:F,"PORUMA",'Planificación 2026-1'!Y:Y,"<>VIRTUAL",'Planificación 2026-1'!I:I,"<3") -> 4 | EN7: =SUMIFS('Planificación 2026-1'!S:S,'Planificación 2026-1'!X:X,C7,'Planificación 2026-1'!F:F,"HUAURA",'Planificación 2026-1'!Y:Y,"VIRTUAL",'Planificación 2026-1'!I:I,"<3") -> 0 | EO7: =SUMIFS('Planificación 2026-1'!S:S,'Planificación 2026-1'!X:X,C7,'Planificación 2026-1'!F:F,"HUAURA",'Planificación 2026-1'!Y:Y,"<>VIRTUAL",'Planificación 2026-1'!I:I,"<3") -> 0 | EP7: =EJ7+DZ7+EA7+EK7 -> 0 | EQ7: =EO7+EN7+EE7+ED7 -> 0 | ER7: =EL7+EM7+EC7+EB7 -> 17 | ES7: =EG7+EF7+DW7+DV7 -> 0 | ET7: =EI7+EH7+DY7+DX7 -> 0 | EU7: =SUM(EP7:ET7) -> 17 | EV7: =EXACT(EU7,E7) -> TRUE | EX7: =DV7+DZ7+ED7+EF7+EJ7+EN7+DX7+EH7 -> 0 | EY7: =DW7+EA7+EE7+EG7+EK7+EO7+DY7+EI7 -> 0 | EZ7: =EXACT(SUM(EX7:EY7),E7) -> FALSE | FA7: =IF(AND(DW7=0,EA7=0,EE7=0),"",IF(COUNTIF(DW7:EE7,">0")=1,IF(DW7>0,"SEDE",IF(EA7>0,"FILIAL","HUAURA")),IF(COUNTIF(DW7:EE7,">0")=2,IF(AND(DW7>0,EA7>0),"SEDE-FILIAL",IF(AND(DW7>0,EE7>0),"SEDE-HUAURA","FILIAL-HUAURA")),"SEDE-FILIAL-HUAURA"))) | FB7: =IF(EX7=0,"PRESENCIAL",IF(EY7=0,"VIRTUAL",IF(EX7>EY7,"MAS VIRTUAL",IF(EY7>EX7,"MAS PRESENCIAL","AMBOS")))) -> PRESENCIAL
B8: 5 | C8: ANCAJIMA RUIZ ANDREA BETTY | D8: 44371485 | E8: =SUMIF('Planificación 2026-1'!X:X,C8,'Planificación 2026-1'!S:S) -> 15 | F8: TP | G8: RENOVACIÓN | H8: FILIAL | I8: DERECHO - EEGG | J8: FILIAL | K8: ENFERMERÍA - EEGG | L8: =IF(SUM(COUNTIFS('Planificación 2026-1'!F:F,"PRINCIPAL",'Planificación 2026-1'!X:X,C8,'Planificación 2026-1'!H:H,"AF"))>0,"P01"," ") | M8: =IF(SUM(COUNTIFS('Planificación 2026-1'!F:F,"PRINCIPAL",'Planificación 2026-1'!X:X,C8,'Planificación 2026-1'!H:H,"EN"))>0,"P02"," ") | N8: =IF(SUM(COUNTIFS('Planificación 2026-1'!F:F,"PRINCIPAL",'Planificación 2026-1'!X:X,C8,'Planificación 2026-1'!H:H,"IS"))>0,"P03"," ") | O8: =IF(SUM(COUNTIFS('Planificación 2026-1'!F:F,"PRINCIPAL",'Planificación 2026-1'!X:X,C8,'Planificación 2026-1'!H:H,"PS"))>0,"P04"," ") | Q8: =IF(SUM(COUNTIFS('Planificación 2026-1'!F:F,"PRINCIPAL",'Planificación 2026-1'!X:X,C8,'Planificación 2026-1'!H:H,"IN"))>0,"P06"," ") | R8: =IF(SUM(COUNTIFS('Planificación 2026-1'!F:F,"PRINCIPAL",'Planificación 2026-1'!X:X,C8,'Planificación 2026-1'!H:H,"CA"))>0,"P07"," ") | S8: =IF(SUM(COUNTIFS('Planificación 2026-1'!F:F,"PRINCIPAL",'Planificación 2026-1'!X:X,C8,'Planificación 2026-1'!H:H,"DE"))>0,"P08"," ") | T8: =IF(SUM(COUNTIFS('Planificación 2026-1'!F:F,"PRINCIPAL",'Planificación 2026-1'!X:X,C8,'Planificación 2026-1'!H:H,"OB"))>0,"P09"," ") | U8: =IF(SUM(COUNTIFS('Planificación 2026-1'!F:F,"PRINCIPAL",'Planificación 2026-1'!X:X,C8,'Planificación 2026-1'!H:H,"MH"))>0,"P31"," ") | V8: =IF(SUM(COUNTIFS('Planificación 2026-1'!F:F,"PRINCIPAL",'Planificación 2026-1'!X:X,C8,'Planificación 2026-1'!H:H,"IC"))>0,"P32"," ") | W8: =IF(SUM(COUNTIFS('Planificación 2026-1'!F:F,"PRINCIPAL",'Planificación 2026-1'!X:X,C8,'Planificación 2026-1'!H:H,"AR"))>0,"P34"," ") | X8: =IF(SUM(COUNTIFS('Planificación 2026-1'!F:F,"PRINCIPAL",'Planificación 2026-1'!X:X,C8,'Planificación 2026-1'!H:H,"T1"))>0,"P35"," ") | Y8: =IF(SUM(COUNTIFS('Planificación 2026-1'!F:F,"PRINCIPAL",'Planificación 2026-1'!X:X,C8,'Planificación 2026-1'!H:H,"T3"))>0,"P36"," ") | Z8: =IF(SUM(COUNTIFS('Planificación 2026-1'!F:F,"PRINCIPAL",'Planificación 2026-1'!X:X,C8,'Planificación 2026-1'!H:H,"T2"))>0,"P37"," ") | AA8: =IF(SUM(COUNTIFS('Planificación 2026-1'!F:F,"PRINCIPAL",'Planificación 2026-1'!X:X,C8,'Planificación 2026-1'!H:H,"AE"))>0,"P38"," ") | AB8: =IF(SUM(COUNTIFS('Planificación 2026-1'!F:F,"PRINCIPAL",'Planificación 2026-1'!X:X,C8,'Planificación 2026-1'!H:H,"T4"))>0,"P55"," ") | AC8: =IF(SUM(COUNTIFS('Planificación 2026-1'!F:F,"FILIAL",'Planificación 2026-1'!X:X,C8,'Planificación 2026-1'!H:H,"AF"))>0," P01"," ") | AD8: =IF(SUM(COUNTIFS('Planificación 2026-1'!F:F,"FILIAL",'Planificación 2026-1'!X:X,C8,'Planificación 2026-1'!H:H,"EN"))>0,"P02"," ") -> P02 | AE8: =IF(SUM(COUNTIFS('Planificación 2026-1'!F:F,"FILIAL",'Planificación 2026-1'!X:X,C8,'Planificación 2026-1'!H:H,"IS"))>0,"P03"," ") | AF8: =IF(SUM(COUNTIFS('Planificación 2026-1'!F:F,"FILIAL",'Planificación 2026-1'!X:X,C8,'Planificación 2026-1'!H:H,"PS"))>0,"P04"," ") -> P04 | AH8: =IF(SUM(COUNTIFS('Planificación 2026-1'!F:F,"FILIAL",'Planificación 2026-1'!X:X,C8,'Planificación 2026-1'!H:H,"IN"))>0,"P06"," ") | AI8: =IF(SUM(COUNTIFS('Planificación 2026-1'!F:F,"FILIAL",'Planificación 2026-1'!X:X,C8,'Planificación 2026-1'!H:H,"CA"))>0,"P07"," ") | AJ8: =IF(SUM(COUNTIFS('Planificación 2026-1'!F:F,"FILIAL",'Planificación 2026-1'!X:X,C8,'Planificación 2026-1'!H:H,"DE"))>0,"P08"," ") | AK8: =IF(SUM(COUNTIFS('Planificación 2026-1'!F:F,"FILIAL",'Planificación 2026-1'!X:X,C8,'Planificación 2026-1'!H:H,"OB"))>0,"P09"," ") | AL8: =IF(SUM(COUNTIFS('Planificación 2026-1'!F:F,"FILIAL",'Planificación 2026-1'!X:X,C8,'Planificación 2026-1'!H:H,"MH"))>0,"P31"," ") | AM8: =IF(SUM(COUNTIFS('Planificación 2026-1'!F:F,"FILIAL",'Planificación 2026-1'!X:X,C8,'Planificación 2026-1'!H:H,"IC"))>0,"P32"," ") | AN8: =IF(SUM(COUNTIFS('Planificación 2026-1'!F:F,"FILIAL",'Planificación 2026-1'!X:X,C8,'Planificación 2026-1'!H:H,"AR"))>0,"P34"," ") | AO8: =IF(SUM(COUNTIFS('Planificación 2026-1'!F:F,"FILIAL",'Planificación 2026-1'!X:X,C8,'Planificación 2026-1'!H:H,"T1"))>0,"P35"," ") -> P35 | AP8: =IF(SUM(COUNTIFS('Planificación 2026-1'!F:F,"FILIAL",'Planificación 2026-1'!X:X,C8,'Planificación 2026-1'!H:H,"T3"))>0,"P36"," ") -> P36 | AQ8: =IF(SUM(COUNTIFS('Planificación 2026-1'!F:F,"FILIAL",'Planificación 2026-1'!X:X,C8,'Planificación 2026-1'!H:H,"T2"))>0,"P37"," ") | AR8: =IF(SUM(COUNTIFS('Planificación 2026-1'!F:F,"FILIAL",'Planificación 2026-1'!X:X,C8,'Planificación 2026-1'!H:H,"AE"))>0,"P38"," ") | AS8: =IF(SUM(COUNTIFS('Planificación 2026-1'!F:F,"FILIAL",'Planificación 2026-1'!X:X,C8,'Planificación 2026-1'!H:H,"T4"))>0,"P55"," ") | AT8: =IF(SUM(COUNTIFS('Planificación 2026-1'!F:F,"SUNAMPE",'Planificación 2026-1'!X:X,C8,'Planificación 2026-1'!H:H,"AF"))>0," P01"," ") | AU8: =IF(SUM(COUNTIFS('Planificación 2026-1'!F:F,"SUNAMPE",'Planificación 2026-1'!X:X,C8,'Planificación 2026-1'!H:H,"EN"))>0,"P02"," ") | AV8: =IF(SUM(COUNTIFS('Planificación 2026-1'!F:F,"SUNAMPE",'Planificación 2026-1'!X:X,C8,'Planificación 2026-1'!H:H,"IS"))>0,"P03"," ") | AW8: =IF(SUM(COUNTIFS('Planificación 2026-1'!F:F,"SUNAMPE",'Planificación 2026-1'!X:X,C8,'Planificación 2026-1'!H:H,"PS"))>0,"P04"," ") | AY8: =IF(SUM(COUNTIFS('Planificación 2026-1'!F:F,"SUNAMPE",'Planificación 2026-1'!X:X,C8,'Planificación 2026-1'!H:H,"IN"))>0,"P06"," ") | AZ8: =IF(SUM(COUNTIFS('Planificación 2026-1'!F:F,"SUNAMPE",'Planificación 2026-1'!X:X,C8,'Planificación 2026-1'!H:H,"CA"))>0,"P07"," ") | BA8: =IF(SUM(COUNTIFS('Planificación 2026-1'!F:F,"SUNAMPE",'Planificación 2026-1'!X:X,C8,'Planificación 2026-1'!H:H,"DE"))>0,"P08"," ") | BB8: =IF(SUM(COUNTIFS('Planificación 2026-1'!F:F,"SUNAMPE",'Planificación 2026-1'!X:X,C8,'Planificación 2026-1'!H:H,"OB"))>0,"P09"," ") | BC8: =IF(SUM(COUNTIFS('Planificación 2026-1'!F:F,"SUNAMPE",'Planificación 2026-1'!X:X,C8,'Planificación 2026-1'!H:H,"MH"))>0,"P31"," ") | BD8: =IF(SUM(COUNTIFS('Planificación 2026-1'!F:F,"SUNAMPE",'Planificación 2026-1'!X:X,C8,'Planificación 2026-1'!H:H,"IC"))>0,"P32"," ") | BE8: =IF(SUM(COUNTIFS('Planificación 2026-1'!F:F,"SUNAMPE",'Planificación 2026-1'!X:X,C8,'Planificación 2026-1'!H:H,"AR"))>0,"P34"," ") | BF8: =IF(SUM(COUNTIFS('Planificación 2026-1'!F:F,"SUNAMPE",'Planificación 2026-1'!X:X,C8,'Planificación 2026-1'!H:H,"T1"))>0,"P35"," ") | BG8: =IF(SUM(COUNTIFS('Planificación 2026-1'!F:F,"SUNAMPE",'Planificación 2026-1'!X:X,C8,'Planificación 2026-1'!H:H,"T3"))>0,"P36"," ") | BH8: =IF(SUM(COUNTIFS('Planificación 2026-1'!F:F,"SUNAMPE",'Planificación 2026-1'!X:X,C8,'Planificación 2026-1'!H:H,"T2"))>0,"P37"," ") | BI8: =IF(SUM(COUNTIFS('Planificación 2026-1'!F:F,"SUNAMPE",'Planificación 2026-1'!X:X,C8,'Planificación 2026-1'!H:H,"AE"))>0,"P38"," ") | BJ8: =IF(SUM(COUNTIFS('Planificación 2026-1'!F:F,"SUNAMPE",'Planificación 2026-1'!X:X,C8,'Planificación 2026-1'!H:H,"T4"))>0,"P55"," ") | BK8: =IF(SUM(COUNTIFS('Planificación 2026-1'!F:F,"HUAURA",'Planificación 2026-1'!X:X,C8,'Planificación 2026-1'!H:H,"AF"))>0," P01"," ") | BL8: =IF(SUM(COUNTIFS('Planificación 2026-1'!F:F,"HUAURA",'Planificación 2026-1'!X:X,C8,'Planificación 2026-1'!H:H,"EN"))>0,"P02"," ") | BM8: =IF(SUM(COUNTIFS('Planificación 2026-1'!F:F,"HUAURA",'Planificación 2026-1'!X:X,C8,'Planificación 2026-1'!H:H,"IS"))>0,"P03"," ") | BN8: =IF(SUM(COUNTIFS('Planificación 2026-1'!F:F,"HUAURA",'Planificación 2026-1'!X:X,C8,'Planificación 2026-1'!H:H,"PS"))>0,"P04"," ") | BP8: =IF(SUM(COUNTIFS('Planificación 2026-1'!F:F,"HUAURA",'Planificación 2026-1'!X:X,C8,'Planificación 2026-1'!H:H,"IN"))>0,"P06"," ") | BQ8: =IF(SUM(COUNTIFS('Planificación 2026-1'!F:F,"HUAURA",'Planificación 2026-1'!X:X,C8,'Planificación 2026-1'!H:H,"CA"))>0,"P07"," ") | BR8: =IF(SUM(COUNTIFS('Planificación 2026-1'!F:F,"HUAURA",'Planificación 2026-1'!X:X,C8,'Planificación 2026-1'!H:H,"DE"))>0,"P08"," ") | BS8: =IF(SUM(COUNTIFS('Planificación 2026-1'!F:F,"HUAURA",'Planificación 2026-1'!X:X,C8,'Planificación 2026-1'!H:H,"OB"))>0,"P09"," ") | BT8: =IF(SUM(COUNTIFS('Planificación 2026-1'!F:F,"HUAURA",'Planificación 2026-1'!X:X,C8,'Planificación 2026-1'!H:H,"MH"))>0,"P31"," ") | BU8: =IF(SUM(COUNTIFS('Planificación 2026-1'!F:F,"HUAURA",'Planificación 2026-1'!X:X,C8,'Planificación 2026-1'!H:H,"IC"))>0,"P32"," ") | BV8: =IF(SUM(COUNTIFS('Planificación 2026-1'!F:F,"HUAURA",'Planificación 2026-1'!X:X,C8,'Planificación 2026-1'!H:H,"AR"))>0,"P34"," ") | BW8: =IF(SUM(COUNTIFS('Planificación 2026-1'!F:F,"HUAURA",'Planificación 2026-1'!X:X,C8,'Planificación 2026-1'!H:H,"T1"))>0,"P35"," ") | BX8: =IF(SUM(COUNTIFS('Planificación 2026-1'!F:F,"HUAURA",'Planificación 2026-1'!X:X,C8,'Planificación 2026-1'!H:H,"T3"))>0,"P36"," ") | BY8: =IF(SUM(COUNTIFS('Planificación 2026-1'!F:F,"HUAURA",'Planificación 2026-1'!X:X,C8,'Planificación 2026-1'!H:H,"T2"))>0,"P37"," ") | BZ8: =IF(SUM(COUNTIFS('Planificación 2026-1'!F:F,"HUAURA",'Planificación 2026-1'!X:X,C8,'Planificación 2026-1'!H:H,"AE"))>0,"P38"," ") | CA8: =IF(SUM(COUNTIFS('Planificación 2026-1'!F:F,"HUAURA",'Planificación 2026-1'!X:X,C8,'Planificación 2026-1'!H:H,"T4"))>0,"P55"," ") | CB8: =SUMIFS('Planificación 2026-1'!S:S,'Planificación 2026-1'!X:X,C8,'Planificación 2026-1'!H:H,"AF",'Planificación 2026-1'!I:I,">2") -> 0 | CC8: =SUMIFS('Planificación 2026-1'!S:S,'Planificación 2026-1'!X:X,C8,'Planificación 2026-1'!H:H,"EN",'Planificación 2026-1'!I:I,">2") -> 0 | CD8: =SUMIFS('Planificación 2026-1'!S:S,'Planificación 2026-1'!X:X,C8,'Planificación 2026-1'!H:H,"IS",'Planificación 2026-1'!I:I,">2") -> 0 | CE8: =SUMIFS('Planificación 2026-1'!S:S,'Planificación 2026-1'!X:X,C8,'Planificación 2026-1'!H:H,"PS",'Planificación 2026-1'!I:I,">2") -> 0 | CF8: =SUMIFS('Planificación 2026-1'!S:S,'Planificación 2026-1'!X:X,C8,'Planificación 2026-1'!H:H,"IN",'Planificación 2026-1'!I:I,">2") -> 0 | CG8: =SUMIFS('Planificación 2026-1'!S:S,'Planificación 2026-1'!X:X,C8,'Planificación 2026-1'!H:H,"CA",'Planificación 2026-1'!I:I,">2") -> 0 | CH8: =SUMIFS('Planificación 2026-1'!S:S,'Planificación 2026-1'!X:X,C8,'Planificación 2026-1'!H:H,"DE",'Planificación 2026-1'!I:I,">2") -> 0 | CI8: =SUMIFS('Planificación 2026-1'!S:S,'Planificación 2026-1'!X:X,C8,'Planificación 2026-1'!H:H,"OB",'Planificación 2026-1'!I:I,">2") -> 0 | CJ8: =SUMIFS('Planificación 2026-1'!S:S,'Planificación 2026-1'!X:X,C8,'Planificación 2026-1'!H:H,"MH",'Planificación 2026-1'!I:I,">2") -> 0 | CK8: =SUMIFS('Planificación 2026-1'!S:S,'Planificación 2026-1'!X:X,C8,'Planificación 2026-1'!H:H,"IC",'Planificación 2026-1'!I:I,">2") -> 0 | CL8: =SUMIFS('Planificación 2026-1'!S:S,'Planificación 2026-1'!X:X,C8,'Planificación 2026-1'!H:H,"AR",'Planificación 2026-1'!I:I,">2") -> 0 | CM8: =SUMIFS('Planificación 2026-1'!S:S,'Planificación 2026-1'!X:X,C8,'Planificación 2026-1'!H:H,"AE",'Planificación 2026-1'!I:I,">2") -> 0 | CN8: =SUMIFS('Planificación 2026-1'!S:S,'Planificación 2026-1'!X:X,C8,'Planificación 2026-1'!H:H,"T1",'Planificación 2026-1'!I:I,">2") -> 0 | CO8: =SUMIFS('Planificación 2026-1'!S:S,'Planificación 2026-1'!X:X,C8,'Planificación 2026-1'!H:H,"T3",'Planificación 2026-1'!I:I,">2") -> 0 | CP8: =SUMIFS('Planificación 2026-1'!S:S,'Planificación 2026-1'!X:X,C8,'Planificación 2026-1'!H:H,"T2",'Planificación 2026-1'!I:I,">2") -> 0 | CQ8: =SUMIFS('Planificación 2026-1'!S:S,'Planificación 2026-1'!X:X,C8,'Planificación 2026-1'!H:H,"T4",'Planificación 2026-1'!I:I,">2") -> 0 | CR8: =SUMIFS('Planificación 2026-1'!S:S,'Planificación 2026-1'!X:X,C8,'Planificación 2026-1'!H:H,"AF",'Planificación 2026-1'!I:I,"<3") -> 0 | CS8: =SUMIFS('Planificación 2026-1'!S:S,'Planificación 2026-1'!X:X,C8,'Planificación 2026-1'!H:H,"EN",'Planificación 2026-1'!I:I,"<3") -> 5 | CT8: =SUMIFS('Planificación 2026-1'!S:S,'Planificación 2026-1'!X:X,C8,'Planificación 2026-1'!H:H,"IS",'Planificación 2026-1'!I:I,"<3") -> 0 | CU8: =SUMIFS('Planificación 2026-1'!S:S,'Planificación 2026-1'!X:X,C8,'Planificación 2026-1'!H:H,"PS",'Planificación 2026-1'!I:I,"<3") -> 5 | CV8: =SUMIFS('Planificación 2026-1'!S:S,'Planificación 2026-1'!X:X,C8,'Planificación 2026-1'!H:H,"IN",'Planificación 2026-1'!I:I,"<3") -> 0 | CW8: =SUMIFS('Planificación 2026-1'!S:S,'Planificación 2026-1'!X:X,C8,'Planificación 2026-1'!H:H,"CA",'Planificación 2026-1'!I:I,"<3") -> 0 | CX8: =SUMIFS('Planificación 2026-1'!S:S,'Planificación 2026-1'!X:X,C8,'Planificación 2026-1'!H:H,"DE",'Planificación 2026-1'!I:I,"<3") -> 0 | CY8: =SUMIFS('Planificación 2026-1'!S:S,'Planificación 2026-1'!X:X,C8,'Planificación 2026-1'!H:H,"OB",'Planificación 2026-1'!I:I,"<3") -> 0 | CZ8: =SUMIFS('Planificación 2026-1'!S:S,'Planificación 2026-1'!X:X,C8,'Planificación 2026-1'!H:H,"MH",'Planificación 2026-1'!I:I,"<3") -> 0 | DA8: =SUMIFS('Planificación 2026-1'!S:S,'Planificación 2026-1'!X:X,C8,'Planificación 2026-1'!H:H,"IC",'Planificación 2026-1'!I:I,"<3") -> 0 | DB8: =SUMIFS('Planificación 2026-1'!S:S,'Planificación 2026-1'!X:X,C8,'Planificación 2026-1'!H:H,"AR",'Planificación 2026-1'!I:I,"<3") -> 0 | DC8: =SUMIFS('Planificación 2026-1'!S:S,'Planificación 2026-1'!X:X,C8,'Planificación 2026-1'!H:H,"AE",'Planificación 2026-1'!I:I,"<3") -> 0 | DD8: =SUMIFS('Planificación 2026-1'!S:S,'Planificación 2026-1'!X:X,C8,'Planificación 2026-1'!H:H,"T1",'Planificación 2026-1'!I:I,"<3") -> 5 | DE8: =SUMIFS('Planificación 2026-1'!S:S,'Planificación 2026-1'!X:X,C8,'Planificación 2026-1'!H:H,"T3",'Planificación 2026-1'!I:I,"<3") -> 0 | DF8: =SUMIFS('Planificación 2026-1'!S:S,'Planificación 2026-1'!X:X,C8,'Planificación 2026-1'!H:H,"T2",'Planificación 2026-1'!I:I,"<3") -> 0 | DG8: =SUMIFS('Planificación 2026-1'!S:S,'Planificación 2026-1'!X:X,C8,'Planificación 2026-1'!H:H,"T4",'Planificación 2026-1'!I:I,"<3") -> 0 | DH8: =TRIM(CONCATENATE(L8,M8,N8,O8,P8,Q8,R8,S8,T8,U8,V8,W8,X8,Y8,Z8,AA8,AB8)) | DI8: =IF(C8="","",SUMIFS('Planificación 2026-1'!S:S,'Planificación 2026-1'!X:X,C8,'Planificación 2026-1'!F:F,"PRINCIPAL",'Planificación 2026-1'!Y:Y,"VIRTUAL")) -> 0 | DJ8: =IF(C8="","",SUMIFS('Planificación 2026-1'!S:S,'Planificación 2026-1'!X:X,C8,'Planificación 2026-1'!F:F,"PRINCIPAL",'Planificación 2026-1'!Y:Y,"PRESENCIAL")) -> 0 | DK8: =IF(C8="","",SUMIFS('Planificación 2026-1'!S:S,'Planificación 2026-1'!X:X,C8,'Planificación 2026-1'!F:F,"PRINCIPAL",'Planificación 2026-1'!Y:Y,"HIBRIDO PRESENCIAL")) -> 0 | DL8: =TRIM(CONCATENATE(AC8,AD8,AE8,AF8,AG8,AH8,AI8,AJ8,AK8,AL8,AM8,AN8,AO8,AP8,AQ8,AR8,AS8)) -> P02 P04 P35P36 | DM8: =IF(C8="","",SUMIFS('Planificación 2026-1'!S:S,'Planificación 2026-1'!X:X,C8,'Planificación 2026-1'!F:F,"FILIAL",'Planificación 2026-1'!Y:Y,"VIRTUAL")) -> 5 | DN8: =IF(C8="","",SUMIFS('Planificación 2026-1'!S:S,'Planificación 2026-1'!X:X,C8,'Planificación 2026-1'!F:F,"FILIAL",'Planificación 2026-1'!Y:Y,"PRESENCIAL")) -> 10 | DO8: =IF(C8="","",SUMIFS('Planificación 2026-1'!S:S,'Planificación 2026-1'!X:X,C8,'Planificación 2026-1'!F:F,"FILIAL",'Planificación 2026-1'!Y:Y,"HIBRIDO PRESENCIAL")) -> 0 | DP8: =TRIM(CONCATENATE(AT8,AU8,AV8,AW8,AX8,AY8,AZ8,BA8,BB8,BC8,BD8,BE8,BF8,BG8,BH8,BI8,BJ8)) | DQ8: =IF(C8="","",SUMIFS('Planificación 2026-1'!S:S,'Planificación 2026-1'!X:X,C8,'Planificación 2026-1'!F:F,"SUNAMPE",'Planificación 2026-1'!Y:Y,"VIRTUAL")) -> 0 | DR8: =IF(C8="","",SUMIFS('Planificación 2026-1'!S:S,'Planificación 2026-1'!X:X,C8,'Planificación 2026-1'!F:F,"SUNAMPE",'Planificación 2026-1'!Y:Y,"PRESENCIAL")) -> 0 | DS8: =TRIM(CONCATENATE(BK8,BL8,BM8,BN8,BO8,BP8,BQ8,BR8,BS8,BT8,BU8,BV8,BW8,BX8,BY8,BZ8,CA8)) | DT8: =IF(C8="","",SUMIFS('Planificación 2026-1'!S:S,'Planificación 2026-1'!X:X,C8,'Planificación 2026-1'!F:F,"HUAURA",'Planificación 2026-1'!Y:Y,"VIRTUAL")) -> 0 | DU8: =IF(C8="","",SUMIFS('Planificación 2026-1'!S:S,'Planificación 2026-1'!X:X,C8,'Planificación 2026-1'!F:F,"HUAURA",'Planificación 2026-1'!Y:Y,"PRESENCIAL")) -> 0 | DV8: =SUMIFS('Planificación 2026-1'!S:S,'Planificación 2026-1'!X:X,C8,'Planificación 2026-1'!F:F,"PRINCIPAL",'Planificación 2026-1'!Y:Y,"VIRTUAL",'Planificación 2026-1'!I:I,">2") -> 0 | DW8: =SUMIFS('Planificación 2026-1'!S:S,'Planificación 2026-1'!X:X,C8,'Planificación 2026-1'!F:F,"PRINCIPAL",'Planificación 2026-1'!Y:Y,"<>VIRTUAL",'Planificación 2026-1'!I:I,">2") -> 0 | DX8: =SUMIFS('Planificación 2026-1'!S:S,'Planificación 2026-1'!X:X,C8,'Planificación 2026-1'!F:F,"SUNAMPE",'Planificación 2026-1'!Y:Y,"VIRTUAL",'Planificación 2026-1'!I:I,">2") -> 0 | DY8: =SUMIFS('Planificación 2026-1'!S:S,'Planificación 2026-1'!X:X,C8,'Planificación 2026-1'!F:F,"SUNAMPE",'Planificación 2026-1'!Y:Y,"<>VIRTUAL",'Planificación 2026-1'!I:I,">2") -> 0 | DZ8: =SUMIFS('Planificación 2026-1'!S:S,'Planificación 2026-1'!X:X,C8,'Planificación 2026-1'!F:F,"FILIAL",'Planificación 2026-1'!Y:Y,"VIRTUAL",'Planificación 2026-1'!I:I,">2") -> 0 | EA8: =SUMIFS('Planificación 2026-1'!S:S,'Planificación 2026-1'!X:X,C8,'Planificación 2026-1'!F:F,"FILIAL",'Planificación 2026-1'!Y:Y,"<>VIRTUAL",'Planificación 2026-1'!I:I,">2") -> 0 | EB8: =SUMIFS('Planificación 2026-1'!S:S,'Planificación 2026-1'!X:X,C8,'Planificación 2026-1'!F:F,"PORUMA",'Planificación 2026-1'!Y:Y,"VIRTUAL",'Planificación 2026-1'!I:I,">2") -> 0 | EC8: =SUMIFS('Planificación 2026-1'!S:S,'Planificación 2026-1'!X:X,C8,'Planificación 2026-1'!F:F,"PORUMA",'Planificación 2026-1'!Y:Y,"<>VIRTUAL",'Planificación 2026-1'!I:I,">2") -> 0 | ED8: =SUMIFS('Planificación 2026-1'!S:S,'Planificación 2026-1'!X:X,C8,'Planificación 2026-1'!F:F,"HUAURA",'Planificación 2026-1'!Y:Y,"VIRTUAL",'Planificación 2026-1'!I:I,">2") -> 0 | EE8: =SUMIFS('Planificación 2026-1'!S:S,'Planificación 2026-1'!X:X,C8,'Planificación 2026-1'!F:F,"HUAURA",'Planificación 2026-1'!Y:Y,"<>VIRTUAL",'Planificación 2026-1'!I:I,">2") -> 0 | EF8: =SUMIFS('Planificación 2026-1'!S:S,'Planificación 2026-1'!X:X,C8,'Planificación 2026-1'!F:F,"PRINCIPAL",'Planificación 2026-1'!Y:Y,"VIRTUAL",'Planificación 2026-1'!I:I,"<3") -> 0 | EG8: =SUMIFS('Planificación 2026-1'!S:S,'Planificación 2026-1'!X:X,C8,'Planificación 2026-1'!F:F,"PRINCIPAL",'Planificación 2026-1'!Y:Y,"<>VIRTUAL",'Planificación 2026-1'!I:I,"<3") -> 0 | EH8: =SUMIFS('Planificación 2026-1'!S:S,'Planificación 2026-1'!X:X,C8,'Planificación 2026-1'!F:F,"SUNAMPE",'Planificación 2026-1'!Y:Y,"VIRTUAL",'Planificación 2026-1'!I:I,"<3") -> 0 | EI8: =SUMIFS('Planificación 2026-1'!S:S,'Planificación 2026-1'!X:X,C8,'Planificación 2026-1'!F:F,"SUNAMPE",'Planificación 2026-1'!Y:Y,"<>VIRTUAL",'Planificación 2026-1'!I:I,"<3") -> 0 | EJ8: =SUMIFS('Planificación 2026-1'!S:S,'Planificación 2026-1'!X:X,C8,'Planificación 2026-1'!F:F,"FILIAL",'Planificación 2026-1'!Y:Y,"VIRTUAL",'Planificación 2026-1'!I:I,"<3") -> 5 | EK8: =SUMIFS('Planificación 2026-1'!S:S,'Planificación 2026-1'!X:X,C8,'Planificación 2026-1'!F:F,"FILIAL",'Planificación 2026-1'!Y:Y,"<>VIRTUAL",'Planificación 2026-1'!I:I,"<3") -> 10 | EL8: =SUMIFS('Planificación 2026-1'!S:S,'Planificación 2026-1'!X:X,C8,'Planificación 2026-1'!F:F,"PORUMA",'Planificación 2026-1'!Y:Y,"VIRTUAL",'Planificación 2026-1'!I:I,"<3") -> 0 | EM8: =SUMIFS('Planificación 2026-1'!S:S,'Planificación 2026-1'!X:X,C8,'Planificación 2026-1'!F:F,"PORUMA",'Planificación 2026-1'!Y:Y,"<>VIRTUAL",'Planificación 2026-1'!I:I,"<3") -> 0 | EN8: =SUMIFS('Planificación 2026-1'!S:S,'Planificación 2026-1'!X:X,C8,'Planificación 2026-1'!F:F,"HUAURA",'Planificación 2026-1'!Y:Y,"VIRTUAL",'Planificación 2026-1'!I:I,"<3") -> 0 | EO8: =SUMIFS('Planificación 2026-1'!S:S,'Planificación 2026-1'!X:X,C8,'Planificación 2026-1'!F:F,"HUAURA",'Planificación 2026-1'!Y:Y,"<>VIRTUAL",'Planificación 2026-1'!I:I,"<3") -> 0 | EP8: =EJ8+DZ8+EA8+EK8 -> 15 | EQ8: =EO8+EN8+EE8+ED8 -> 0 | ER8: =EL8+EM8+EC8+EB8 -> 0 | ES8: =EG8+EF8+DW8+DV8 -> 0 | ET8: =EI8+EH8+DY8+DX8 -> 0 | EU8: =SUM(EP8:ET8) -> 15 | EV8: =EXACT(EU8,E8) -> TRUE | EX8: =DV8+DZ8+ED8+EF8+EJ8+EN8+DX8+EH8 -> 5 | EY8: =DW8+EA8+EE8+EG8+EK8+EO8+DY8+EI8 -> 10 | EZ8: =EXACT(SUM(EX8:EY8),E8) -> TRUE | FA8: =IF(AND(DW8=0,EA8=0,EE8=0),"",IF(COUNTIF(DW8:EE8,">0")=1,IF(DW8>0,"SEDE",IF(EA8>0,"FILIAL","HUAURA")),IF(COUNTIF(DW8:EE8,">0")=2,IF(AND(DW8>0,EA8>0),"SEDE-FILIAL",IF(AND(DW8>0,EE8>0),"SEDE-HUAURA","FILIAL-HUAURA")),"SEDE-FILIAL-HUAURA"))) | FB8: =IF(EX8=0,"PRESENCIAL",IF(EY8=0,"VIRTUAL",IF(EX8>EY8,"MAS VIRTUAL",IF(EY8>EX8,"MAS PRESENCIAL","AMBOS")))) -> MAS PRESENCIAL
B9: 6 | C9: ANICAMA BERNAOLA PEDRO ARTURO | D9: 21560679 | E9: =SUMIF('Planificación 2026-1'!X:X,C9,'Planificación 2026-1'!S:S) -> 14 | F9: TP | G9: RENOVACIÓN | H9: FILIAL | I9: MEDICINA HUMANA | J9: PORUMA | K9: MEDICINA HUMANA | L9: =IF(SUM(COUNTIFS('Planificación 2026-1'!F:F,"PRINCIPAL",'Planificación 2026-1'!X:X,C9,'Planificación 2026-1'!H:H,"AF"))>0,"P01"," ") | M9: =IF(SUM(COUNTIFS('Planificación 2026-1'!F:F,"PRINCIPAL",'Planificación 2026-1'!X:X,C9,'Planificación 2026-1'!H:H,"EN"))>0,"P02"," ") | N9: =IF(SUM(COUNTIFS('Planificación 2026-1'!F:F,"PRINCIPAL",'Planificación 2026-1'!X:X,C9,'Planificación 2026-1'!H:H,"IS"))>0,"P03"," ") | O9: =IF(SUM(COUNTIFS('Planificación 2026-1'!F:F,"PRINCIPAL",'Planificación 2026-1'!X:X,C9,'Planificación 2026-1'!H:H,"PS"))>0,"P04"," ") | Q9: =IF(SUM(COUNTIFS('Planificación 2026-1'!F:F,"PRINCIPAL",'Planificación 2026-1'!X:X,C9,'Planificación 2026-1'!H:H,"IN"))>0,"P06"," ") | R9: =IF(SUM(COUNTIFS('Planificación 2026-1'!F:F,"PRINCIPAL",'Planificación 2026-1'!X:X,C9,'Planificación 2026-1'!H:H,"CA"))>0,"P07"," ") | S9: =IF(SUM(COUNTIFS('Planificación 2026-1'!F:F,"PRINCIPAL",'Planificación 2026-1'!X:X,C9,'Planificación 2026-1'!H:H,"DE"))>0,"P08"," ") | T9: =IF(SUM(COUNTIFS('Planificación 2026-1'!F:F,"PRINCIPAL",'Planificación 2026-1'!X:X,C9,'Planificación 2026-1'!H:H,"OB"))>0,"P09"," ") | U9: =IF(SUM(COUNTIFS('Planificación 2026-1'!F:F,"PRINCIPAL",'Planificación 2026-1'!X:X,C9,'Planificación 2026-1'!H:H,"MH"))>0,"P31"," ") | V9: =IF(SUM(COUNTIFS('Planificación 2026-1'!F:F,"PRINCIPAL",'Planificación 2026-1'!X:X,C9,'Planificación 2026-1'!H:H,"IC"))>0,"P32"," ") | W9: =IF(SUM(COUNTIFS('Planificación 2026-1'!F:F,"PRINCIPAL",'Planificación 2026-1'!X:X,C9,'Planificación 2026-1'!H:H,"AR"))>0,"P34"," ") | X9: =IF(SUM(COUNTIFS('Planificación 2026-1'!F:F,"PRINCIPAL",'Planificación 2026-1'!X:X,C9,'Planificación 2026-1'!H:H,"T1"))>0,"P35"," ") | Y9: =IF(SUM(COUNTIFS('Planificación 2026-1'!F:F,"PRINCIPAL",'Planificación 2026-1'!X:X,C9,'Planificación 2026-1'!H:H,"T3"))>0,"P36"," ") | Z9: =IF(SUM(COUNTIFS('Planificación 2026-1'!F:F,"PRINCIPAL",'Planificación 2026-1'!X:X,C9,'Planificación 2026-1'!H:H,"T2"))>0,"P37"," ") | AA9: =IF(SUM(COUNTIFS('Planificación 2026-1'!F:F,"PRINCIPAL",'Planificación 2026-1'!X:X,C9,'Planificación 2026-1'!H:H,"AE"))>0,"P38"," ") | AB9: =IF(SUM(COUNTIFS('Planificación 2026-1'!F:F,"PRINCIPAL",'Planificación 2026-1'!X:X,C9,'Planificación 2026-1'!H:H,"T4"))>0,"P55"," ") | AC9: =IF(SUM(COUNTIFS('Planificación 2026-1'!F:F,"FILIAL",'Planificación 2026-1'!X:X,C9,'Planificación 2026-1'!H:H,"AF"))>0," P01"," ") | AD9: =IF(SUM(COUNTIFS('Planificación 2026-1'!F:F,"FILIAL",'Planificación 2026-1'!X:X,C9,'Planificación 2026-1'!H:H,"EN"))>0,"P02"," ") | AE9: =IF(SUM(COUNTIFS('Planificación 2026-1'!F:F,"FILIAL",'Planificación 2026-1'!X:X,C9,'Planificación 2026-1'!H:H,"IS"))>0,"P03"," ") | AF9: =IF(SUM(COUNTIFS('Planificación 2026-1'!F:F,"FILIAL",'Planificación 2026-1'!X:X,C9,'Planificación 2026-1'!H:H,"PS"))>0,"P04"," ") | AH9: =IF(SUM(COUNTIFS('Planificación 2026-1'!F:F,"FILIAL",'Planificación 2026-1'!X:X,C9,'Planificación 2026-1'!H:H,"IN"))>0,"P06"," ") | AI9: =IF(SUM(COUNTIFS('Planificación 2026-1'!F:F,"FILIAL",'Planificación 2026-1'!X:X,C9,'Planificación 2026-1'!H:H,"CA"))>0,"P07"," ") | AJ9: =IF(SUM(COUNTIFS('Planificación 2026-1'!F:F,"FILIAL",'Planificación 2026-1'!X:X,C9,'Planificación 2026-1'!H:H,"DE"))>0,"P08"," ") | AK9: =IF(SUM(COUNTIFS('Planificación 2026-1'!F:F,"FILIAL",'Planificación 2026-1'!X:X,C9,'Planificación 2026-1'!H:H,"OB"))>0,"P09"," ") | AL9: =IF(SUM(COUNTIFS('Planificación 2026-1'!F:F,"FILIAL",'Planificación 2026-1'!X:X,C9,'Planificación 2026-1'!H:H,"MH"))>0,"P31"," ") | AM9: =IF(SUM(COUNTIFS('Planificación 2026-1'!F:F,"FILIAL",'Planificación 2026-1'!X:X,C9,'Planificación 2026-1'!H:H,"IC"))>0,"P32"," ") | AN9: =IF(SUM(COUNTIFS('Planificación 2026-1'!F:F,"FILIAL",'Planificación 2026-1'!X:X,C9,'Planificación 2026-1'!H:H,"AR"))>0,"P34"," ") | AO9: =IF(SUM(COUNTIFS('Planificación 2026-1'!F:F,"FILIAL",'Planificación 2026-1'!X:X,C9,'Planificación 2026-1'!H:H,"T1"))>0,"P35"," ") | AP9: =IF(SUM(COUNTIFS('Planificación 2026-1'!F:F,"FILIAL",'Planificación 2026-1'!X:X,C9,'Planificación 2026-1'!H:H,"T3"))>0,"P36"," ") | AQ9: =IF(SUM(COUNTIFS('Planificación 2026-1'!F:F,"FILIAL",'Planificación 2026-1'!X:X,C9,'Planificación 2026-1'!H:H,"T2"))>0,"P37"," ") | AR9: =IF(SUM(COUNTIFS('Planificación 2026-1'!F:F,"FILIAL",'Planificación 2026-1'!X:X,C9,'Planificación 2026-1'!H:H,"AE"))>0,"P38"," ") | AS9: =IF(SUM(COUNTIFS('Planificación 2026-1'!F:F,"FILIAL",'Planificación 2026-1'!X:X,C9,'Planificación 2026-1'!H:H,"T4"))>0,"P55"," ") | AT9: =IF(SUM(COUNTIFS('Planificación 2026-1'!F:F,"SUNAMPE",'Planificación 2026-1'!X:X,C9,'Planificación 2026-1'!H:H,"AF"))>0," P01"," ") | AU9: =IF(SUM(COUNTIFS('Planificación 2026-1'!F:F,"SUNAMPE",'Planificación 2026-1'!X:X,C9,'Planificación 2026-1'!H:H,"EN"))>0,"P02"," ") | AV9: =IF(SUM(COUNTIFS('Planificación 2026-1'!F:F,"SUNAMPE",'Planificación 2026-1'!X:X,C9,'Planificación 2026-1'!H:H,"IS"))>0,"P03"," ") | AW9: =IF(SUM(COUNTIFS('Planificación 2026-1'!F:F,"SUNAMPE",'Planificación 2026-1'!X:X,C9,'Planificación 2026-1'!H:H,"PS"))>0,"P04"," ") | AY9: =IF(SUM(COUNTIFS('Planificación 2026-1'!F:F,"SUNAMPE",'Planificación 2026-1'!X:X,C9,'Planificación 2026-1'!H:H,"IN"))>0,"P06"," ") | AZ9: =IF(SUM(COUNTIFS('Planificación 2026-1'!F:F,"SUNAMPE",'Planificación 2026-1'!X:X,C9,'Planificación 2026-1'!H:H,"CA"))>0,"P07"," ") | BA9: =IF(SUM(COUNTIFS('Planificación 2026-1'!F:F,"SUNAMPE",'Planificación 2026-1'!X:X,C9,'Planificación 2026-1'!H:H,"DE"))>0,"P08"," ") | BB9: =IF(SUM(COUNTIFS('Planificación 2026-1'!F:F,"SUNAMPE",'Planificación 2026-1'!X:X,C9,'Planificación 2026-1'!H:H,"OB"))>0,"P09"," ") | BC9: =IF(SUM(COUNTIFS('Planificación 2026-1'!F:F,"SUNAMPE",'Planificación 2026-1'!X:X,C9,'Planificación 2026-1'!H:H,"MH"))>0,"P31"," ") | BD9: =IF(SUM(COUNTIFS('Planificación 2026-1'!F:F,"SUNAMPE",'Planificación 2026-1'!X:X,C9,'Planificación 2026-1'!H:H,"IC"))>0,"P32"," ") | BE9: =IF(SUM(COUNTIFS('Planificación 2026-1'!F:F,"SUNAMPE",'Planificación 2026-1'!X:X,C9,'Planificación 2026-1'!H:H,"AR"))>0,"P34"," ") | BF9: =IF(SUM(COUNTIFS('Planificación 2026-1'!F:F,"SUNAMPE",'Planificación 2026-1'!X:X,C9,'Planificación 2026-1'!H:H,"T1"))>0,"P35"," ") | BG9: =IF(SUM(COUNTIFS('Planificación 2026-1'!F:F,"SUNAMPE",'Planificación 2026-1'!X:X,C9,'Planificación 2026-1'!H:H,"T3"))>0,"P36"," ") | BH9: =IF(SUM(COUNTIFS('Planificación 2026-1'!F:F,"SUNAMPE",'Planificación 2026-1'!X:X,C9,'Planificación 2026-1'!H:H,"T2"))>0,"P37"," ") | BI9: =IF(SUM(COUNTIFS('Planificación 2026-1'!F:F,"SUNAMPE",'Planificación 2026-1'!X:X,C9,'Planificación 2026-1'!H:H,"AE"))>0,"P38"," ") | BJ9: =IF(SUM(COUNTIFS('Planificación 2026-1'!F:F,"SUNAMPE",'Planificación 2026-1'!X:X,C9,'Planificación 2026-1'!H:H,"T4"))>0,"P55"," ") | BK9: =IF(SUM(COUNTIFS('Planificación 2026-1'!F:F,"HUAURA",'Planificación 2026-1'!X:X,C9,'Planificación 2026-1'!H:H,"AF"))>0," P01"," ") | BL9: =IF(SUM(COUNTIFS('Planificación 2026-1'!F:F,"HUAURA",'Planificación 2026-1'!X:X,C9,'Planificación 2026-1'!H:H,"EN"))>0,"P02"," ") | BM9: =IF(SUM(COUNTIFS('Planificación 2026-1'!F:F,"HUAURA",'Planificación 2026-1'!X:X,C9,'Planificación 2026-1'!H:H,"IS"))>0,"P03"," ") | BN9: =IF(SUM(COUNTIFS('Planificación 2026-1'!F:F,"HUAURA",'Planificación 2026-1'!X:X,C9,'Planificación 2026-1'!H:H,"PS"))>0,"P04"," ") | BP9: =IF(SUM(COUNTIFS('Planificación 2026-1'!F:F,"HUAURA",'Planificación 2026-1'!X:X,C9,'Planificación 2026-1'!H:H,"IN"))>0,"P06"," ") | BQ9: =IF(SUM(COUNTIFS('Planificación 2026-1'!F:F,"HUAURA",'Planificación 2026-1'!X:X,C9,'Planificación 2026-1'!H:H,"CA"))>0,"P07"," ") | BR9: =IF(SUM(COUNTIFS('Planificación 2026-1'!F:F,"HUAURA",'Planificación 2026-1'!X:X,C9,'Planificación 2026-1'!H:H,"DE"))>0,"P08"," ") | BS9: =IF(SUM(COUNTIFS('Planificación 2026-1'!F:F,"HUAURA",'Planificación 2026-1'!X:X,C9,'Planificación 2026-1'!H:H,"OB"))>0,"P09"," ") | BT9: =IF(SUM(COUNTIFS('Planificación 2026-1'!F:F,"HUAURA",'Planificación 2026-1'!X:X,C9,'Planificación 2026-1'!H:H,"MH"))>0,"P31"," ") | BU9: =IF(SUM(COUNTIFS('Planificación 2026-1'!F:F,"HUAURA",'Planificación 2026-1'!X:X,C9,'Planificación 2026-1'!H:H,"IC"))>0,"P32"," ") | BV9: =IF(SUM(COUNTIFS('Planificación 2026-1'!F:F,"HUAURA",'Planificación 2026-1'!X:X,C9,'Planificación 2026-1'!H:H,"AR"))>0,"P34"," ") | BW9: =IF(SUM(COUNTIFS('Planificación 2026-1'!F:F,"HUAURA",'Planificación 2026-1'!X:X,C9,'Planificación 2026-1'!H:H,"T1"))>0,"P35"," ") | BX9: =IF(SUM(COUNTIFS('Planificación 2026-1'!F:F,"HUAURA",'Planificación 2026-1'!X:X,C9,'Planificación 2026-1'!H:H,"T3"))>0,"P36"," ") | BY9: =IF(SUM(COUNTIFS('Planificación 2026-1'!F:F,"HUAURA",'Planificación 2026-1'!X:X,C9,'Planificación 2026-1'!H:H,"T2"))>0,"P37"," ") | BZ9: =IF(SUM(COUNTIFS('Planificación 2026-1'!F:F,"HUAURA",'Planificación 2026-1'!X:X,C9,'Planificación 2026-1'!H:H,"AE"))>0,"P38"," ") | CA9: =IF(SUM(COUNTIFS('Planificación 2026-1'!F:F,"HUAURA",'Planificación 2026-1'!X:X,C9,'Planificación 2026-1'!H:H,"T4"))>0,"P55"," ") | CB9: =SUMIFS('Planificación 2026-1'!S:S,'Planificación 2026-1'!X:X,C9,'Planificación 2026-1'!H:H,"AF",'Planificación 2026-1'!I:I,">2") -> 0 | CC9: =SUMIFS('Planificación 2026-1'!S:S,'Planificación 2026-1'!X:X,C9,'Planificación 2026-1'!H:H,"EN",'Planificación 2026-1'!I:I,">2") -> 0 | CD9: =SUMIFS('Planificación 2026-1'!S:S,'Planificación 2026-1'!X:X,C9,'Planificación 2026-1'!H:H,"IS",'Planificación 2026-1'!I:I,">2") -> 0 | CE9: =SUMIFS('Planificación 2026-1'!S:S,'Planificación 2026-1'!X:X,C9,'Planificación 2026-1'!H:H,"PS",'Planificación 2026-1'!I:I,">2") -> 0 | CF9: =SUMIFS('Planificación 2026-1'!S:S,'Planificación 2026-1'!X:X,C9,'Planificación 2026-1'!H:H,"IN",'Planificación 2026-1'!I:I,">2") -> 0 | CG9: =SUMIFS('Planificación 2026-1'!S:S,'Planificación 2026-1'!X:X,C9,'Planificación 2026-1'!H:H,"CA",'Planificación 2026-1'!I:I,">2") -> 0 | CH9: =SUMIFS('Planificación 2026-1'!S:S,'Planificación 2026-1'!X:X,C9,'Planificación 2026-1'!H:H,"DE",'Planificación 2026-1'!I:I,">2") -> 0 | CI9: =SUMIFS('Planificación 2026-1'!S:S,'Planificación 2026-1'!X:X,C9,'Planificación 2026-1'!H:H,"OB",'Planificación 2026-1'!I:I,">2") -> 0 | CJ9: =SUMIFS('Planificación 2026-1'!S:S,'Planificación 2026-1'!X:X,C9,'Planificación 2026-1'!H:H,"MH",'Planificación 2026-1'!I:I,">2") -> 14 | CK9: =SUMIFS('Planificación 2026-1'!S:S,'Planificación 2026-1'!X:X,C9,'Planificación 2026-1'!H:H,"IC",'Planificación 2026-1'!I:I,">2") -> 0 | CL9: =SUMIFS('Planificación 2026-1'!S:S,'Planificación 2026-1'!X:X,C9,'Planificación 2026-1'!H:H,"AR",'Planificación 2026-1'!I:I,">2") -> 0 | CM9: =SUMIFS('Planificación 2026-1'!S:S,'Planificación 2026-1'!X:X,C9,'Planificación 2026-1'!H:H,"AE",'Planificación 2026-1'!I:I,">2") -> 0 | CN9: =SUMIFS('Planificación 2026-1'!S:S,'Planificación 2026-1'!X:X,C9,'Planificación 2026-1'!H:H,"T1",'Planificación 2026-1'!I:I,">2") -> 0 | CO9: =SUMIFS('Planificación 2026-1'!S:S,'Planificación 2026-1'!X:X,C9,'Planificación 2026-1'!H:H,"T3",'Planificación 2026-1'!I:I,">2") -> 0 | CP9: =SUMIFS('Planificación 2026-1'!S:S,'Planificación 2026-1'!X:X,C9,'Planificación 2026-1'!H:H,"T2",'Planificación 2026-1'!I:I,">2") -> 0 | CQ9: =SUMIFS('Planificación 2026-1'!S:S,'Planificación 2026-1'!X:X,C9,'Planificación 2026-1'!H:H,"T4",'Planificación 2026-1'!I:I,">2") -> 0 | CR9: =SUMIFS('Planificación 2026-1'!S:S,'Planificación 2026-1'!X:X,C9,'Planificación 2026-1'!H:H,"AF",'Planificación 2026-1'!I:I,"<3") -> 0 | CS9: =SUMIFS('Planificación 2026-1'!S:S,'Planificación 2026-1'!X:X,C9,'Planificación 2026-1'!H:H,"EN",'Planificación 2026-1'!I:I,"<3") -> 0 | CT9: =SUMIFS('Planificación 2026-1'!S:S,'Planificación 2026-1'!X:X,C9,'Planificación 2026-1'!H:H,"IS",'Planificación 2026-1'!I:I,"<3") -> 0 | CU9: =SUMIFS('Planificación 2026-1'!S:S,'Planificación 2026-1'!X:X,C9,'Planificación 2026-1'!H:H,"PS",'Planificación 2026-1'!I:I,"<3") -> 0 | CV9: =SUMIFS('Planificación 2026-1'!S:S,'Planificación 2026-1'!X:X,C9,'Planificación 2026-1'!H:H,"IN",'Planificación 2026-1'!I:I,"<3") -> 0 | CW9: =SUMIFS('Planificación 2026-1'!S:S,'Planificación 2026-1'!X:X,C9,'Planificación 2026-1'!H:H,"CA",'Planificación 2026-1'!I:I,"<3") -> 0 | CX9: =SUMIFS('Planificación 2026-1'!S:S,'Planificación 2026-1'!X:X,C9,'Planificación 2026-1'!H:H,"DE",'Planificación 2026-1'!I:I,"<3") -> 0 | CY9: =SUMIFS('Planificación 2026-1'!S:S,'Planificación 2026-1'!X:X,C9,'Planificación 2026-1'!H:H,"OB",'Planificación 2026-1'!I:I,"<3") -> 0 | CZ9: =SUMIFS('Planificación 2026-1'!S:S,'Planificación 2026-1'!X:X,C9,'Planificación 2026-1'!H:H,"MH",'Planificación 2026-1'!I:I,"<3") -> 0 | DA9: =SUMIFS('Planificación 2026-1'!S:S,'Planificación 2026-1'!X:X,C9,'Planificación 2026-1'!H:H,"IC",'Planificación 2026-1'!I:I,"<3") -> 0 | DB9: =SUMIFS('Planificación 2026-1'!S:S,'Planificación 2026-1'!X:X,C9,'Planificación 2026-1'!H:H,"AR",'Planificación 2026-1'!I:I,"<3") -> 0 | DC9: =SUMIFS('Planificación 2026-1'!S:S,'Planificación 2026-1'!X:X,C9,'Planificación 2026-1'!H:H,"AE",'Planificación 2026-1'!I:I,"<3") -> 0 | DD9: =SUMIFS('Planificación 2026-1'!S:S,'Planificación 2026-1'!X:X,C9,'Planificación 2026-1'!H:H,"T1",'Planificación 2026-1'!I:I,"<3") -> 0 | DE9: =SUMIFS('Planificación 2026-1'!S:S,'Planificación 2026-1'!X:X,C9,'Planificación 2026-1'!H:H,"T3",'Planificación 2026-1'!I:I,"<3") -> 0 | DF9: =SUMIFS('Planificación 2026-1'!S:S,'Planificación 2026-1'!X:X,C9,'Planificación 2026-1'!H:H,"T2",'Planificación 2026-1'!I:I,"<3") -> 0 | DG9: =SUMIFS('Planificación 2026-1'!S:S,'Planificación 2026-1'!X:X,C9,'Planificación 2026-1'!H:H,"T4",'Planificación 2026-1'!I:I,"<3") -> 0 | DH9: =TRIM(CONCATENATE(L9,M9,N9,O9,P9,Q9,R9,S9,T9,U9,V9,W9,X9,Y9,Z9,AA9,AB9)) | DI9: =IF(C9="","",SUMIFS('Planificación 2026-1'!S:S,'Planificación 2026-1'!X:X,C9,'Planificación 2026-1'!F:F,"PRINCIPAL",'Planificación 2026-1'!Y:Y,"VIRTUAL")) -> 0 | DJ9: =IF(C9="","",SUMIFS('Planificación 2026-1'!S:S,'Planificación 2026-1'!X:X,C9,'Planificación 2026-1'!F:F,"PRINCIPAL",'Planificación 2026-1'!Y:Y,"PRESENCIAL")) -> 0 | DK9: =IF(C9="","",SUMIFS('Planificación 2026-1'!S:S,'Planificación 2026-1'!X:X,C9,'Planificación 2026-1'!F:F,"PRINCIPAL",'Planificación 2026-1'!Y:Y,"HIBRIDO PRESENCIAL")) -> 0 | DL9: =TRIM(CONCATENATE(AC9,AD9,AE9,AF9,AG9,AH9,AI9,AJ9,AK9,AL9,AM9,AN9,AO9,AP9,AQ9,AR9,AS9)) | DM9: =IF(C9="","",SUMIFS('Planificación 2026-1'!S:S,'Planificación 2026-1'!X:X,C9,'Planificación 2026-1'!F:F,"FILIAL",'Planificación 2026-1'!Y:Y,"VIRTUAL")) -> 0 | DN9: =IF(C9="","",SUMIFS('Planificación 2026-1'!S:S,'Planificación 2026-1'!X:X,C9,'Planificación 2026-1'!F:F,"FILIAL",'Planificación 2026-1'!Y:Y,"PRESENCIAL")) -> 0 | DO9: =IF(C9="","",SUMIFS('Planificación 2026-1'!S:S,'Planificación 2026-1'!X:X,C9,'Planificación 2026-1'!F:F,"FILIAL",'Planificación 2026-1'!Y:Y,"HIBRIDO PRESENCIAL")) -> 0 | DP9: =TRIM(CONCATENATE(AT9,AU9,AV9,AW9,AX9,AY9,AZ9,BA9,BB9,BC9,BD9,BE9,BF9,BG9,BH9,BI9,BJ9)) | DQ9: =IF(C9="","",SUMIFS('Planificación 2026-1'!S:S,'Planificación 2026-1'!X:X,C9,'Planificación 2026-1'!F:F,"SUNAMPE",'Planificación 2026-1'!Y:Y,"VIRTUAL")) -> 0 | DR9: =IF(C9="","",SUMIFS('Planificación 2026-1'!S:S,'Planificación 2026-1'!X:X,C9,'Planificación 2026-1'!F:F,"SUNAMPE",'Planificación 2026-1'!Y:Y,"PRESENCIAL")) -> 0 | DS9: =TRIM(CONCATENATE(BK9,BL9,BM9,BN9,BO9,BP9,BQ9,BR9,BS9,BT9,BU9,BV9,BW9,BX9,BY9,BZ9,CA9)) | DT9: =IF(C9="","",SUMIFS('Planificación 2026-1'!S:S,'Planificación 2026-1'!X:X,C9,'Planificación 2026-1'!F:F,"HUAURA",'Planificación 2026-1'!Y:Y,"VIRTUAL")) -> 0 | DU9: =IF(C9="","",SUMIFS('Planificación 2026-1'!S:S,'Planificación 2026-1'!X:X,C9,'Planificación 2026-1'!F:F,"HUAURA",'Planificación 2026-1'!Y:Y,"PRESENCIAL")) -> 0 | DV9: =SUMIFS('Planificación 2026-1'!S:S,'Planificación 2026-1'!X:X,C9,'Planificación 2026-1'!F:F,"PRINCIPAL",'Planificación 2026-1'!Y:Y,"VIRTUAL",'Planificación 2026-1'!I:I,">2") -> 0 | DW9: =SUMIFS('Planificación 2026-1'!S:S,'Planificación 2026-1'!X:X,C9,'Planificación 2026-1'!F:F,"PRINCIPAL",'Planificación 2026-1'!Y:Y,"<>VIRTUAL",'Planificación 2026-1'!I:I,">2") -> 0 | DX9: =SUMIFS('Planificación 2026-1'!S:S,'Planificación 2026-1'!X:X,C9,'Planificación 2026-1'!F:F,"SUNAMPE",'Planificación 2026-1'!Y:Y,"VIRTUAL",'Planificación 2026-1'!I:I,">2") -> 0 | DY9: =SUMIFS('Planificación 2026-1'!S:S,'Planificación 2026-1'!X:X,C9,'Planificación 2026-1'!F:F,"SUNAMPE",'Planificación 2026-1'!Y:Y,"<>VIRTUAL",'Planificación 2026-1'!I:I,">2") -> 0 | DZ9: =SUMIFS('Planificación 2026-1'!S:S,'Planificación 2026-1'!X:X,C9,'Planificación 2026-1'!F:F,"FILIAL",'Planificación 2026-1'!Y:Y,"VIRTUAL",'Planificación 2026-1'!I:I,">2") -> 0 | EA9: =SUMIFS('Planificación 2026-1'!S:S,'Planificación 2026-1'!X:X,C9,'Planificación 2026-1'!F:F,"FILIAL",'Planificación 2026-1'!Y:Y,"<>VIRTUAL",'Planificación 2026-1'!I:I,">2") -> 0 | EB9: =SUMIFS('Planificación 2026-1'!S:S,'Planificación 2026-1'!X:X,C9,'Planificación 2026-1'!F:F,"PORUMA",'Planificación 2026-1'!Y:Y,"VIRTUAL",'Planificación 2026-1'!I:I,">2") -> 0 | EC9: =SUMIFS('Planificación 2026-1'!S:S,'Planificación 2026-1'!X:X,C9,'Planificación 2026-1'!F:F,"PORUMA",'Planificación 2026-1'!Y:Y,"<>VIRTUAL",'Planificación 2026-1'!I:I,">2") -> 14 | ED9: =SUMIFS('Planificación 2026-1'!S:S,'Planificación 2026-1'!X:X,C9,'Planificación 2026-1'!F:F,"HUAURA",'Planificación 2026-1'!Y:Y,"VIRTUAL",'Planificación 2026-1'!I:I,">2") -> 0 | EE9: =SUMIFS('Planificación 2026-1'!S:S,'Planificación 2026-1'!X:X,C9,'Planificación 2026-1'!F:F,"HUAURA",'Planificación 2026-1'!Y:Y,"<>VIRTUAL",'Planificación 2026-1'!I:I,">2") -> 0 | EF9: =SUMIFS('Planificación 2026-1'!S:S,'Planificación 2026-1'!X:X,C9,'Planificación 2026-1'!F:F,"PRINCIPAL",'Planificación 2026-1'!Y:Y,"VIRTUAL",'Planificación 2026-1'!I:I,"<3") -> 0 | EG9: =SUMIFS('Planificación 2026-1'!S:S,'Planificación 2026-1'!X:X,C9,'Planificación 2026-1'!F:F,"PRINCIPAL",'Planificación 2026-1'!Y:Y,"<>VIRTUAL",'Planificación 2026-1'!I:I,"<3") -> 0 | EH9: =SUMIFS('Planificación 2026-1'!S:S,'Planificación 2026-1'!X:X,C9,'Planificación 2026-1'!F:F,"SUNAMPE",'Planificación 2026-1'!Y:Y,"VIRTUAL",'Planificación 2026-1'!I:I,"<3") -> 0 | EI9: =SUMIFS('Planificación 2026-1'!S:S,'Planificación 2026-1'!X:X,C9,'Planificación 2026-1'!F:F,"SUNAMPE",'Planificación 2026-1'!Y:Y,"<>VIRTUAL",'Planificación 2026-1'!I:I,"<3") -> 0 | EJ9: =SUMIFS('Planificación 2026-1'!S:S,'Planificación 2026-1'!X:X,C9,'Planificación 2026-1'!F:F,"FILIAL",'Planificación 2026-1'!Y:Y,"VIRTUAL",'Planificación 2026-1'!I:I,"<3") -> 0 | EK9: =SUMIFS('Planificación 2026-1'!S:S,'Planificación 2026-1'!X:X,C9,'Planificación 2026-1'!F:F,"FILIAL",'Planificación 2026-1'!Y:Y,"<>VIRTUAL",'Planificación 2026-1'!I:I,"<3") -> 0 | EL9: =SUMIFS('Planificación 2026-1'!S:S,'Planificación 2026-1'!X:X,C9,'Planificación 2026-1'!F:F,"PORUMA",'Planificación 2026-1'!Y:Y,"VIRTUAL",'Planificación 2026-1'!I:I,"<3") -> 0 | EM9: =SUMIFS('Planificación 2026-1'!S:S,'Planificación 2026-1'!X:X,C9,'Planificación 2026-1'!F:F,"PORUMA",'Planificación 2026-1'!Y:Y,"<>VIRTUAL",'Planificación 2026-1'!I:I,"<3") -> 0 | EN9: =SUMIFS('Planificación 2026-1'!S:S,'Planificación 2026-1'!X:X,C9,'Planificación 2026-1'!F:F,"HUAURA",'Planificación 2026-1'!Y:Y,"VIRTUAL",'Planificación 2026-1'!I:I,"<3") -> 0 | EO9: =SUMIFS('Planificación 2026-1'!S:S,'Planificación 2026-1'!X:X,C9,'Planificación 2026-1'!F:F,"HUAURA",'Planificación 2026-1'!Y:Y,"<>VIRTUAL",'Planificación 2026-1'!I:I,"<3") -> 0 | EP9: =EJ9+DZ9+EA9+EK9 -> 0 | EQ9: =EO9+EN9+EE9+ED9 -> 0 | ER9: =EL9+EM9+EC9+EB9 -> 14 | ES9: =EG9+EF9+DW9+DV9 -> 0 | ET9: =EI9+EH9+DY9+DX9 -> 0 | EU9: =SUM(EP9:ET9) -> 14 | EV9: =EXACT(EU9,E9) -> TRUE | EX9: =DV9+DZ9+ED9+EF9+EJ9+EN9+DX9+EH9 -> 0 | EY9: =DW9+EA9+EE9+EG9+EK9+EO9+DY9+EI9 -> 0 | EZ9: =EXACT(SUM(EX9:EY9),E9) -> FALSE | FA9: =IF(AND(DW9=0,EA9=0,EE9=0),"",IF(COUNTIF(DW9:EE9,">0")=1,IF(DW9>0,"SEDE",IF(EA9>0,"FILIAL","HUAURA")),IF(COUNTIF(DW9:EE9,">0")=2,IF(AND(DW9>0,EA9>0),"SEDE-FILIAL",IF(AND(DW9>0,EE9>0),"SEDE-HUAURA","FILIAL-HUAURA")),"SEDE-FILIAL-HUAURA"))) | FB9: =IF(EX9=0,"PRESENCIAL",IF(EY9=0,"VIRTUAL",IF(EX9>EY9,"MAS VIRTUAL",IF(EY9>EX9,"MAS PRESENCIAL","AMBOS")))) -> PRESENCIAL
B10: 7 | C10: ANTEZANA CHINQUILLO JOSE GIANCARLO | D10: 43041422 | E10: =SUMIF('Planificación 2026-1'!X:X,C10,'Planificación 2026-1'!S:S) -> 36 | F10: TC | G10: RENOVACIÓN | H10: FILIAL | I10: ENFERMERÍA | J10: PORUMA | K10: MEDICINA HUMANA | L10: =IF(SUM(COUNTIFS('Planificación 2026-1'!F:F,"PRINCIPAL",'Planificación 2026-1'!X:X,C10,'Planificación 2026-1'!H:H,"AF"))>0,"P01"," ") | M10: =IF(SUM(COUNTIFS('Planificación 2026-1'!F:F,"PRINCIPAL",'Planificación 2026-1'!X:X,C10,'Planificación 2026-1'!H:H,"EN"))>0,"P02"," ") | N10: =IF(SUM(COUNTIFS('Planificación 2026-1'!F:F,"PRINCIPAL",'Planificación 2026-1'!X:X,C10,'Planificación 2026-1'!H:H,"IS"))>0,"P03"," ") | O10: =IF(SUM(COUNTIFS('Planificación 2026-1'!F:F,"PRINCIPAL",'Planificación 2026-1'!X:X,C10,'Planificación 2026-1'!H:H,"PS"))>0,"P04"," ") | Q10: =IF(SUM(COUNTIFS('Planificación 2026-1'!F:F,"PRINCIPAL",'Planificación 2026-1'!X:X,C10,'Planificación 2026-1'!H:H,"IN"))>0,"P06"," ") | R10: =IF(SUM(COUNTIFS('Planificación 2026-1'!F:F,"PRINCIPAL",'Planificación 2026-1'!X:X,C10,'Planificación 2026-1'!H:H,"CA"))>0,"P07"," ") | S10: =IF(SUM(COUNTIFS('Planificación 2026-1'!F:F,"PRINCIPAL",'Planificación 2026-1'!X:X,C10,'Planificación 2026-1'!H:H,"DE"))>0,"P08"," ") | T10: =IF(SUM(COUNTIFS('Planificación 2026-1'!F:F,"PRINCIPAL",'Planificación 2026-1'!X:X,C10,'Planificación 2026-1'!H:H,"OB"))>0,"P09"," ") | U10: =IF(SUM(COUNTIFS('Planificación 2026-1'!F:F,"PRINCIPAL",'Planificación 2026-1'!X:X,C10,'Planificación 2026-1'!H:H,"MH"))>0,"P31"," ") | V10: =IF(SUM(COUNTIFS('Planificación 2026-1'!F:F,"PRINCIPAL",'Planificación 2026-1'!X:X,C10,'Planificación 2026-1'!H:H,"IC"))>0,"P32"," ") | W10: =IF(SUM(COUNTIFS('Planificación 2026-1'!F:F,"PRINCIPAL",'Planificación 2026-1'!X:X,C10,'Planificación 2026-1'!H:H,"AR"))>0,"P34"," ") | X10: =IF(SUM(COUNTIFS('Planificación 2026-1'!F:F,"PRINCIPAL",'Planificación 2026-1'!X:X,C10,'Planificación 2026-1'!H:H,"T1"))>0,"P35"," ") | Y10: =IF(SUM(COUNTIFS('Planificación 2026-1'!F:F,"PRINCIPAL",'Planificación 2026-1'!X:X,C10,'Planificación 2026-1'!H:H,"T3"))>0,"P36"," ") | Z10: =IF(SUM(COUNTIFS('Planificación 2026-1'!F:F,"PRINCIPAL",'Planificación 2026-1'!X:X,C10,'Planificación 2026-1'!H:H,"T2"))>0,"P37"," ") | AA10: =IF(SUM(COUNTIFS('Planificación 2026-1'!F:F,"PRINCIPAL",'Planificación 2026-1'!X:X,C10,'Planificación 2026-1'!H:H,"AE"))>0,"P38"," ") | AB10: =IF(SUM(COUNTIFS('Planificación 2026-1'!F:F,"PRINCIPAL",'Planificación 2026-1'!X:X,C10,'Planificación 2026-1'!H:H,"T4"))>0,"P55"," ") | AC10: =IF(SUM(COUNTIFS('Planificación 2026-1'!F:F,"FILIAL",'Planificación 2026-1'!X:X,C10,'Planificación 2026-1'!H:H,"AF"))>0," P01"," ") | AD10: =IF(SUM(COUNTIFS('Planificación 2026-1'!F:F,"FILIAL",'Planificación 2026-1'!X:X,C10,'Planificación 2026-1'!H:H,"EN"))>0,"P02"," ") | AE10: =IF(SUM(COUNTIFS('Planificación 2026-1'!F:F,"FILIAL",'Planificación 2026-1'!X:X,C10,'Planificación 2026-1'!H:H,"IS"))>0,"P03"," ") | AF10: =IF(SUM(COUNTIFS('Planificación 2026-1'!F:F,"FILIAL",'Planificación 2026-1'!X:X,C10,'Planificación 2026-1'!H:H,"PS"))>0,"P04"," ") | AH10: =IF(SUM(COUNTIFS('Planificación 2026-1'!F:F,"FILIAL",'Planificación 2026-1'!X:X,C10,'Planificación 2026-1'!H:H,"IN"))>0,"P06"," ") | AI10: =IF(SUM(COUNTIFS('Planificación 2026-1'!F:F,"FILIAL",'Planificación 2026-1'!X:X,C10,'Planificación 2026-1'!H:H,"CA"))>0,"P07"," ") | AJ10: =IF(SUM(COUNTIFS('Planificación 2026-1'!F:F,"FILIAL",'Planificación 2026-1'!X:X,C10,'Planificación 2026-1'!H:H,"DE"))>0,"P08"," ") | AK10: =IF(SUM(COUNTIFS('Planificación 2026-1'!F:F,"FILIAL",'Planificación 2026-1'!X:X,C10,'Planificación 2026-1'!H:H,"OB"))>0,"P09"," ") | AL10: =IF(SUM(COUNTIFS('Planificación 2026-1'!F:F,"FILIAL",'Planificación 2026-1'!X:X,C10,'Planificación 2026-1'!H:H,"MH"))>0,"P31"," ") | AM10: =IF(SUM(COUNTIFS('Planificación 2026-1'!F:F,"FILIAL",'Planificación 2026-1'!X:X,C10,'Planificación 2026-1'!H:H,"IC"))>0,"P32"," ") | AN10: =IF(SUM(COUNTIFS('Planificación 2026-1'!F:F,"FILIAL",'Planificación 2026-1'!X:X,C10,'Planificación 2026-1'!H:H,"AR"))>0,"P34"," ") | AO10: =IF(SUM(COUNTIFS('Planificación 2026-1'!F:F,"FILIAL",'Planificación 2026-1'!X:X,C10,'Planificación 2026-1'!H:H,"T1"))>0,"P35"," ") | AP10: =IF(SUM(COUNTIFS('Planificación 2026-1'!F:F,"FILIAL",'Planificación 2026-1'!X:X,C10,'Planificación 2026-1'!H:H,"T3"))>0,"P36"," ") | AQ10: =IF(SUM(COUNTIFS('Planificación 2026-1'!F:F,"FILIAL",'Planificación 2026-1'!X:X,C10,'Planificación 2026-1'!H:H,"T2"))>0,"P37"," ") | AR10: =IF(SUM(COUNTIFS('Planificación 2026-1'!F:F,"FILIAL",'Planificación 2026-1'!X:X,C10,'Planificación 2026-1'!H:H,"AE"))>0,"P38"," ") | AS10: =IF(SUM(COUNTIFS('Planificación 2026-1'!F:F,"FILIAL",'Planificación 2026-1'!X:X,C10,'Planificación 2026-1'!H:H,"T4"))>0,"P55"," ") | AT10: =IF(SUM(COUNTIFS('Planificación 2026-1'!F:F,"SUNAMPE",'Planificación 2026-1'!X:X,C10,'Planificación 2026-1'!H:H,"AF"))>0," P01"," ") | AU10: =IF(SUM(COUNTIFS('Planificación 2026-1'!F:F,"SUNAMPE",'Planificación 2026-1'!X:X,C10,'Planificación 2026-1'!H:H,"EN"))>0,"P02"," ") | AV10: =IF(SUM(COUNTIFS('Planificación 2026-1'!F:F,"SUNAMPE",'Planificación 2026-1'!X:X,C10,'Planificación 2026-1'!H:H,"IS"))>0,"P03"," ") | AW10: =IF(SUM(COUNTIFS('Planificación 2026-1'!F:F,"SUNAMPE",'Planificación 2026-1'!X:X,C10,'Planificación 2026-1'!H:H,"PS"))>0,"P04"," ") | AY10: =IF(SUM(COUNTIFS('Planificación 2026-1'!F:F,"SUNAMPE",'Planificación 2026-1'!X:X,C10,'Planificación 2026-1'!H:H,"IN"))>0,"P06"," ") | AZ10: =IF(SUM(COUNTIFS('Planificación 2026-1'!F:F,"SUNAMPE",'Planificación 2026-1'!X:X,C10,'Planificación 2026-1'!H:H,"CA"))>0,"P07"," ") | BA10: =IF(SUM(COUNTIFS('Planificación 2026-1'!F:F,"SUNAMPE",'Planificación 2026-1'!X:X,C10,'Planificación 2026-1'!H:H,"DE"))>0,"P08"," ") | BB10: =IF(SUM(COUNTIFS('Planificación 2026-1'!F:F,"SUNAMPE",'Planificación 2026-1'!X:X,C10,'Planificación 2026-1'!H:H,"OB"))>0,"P09"," ") | BC10: =IF(SUM(COUNTIFS('Planificación 2026-1'!F:F,"SUNAMPE",'Planificación 2026-1'!X:X,C10,'Planificación 2026-1'!H:H,"MH"))>0,"P31"," ") -> P31 | BD10: =IF(SUM(COUNTIFS('Planificación 2026-1'!F:F,"SUNAMPE",'Planificación 2026-1'!X:X,C10,'Planificación 2026-1'!H:H,"IC"))>0,"P32"," ") | BE10: =IF(SUM(COUNTIFS('Planificación 2026-1'!F:F,"SUNAMPE",'Planificación 2026-1'!X:X,C10,'Planificación 2026-1'!H:H,"AR"))>0,"P34"," ") | BF10: =IF(SUM(COUNTIFS('Planificación 2026-1'!F:F,"SUNAMPE",'Planificación 2026-1'!X:X,C10,'Planificación 2026-1'!H:H,"T1"))>0,"P35"," ") | BG10: =IF(SUM(COUNTIFS('Planificación 2026-1'!F:F,"SUNAMPE",'Planificación 2026-1'!X:X,C10,'Planificación 2026-1'!H:H,"T3"))>0,"P36"," ") | BH10: =IF(SUM(COUNTIFS('Planificación 2026-1'!F:F,"SUNAMPE",'Planificación 2026-1'!X:X,C10,'Planificación 2026-1'!H:H,"T2"))>0,"P37"," ") | BI10: =IF(SUM(COUNTIFS('Planificación 2026-1'!F:F,"SUNAMPE",'Planificación 2026-1'!X:X,C10,'Planificación 2026-1'!H:H,"AE"))>0,"P38"," ") | BJ10: =IF(SUM(COUNTIFS('Planificación 2026-1'!F:F,"SUNAMPE",'Planificación 2026-1'!X:X,C10,'Planificación 2026-1'!H:H,"T4"))>0,"P55"," ") | BK10: =IF(SUM(COUNTIFS('Planificación 2026-1'!F:F,"HUAURA",'Planificación 2026-1'!X:X,C10,'Planificación 2026-1'!H:H,"AF"))>0," P01"," ") | BL10: =IF(SUM(COUNTIFS('Planificación 2026-1'!F:F,"HUAURA",'Planificación 2026-1'!X:X,C10,'Planificación 2026-1'!H:H,"EN"))>0,"P02"," ") | BM10: =IF(SUM(COUNTIFS('Planificación 2026-1'!F:F,"HUAURA",'Planificación 2026-1'!X:X,C10,'Planificación 2026-1'!H:H,"IS"))>0,"P03"," ") | BN10: =IF(SUM(COUNTIFS('Planificación 2026-1'!F:F,"HUAURA",'Planificación 2026-1'!X:X,C10,'Planificación 2026-1'!H:H,"PS"))>0,"P04"," ") | BP10: =IF(SUM(COUNTIFS('Planificación 2026-1'!F:F,"HUAURA",'Planificación 2026-1'!X:X,C10,'Planificación 2026-1'!H:H,"IN"))>0,"P06"," ") | BQ10: =IF(SUM(COUNTIFS('Planificación 2026-1'!F:F,"HUAURA",'Planificación 2026-1'!X:X,C10,'Planificación 2026-1'!H:H,"CA"))>0,"P07"," ") | BR10: =IF(SUM(COUNTIFS('Planificación 2026-1'!F:F,"HUAURA",'Planificación 2026-1'!X:X,C10,'Planificación 2026-1'!H:H,"DE"))>0,"P08"," ") | BS10: =IF(SUM(COUNTIFS('Planificación 2026-1'!F:F,"HUAURA",'Planificación 2026-1'!X:X,C10,'Planificación 2026-1'!H:H,"OB"))>0,"P09"," ") | BT10: =IF(SUM(COUNTIFS('Planificación 2026-1'!F:F,"HUAURA",'Planificación 2026-1'!X:X,C10,'Planificación 2026-1'!H:H,"MH"))>0,"P31"," ") | BU10: =IF(SUM(COUNTIFS('Planificación 2026-1'!F:F,"HUAURA",'Planificación 2026-1'!X:X,C10,'Planificación 2026-1'!H:H,"IC"))>0,"P32"," ") | BV10: =IF(SUM(COUNTIFS('Planificación 2026-1'!F:F,"HUAURA",'Planificación 2026-1'!X:X,C10,'Planificación 2026-1'!H:H,"AR"))>0,"P34"," ") | BW10: =IF(SUM(COUNTIFS('Planificación 2026-1'!F:F,"HUAURA",'Planificación 2026-1'!X:X,C10,'Planificación 2026-1'!H:H,"T1"))>0,"P35"," ") | BX10: =IF(SUM(COUNTIFS('Planificación 2026-1'!F:F,"HUAURA",'Planificación 2026-1'!X:X,C10,'Planificación 2026-1'!H:H,"T3"))>0,"P36"," ") | BY10: =IF(SUM(COUNTIFS('Planificación 2026-1'!F:F,"HUAURA",'Planificación 2026-1'!X:X,C10,'Planificación 2026-1'!H:H,"T2"))>0,"P37"," ") | BZ10: =IF(SUM(COUNTIFS('Planificación 2026-1'!F:F,"HUAURA",'Planificación 2026-1'!X:X,C10,'Planificación 2026-1'!H:H,"AE"))>0,"P38"," ") | CA10: =IF(SUM(COUNTIFS('Planificación 2026-1'!F:F,"HUAURA",'Planificación 2026-1'!X:X,C10,'Planificación 2026-1'!H:H,"T4"))>0,"P55"," ") | CB10: =SUMIFS('Planificación 2026-1'!S:S,'Planificación 2026-1'!X:X,C10,'Planificación 2026-1'!H:H,"AF",'Planificación 2026-1'!I:I,">2") -> 0 | CC10: =SUMIFS('Planificación 2026-1'!S:S,'Planificación 2026-1'!X:X,C10,'Planificación 2026-1'!H:H,"EN",'Planificación 2026-1'!I:I,">2") -> 0 | CD10: =SUMIFS('Planificación 2026-1'!S:S,'Planificación 2026-1'!X:X,C10,'Planificación 2026-1'!H:H,"IS",'Planificación 2026-1'!I:I,">2") -> 0 | CE10: =SUMIFS('Planificación 2026-1'!S:S,'Planificación 2026-1'!X:X,C10,'Planificación 2026-1'!H:H,"PS",'Planificación 2026-1'!I:I,">2") -> 0 | CF10: =SUMIFS('Planificación 2026-1'!S:S,'Planificación 2026-1'!X:X,C10,'Planificación 2026-1'!H:H,"IN",'Planificación 2026-1'!I:I,">2") -> 0 | CG10: =SUMIFS('Planificación 2026-1'!S:S,'Planificación 2026-1'!X:X,C10,'Planificación 2026-1'!H:H,"CA",'Planificación 2026-1'!I:I,">2") -> 0 | CH10: =SUMIFS('Planificación 2026-1'!S:S,'Planificación 2026-1'!X:X,C10,'Planificación 2026-1'!H:H,"DE",'Planificación 2026-1'!I:I,">2") -> 0 | CI10: =SUMIFS('Planificación 2026-1'!S:S,'Planificación 2026-1'!X:X,C10,'Planificación 2026-1'!H:H,"OB",'Planificación 2026-1'!I:I,">2") -> 0 | CJ10: =SUMIFS('Planificación 2026-1'!S:S,'Planificación 2026-1'!X:X,C10,'Planificación 2026-1'!H:H,"MH",'Planificación 2026-1'!I:I,">2") -> 28 | CK10: =SUMIFS('Planificación 2026-1'!S:S,'Planificación 2026-1'!X:X,C10,'Planificación 2026-1'!H:H,"IC",'Planificación 2026-1'!I:I,">2") -> 0 | CL10: =SUMIFS('Planificación 2026-1'!S:S,'Planificación 2026-1'!X:X,C10,'Planificación 2026-1'!H:H,"AR",'Planificación 2026-1'!I:I,">2") -> 0 | CM10: =SUMIFS('Planificación 2026-1'!S:S,'Planificación 2026-1'!X:X,C10,'Planificación 2026-1'!H:H,"AE",'Planificación 2026-1'!I:I,">2") -> 0 | CN10: =SUMIFS('Planificación 2026-1'!S:S,'Planificación 2026-1'!X:X,C10,'Planificación 2026-1'!H:H,"T1",'Planificación 2026-1'!I:I,">2") -> 0 | CO10: =SUMIFS('Planificación 2026-1'!S:S,'Planificación 2026-1'!X:X,C10,'Planificación 2026-1'!H:H,"T3",'Planificación 2026-1'!I:I,">2") -> 0 | CP10: =SUMIFS('Planificación 2026-1'!S:S,'Planificación 2026-1'!X:X,C10,'Planificación 2026-1'!H:H,"T2",'Planificación 2026-1'!I:I,">2") -> 0 | CQ10: =SUMIFS('Planificación 2026-1'!S:S,'Planificación 2026-1'!X:X,C10,'Planificación 2026-1'!H:H,"T4",'Planificación 2026-1'!I:I,">2") -> 0 | CR10: =SUMIFS('Planificación 2026-1'!S:S,'Planificación 2026-1'!X:X,C10,'Planificación 2026-1'!H:H,"AF",'Planificación 2026-1'!I:I,"<3") -> 0 | CS10: =SUMIFS('Planificación 2026-1'!S:S,'Planificación 2026-1'!X:X,C10,'Planificación 2026-1'!H:H,"EN",'Planificación 2026-1'!I:I,"<3") -> 0 | CT10: =SUMIFS('Planificación 2026-1'!S:S,'Planificación 2026-1'!X:X,C10,'Planificación 2026-1'!H:H,"IS",'Planificación 2026-1'!I:I,"<3") -> 0 | CU10: =SUMIFS('Planificación 2026-1'!S:S,'Planificación 2026-1'!X:X,C10,'Planificación 2026-1'!H:H,"PS",'Planificación 2026-1'!I:I,"<3") -> 0 | CV10: =SUMIFS('Planificación 2026-1'!S:S,'Planificación 2026-1'!X:X,C10,'Planificación 2026-1'!H:H,"IN",'Planificación 2026-1'!I:I,"<3") -> 0 | CW10: =SUMIFS('Planificación 2026-1'!S:S,'Planificación 2026-1'!X:X,C10,'Planificación 2026-1'!H:H,"CA",'Planificación 2026-1'!I:I,"<3") -> 0 | CX10: =SUMIFS('Planificación 2026-1'!S:S,'Planificación 2026-1'!X:X,C10,'Planificación 2026-1'!H:H,"DE",'Planificación 2026-1'!I:I,"<3") -> 0 | CY10: =SUMIFS('Planificación 2026-1'!S:S,'Planificación 2026-1'!X:X,C10,'Planificación 2026-1'!H:H,"OB",'Planificación 2026-1'!I:I,"<3") -> 0 | CZ10: =SUMIFS('Planificación 2026-1'!S:S,'Planificación 2026-1'!X:X,C10,'Planificación 2026-1'!H:H,"MH",'Planificación 2026-1'!I:I,"<3") -> 8 | DA10: =SUMIFS('Planificación 2026-1'!S:S,'Planificación 2026-1'!X:X,C10,'Planificación 2026-1'!H:H,"IC",'Planificación 2026-1'!I:I,"<3") -> 0 | DB10: =SUMIFS('Planificación 2026-1'!S:S,'Planificación 2026-1'!X:X,C10,'Planificación 2026-1'!H:H,"AR",'Planificación 2026-1'!I:I,"<3") -> 0 | DC10: =SUMIFS('Planificación 2026-1'!S:S,'Planificación 2026-1'!X:X,C10,'Planificación 2026-1'!H:H,"AE",'Planificación 2026-1'!I:I,"<3") -> 0 | DD10: =SUMIFS('Planificación 2026-1'!S:S,'Planificación 2026-1'!X:X,C10,'Planificación 2026-1'!H:H,"T1",'Planificación 2026-1'!I:I,"<3") -> 0 | DE10: =SUMIFS('Planificación 2026-1'!S:S,'Planificación 2026-1'!X:X,C10,'Planificación 2026-1'!H:H,"T3",'Planificación 2026-1'!I:I,"<3") -> 0 | DF10: =SUMIFS('Planificación 2026-1'!S:S,'Planificación 2026-1'!X:X,C10,'Planificación 2026-1'!H:H,"T2",'Planificación 2026-1'!I:I,"<3") -> 0 | DG10: =SUMIFS('Planificación 2026-1'!S:S,'Planificación 2026-1'!X:X,C10,'Planificación 2026-1'!H:H,"T4",'Planificación 2026-1'!I:I,"<3") -> 0 | DH10: =TRIM(CONCATENATE(L10,M10,N10,O10,P10,Q10,R10,S10,T10,U10,V10,W10,X10,Y10,Z10,AA10,AB10)) | DI10: =IF(C10="","",SUMIFS('Planificación 2026-1'!S:S,'Planificación 2026-1'!X:X,C10,'Planificación 2026-1'!F:F,"PRINCIPAL",'Planificación 2026-1'!Y:Y,"VIRTUAL")) -> 0 | DJ10: =IF(C10="","",SUMIFS('Planificación 2026-1'!S:S,'Planificación 2026-1'!X:X,C10,'Planificación 2026-1'!F:F,"PRINCIPAL",'Planificación 2026-1'!Y:Y,"PRESENCIAL")) -> 0 | DK10: =IF(C10="","",SUMIFS('Planificación 2026-1'!S:S,'Planificación 2026-1'!X:X,C10,'Planificación 2026-1'!F:F,"PRINCIPAL",'Planificación 2026-1'!Y:Y,"HIBRIDO PRESENCIAL")) -> 0 | DL10: =TRIM(CONCATENATE(AC10,AD10,AE10,AF10,AG10,AH10,AI10,AJ10,AK10,AL10,AM10,AN10,AO10,AP10,AQ10,AR10,AS10)) | DM10: =IF(C10="","",SUMIFS('Planificación 2026-1'!S:S,'Planificación 2026-1'!X:X,C10,'Planificación 2026-1'!F:F,"FILIAL",'Planificación 2026-1'!Y:Y,"VIRTUAL")) -> 0 | DN10: =IF(C10="","",SUMIFS('Planificación 2026-1'!S:S,'Planificación 2026-1'!X:X,C10,'Planificación 2026-1'!F:F,"FILIAL",'Planificación 2026-1'!Y:Y,"PRESENCIAL")) -> 0 | DO10: =IF(C10="","",SUMIFS('Planificación 2026-1'!S:S,'Planificación 2026-1'!X:X,C10,'Planificación 2026-1'!F:F,"FILIAL",'Planificación 2026-1'!Y:Y,"HIBRIDO PRESENCIAL")) -> 0 | DP10: =TRIM(CONCATENATE(AT10,AU10,AV10,AW10,AX10,AY10,AZ10,BA10,BB10,BC10,BD10,BE10,BF10,BG10,BH10,BI10,BJ10)) -> P31 | DQ10: =IF(C10="","",SUMIFS('Planificación 2026-1'!S:S,'Planificación 2026-1'!X:X,C10,'Planificación 2026-1'!F:F,"SUNAMPE",'Planificación 2026-1'!Y:Y,"VIRTUAL")) -> 0 | DR10: =IF(C10="","",SUMIFS('Planificación 2026-1'!S:S,'Planificación 2026-1'!X:X,C10,'Planificación 2026-1'!F:F,"SUNAMPE",'Planificación 2026-1'!Y:Y,"PRESENCIAL")) -> 22 | DS10: =TRIM(CONCATENATE(BK10,BL10,BM10,BN10,BO10,BP10,BQ10,BR10,BS10,BT10,BU10,BV10,BW10,BX10,BY10,BZ10,CA10)) | DT10: =IF(C10="","",SUMIFS('Planificación 2026-1'!S:S,'Planificación 2026-1'!X:X,C10,'Planificación 2026-1'!F:F,"HUAURA",'Planificación 2026-1'!Y:Y,"VIRTUAL")) -> 0 | DU10: =IF(C10="","",SUMIFS('Planificación 2026-1'!S:S,'Planificación 2026-1'!X:X,C10,'Planificación 2026-1'!F:F,"HUAURA",'Planificación 2026-1'!Y:Y,"PRESENCIAL")) -> 0 | DV10: =SUMIFS('Planificación 2026-1'!S:S,'Planificación 2026-1'!X:X,C10,'Planificación 2026-1'!F:F,"PRINCIPAL",'Planificación 2026-1'!Y:Y,"VIRTUAL",'Planificación 2026-1'!I:I,">2") -> 0 | DW10: =SUMIFS('Planificación 2026-1'!S:S,'Planificación 2026-1'!X:X,C10,'Planificación 2026-1'!F:F,"PRINCIPAL",'Planificación 2026-1'!Y:Y,"<>VIRTUAL",'Planificación 2026-1'!I:I,">2") -> 0 | DX10: =SUMIFS('Planificación 2026-1'!S:S,'Planificación 2026-1'!X:X,C10,'Planificación 2026-1'!F:F,"SUNAMPE",'Planificación 2026-1'!Y:Y,"VIRTUAL",'Planificación 2026-1'!I:I,">2") -> 0 | DY10: =SUMIFS('Planificación 2026-1'!S:S,'Planificación 2026-1'!X:X,C10,'Planificación 2026-1'!F:F,"SUNAMPE",'Planificación 2026-1'!Y:Y,"<>VIRTUAL",'Planificación 2026-1'!I:I,">2") -> 18 | DZ10: =SUMIFS('Planificación 2026-1'!S:S,'Planificación 2026-1'!X:X,C10,'Planificación 2026-1'!F:F,"FILIAL",'Planificación 2026-1'!Y:Y,"VIRTUAL",'Planificación 2026-1'!I:I,">2") -> 0 | EA10: =SUMIFS('Planificación 2026-1'!S:S,'Planificación 2026-1'!X:X,C10,'Planificación 2026-1'!F:F,"FILIAL",'Planificación 2026-1'!Y:Y,"<>VIRTUAL",'Planificación 2026-1'!I:I,">2") -> 0 | EB10: =SUMIFS('Planificación 2026-1'!S:S,'Planificación 2026-1'!X:X,C10,'Planificación 2026-1'!F:F,"PORUMA",'Planificación 2026-1'!Y:Y,"VIRTUAL",'Planificación 2026-1'!I:I,">2") -> 0 | EC10: =SUMIFS('Planificación 2026-1'!S:S,'Planificación 2026-1'!X:X,C10,'Planificación 2026-1'!F:F,"PORUMA",'Planificación 2026-1'!Y:Y,"<>VIRTUAL",'Planificación 2026-1'!I:I,">2") -> 10 | ED10: =SUMIFS('Planificación 2026-1'!S:S,'Planificación 2026-1'!X:X,C10,'Planificación 2026-1'!F:F,"HUAURA",'Planificación 2026-1'!Y:Y,"VIRTUAL",'Planificación 2026-1'!I:I,">2") -> 0 | EE10: =SUMIFS('Planificación 2026-1'!S:S,'Planificación 2026-1'!X:X,C10,'Planificación 2026-1'!F:F,"HUAURA",'Planificación 2026-1'!Y:Y,"<>VIRTUAL",'Planificación 2026-1'!I:I,">2") -> 0 | EF10: =SUMIFS('Planificación 2026-1'!S:S,'Planificación 2026-1'!X:X,C10,'Planificación 2026-1'!F:F,"PRINCIPAL",'Planificación 2026-1'!Y:Y,"VIRTUAL",'Planificación 2026-1'!I:I,"<3") -> 0 | EG10: =SUMIFS('Planificación 2026-1'!S:S,'Planificación 2026-1'!X:X,C10,'Planificación 2026-1'!F:F,"PRINCIPAL",'Planificación 2026-1'!Y:Y,"<>VIRTUAL",'Planificación 2026-1'!I:I,"<3") -> 0 | EH10: =SUMIFS('Planificación 2026-1'!S:S,'Planificación 2026-1'!X:X,C10,'Planificación 2026-1'!F:F,"SUNAMPE",'Planificación 2026-1'!Y:Y,"VIRTUAL",'Planificación 2026-1'!I:I,"<3") -> 0 | EI10: =SUMIFS('Planificación 2026-1'!S:S,'Planificación 2026-1'!X:X,C10,'Planificación 2026-1'!F:F,"SUNAMPE",'Planificación 2026-1'!Y:Y,"<>VIRTUAL",'Planificación 2026-1'!I:I,"<3") -> 4 | EJ10: =SUMIFS('Planificación 2026-1'!S:S,'Planificación 2026-1'!X:X,C10,'Planificación 2026-1'!F:F,"FILIAL",'Planificación 2026-1'!Y:Y,"VIRTUAL",'Planificación 2026-1'!I:I,"<3") -> 0 | EK10: =SUMIFS('Planificación 2026-1'!S:S,'Planificación 2026-1'!X:X,C10,'Planificación 2026-1'!F:F,"FILIAL",'Planificación 2026-1'!Y:Y,"<>VIRTUAL",'Planificación 2026-1'!I:I,"<3") -> 0 | EL10: =SUMIFS('Planificación 2026-1'!S:S,'Planificación 2026-1'!X:X,C10,'Planificación 2026-1'!F:F,"PORUMA",'Planificación 2026-1'!Y:Y,"VIRTUAL",'Planificación 2026-1'!I:I,"<3") -> 0 | EM10: =SUMIFS('Planificación 2026-1'!S:S,'Planificación 2026-1'!X:X,C10,'Planificación 2026-1'!F:F,"PORUMA",'Planificación 2026-1'!Y:Y,"<>VIRTUAL",'Planificación 2026-1'!I:I,"<3") -> 4 | EN10: =SUMIFS('Planificación 2026-1'!S:S,'Planificación 2026-1'!X:X,C10,'Planificación 2026-1'!F:F,"HUAURA",'Planificación 2026-1'!Y:Y,"VIRTUAL",'Planificación 2026-1'!I:I,"<3") -> 0 | EO10: =SUMIFS('Planificación 2026-1'!S:S,'Planificación 2026-1'!X:X,C10,'Planificación 2026-1'!F:F,"HUAURA",'Planificación 2026-1'!Y:Y,"<>VIRTUAL",'Planificación 2026-1'!I:I,"<3") -> 0 | EP10: =EJ10+DZ10+EA10+EK10 -> 0 | EQ10: =EO10+EN10+EE10+ED10 -> 0 | ER10: =EL10+EM10+EC10+EB10 -> 14 | ES10: =EG10+EF10+DW10+DV10 -> 0 | ET10: =EI10+EH10+DY10+DX10 -> 22 | EU10: =SUM(EP10:ET10) -> 36 | EV10: =EXACT(EU10,E10) -> TRUE | EX10: =DV10+DZ10+ED10+EF10+EJ10+EN10+DX10+EH10 -> 0 | EY10: =DW10+EA10+EE10+EG10+EK10+EO10+DY10+EI10 -> 22 | EZ10: =EXACT(SUM(EX10:EY10),E10) -> FALSE | FA10: =IF(AND(DW10=0,EA10=0,EE10=0),"",IF(COUNTIF(DW10:EE10,">0")=1,IF(DW10>0,"SEDE",IF(EA10>0,"FILIAL","HUAURA")),IF(COUNTIF(DW10:EE10,">0")=2,IF(AND(DW10>0,EA10>0),"SEDE-FILIAL",IF(AND(DW10>0,EE10>0),"SEDE-HUAURA","FILIAL-HUAURA")),"SEDE-FILIAL-HUAURA"))) | FB10: =IF(EX10=0,"PRESENCIAL",IF(EY10=0,"VIRTUAL",IF(EX10>EY10,"MAS VIRTUAL",IF(EY10>EX10,"MAS PRESENCIAL","AMBOS")))) -> PRESENCIAL
