Workbook

Sheet Hoja2
G1: DOCENTES | H1: HORAS EEGG | I1: HORAS FCS | J1: HORAS TOTAL
E2: ACHARTE CHAMPI WALTER JESUS | G2: ACHARTE CHAMPI WALTER JESUS | H2: =SUMIFS('Planificación 2026-1'!$R:$R,'Planificación 2026-1'!$W:$W,G2,'Planificación 2026-1'!$H:$H,"<=2") -> 0 | I2: =SUMIFS('Planificación 2026-1'!$R:$R,'Planificación 2026-1'!$W:$W,G2,'Planificación 2026-1'!$H:$H,">=3") -> 40 | J2: =SUMIFS('Planificación 2026-1'!$R:$R,'Planificación 2026-1'!$W:$W,G2) -> 40
E3: ACOSTA VILLAVICENCIO BLANCA AURORA | G3: ACOSTA VILLAVICENCIO BLANCA AURORA | H3: =SUMIFS('Planificación 2026-1'!$R:$R,'Planificación 2026-1'!$W:$W,G3,'Planificación 2026-1'!$H:$H,"<=2") -> 40 | I3: =SUMIFS('Planificación 2026-1'!$R:$R,'Planificación 2026-1'!$W:$W,G3,'Planificación 2026-1'!$H:$H,">=3") -> 0 | J3: =SUMIFS('Planificación 2026-1'!$R:$R,'Planificación 2026-1'!$W:$W,G3) -> 40
E4: ALIAGA RUIZ MINA ANGELICA | G4: ALIAGA RUIZ MINA ANGELICA | H4: =SUMIFS('Planificación 2026-1'!$R:$R,'Planificación 2026-1'!$W:$W,G4,'Planificación 2026-1'!$H:$H,"<=2") -> 0 | I4: =SUMIFS('Planificación 2026-1'!$R:$R,'Planificación 2026-1'!$W:$W,G4,'Planificación 2026-1'!$H:$H,">=3") -> 13 | J4: =SUMIFS('Planificación 2026-1'!$R:$R,'Planificación 2026-1'!$W:$W,G4) -> 13
E5: ALMEYDA CARBAJAL JOSE ARMANDO | G5: ALVAREZ GARCIA TERESA ELVIRA | H5: =SUMIFS('Planificación 2026-1'!$R:$R,'Planificación 2026-1'!$W:$W,G5,'Planificación 2026-1'!$H:$H,"<=2") -> 4 | I5: =SUMIFS('Planificación 2026-1'!$R:$R,'Planificación 2026-1'!$W:$W,G5,'Planificación 2026-1'!$H:$H,">=3") -> 13 | J5: =SUMIFS('Planificación 2026-1'!$R:$R,'Planificación 2026-1'!$W:$W,G5) -> 17
E6: ANCAJIMA RUIZ ANDREA BETTY | G6: ANCAJIMA RUIZ ANDREA BETTY | H6: =SUMIFS('Planificación 2026-1'!$R:$R,'Planificación 2026-1'!$W:$W,G6,'Planificación 2026-1'!$H:$H,"<=2") -> 15 | I6: =SUMIFS('Planificación 2026-1'!$R:$R,'Planificación 2026-1'!$W:$W,G6,'Planificación 2026-1'!$H:$H,">=3") -> 0 | J6: =SUMIFS('Planificación 2026-1'!$R:$R,'Planificación 2026-1'!$W:$W,G6) -> 15
E7: ANICAMA BERNAOLA PEDRO ARTURO | G7: ANICAMA BERNAOLA PEDRO ARTURO | H7: =SUMIFS('Planificación 2026-1'!$R:$R,'Planificación 2026-1'!$W:$W,G7,'Planificación 2026-1'!$H:$H,"<=2") -> 0 | I7: =SUMIFS('Planificación 2026-1'!$R:$R,'Planificación 2026-1'!$W:$W,G7,'Planificación 2026-1'!$H:$H,">=3") -> 14 | J7: =SUMIFS('Planificación 2026-1'!$R:$R,'Planificación 2026-1'!$W:$W,G7) -> 14
E8: ANTEZANA CHINQUILLO JOSE GIANCARLO | G8: ANTEZANA CHINQUILLO JOSE GIANCARLO | H8: =SUMIFS('Planificación 2026-1'!$R:$R,'Planificación 2026-1'!$W:$W,G8,'Planificación 2026-1'!$H:$H,"<=2") -> 8 | I8: =SUMIFS('Planificación 2026-1'!$R:$R,'Planificación 2026-1'!$W:$W,G8,'Planificación 2026-1'!$H:$H,">=3") -> 28 | J8: =SUMIFS('Planificación 2026-1'!$R:$R,'Planificación 2026-1'!$W:$W,G8) -> 36
E9: ANYOSA ORE MASSIEL | G9: APOLAYA PAREJA BERTHA ESTHER | H9: =SUMIFS('Planificación 2026-1'!$R:$R,'Planificación 2026-1'!$W:$W,G9,'Planificación 2026-1'!$H:$H,"<=2") -> 0 | I9: =SUMIFS('Planificación 2026-1'!$R:$R,'Planificación 2026-1'!$W:$W,G9,'Planificación 2026-1'!$H:$H,">=3") -> 24 | J9: =SUMIFS('Planificación 2026-1'!$R:$R,'Planificación 2026-1'!$W:$W,G9) -> 24
E10: APOLAYA PAREJA BERTHA ESTHER | G10: AQUIJE DAPOZZO EDWAR VIDAL | H10: =SUMIFS('Planificación 2026-1'!$R:$R,'Planificación 2026-1'!$W:$W,G10,'Planificación 2026-1'!$H:$H,"<=2") -> 0 | I10: =SUMIFS('Planificación 2026-1'!$R:$R,'Planificación 2026-1'!$W:$W,G10,'Planificación 2026-1'!$H:$H,">=3") -> 18 | J10: =SUMIFS('Planificación 2026-1'!$R:$R,'Planificación 2026-1'!$W:$W,G10) -> 18
E11: AQUIJE DAPOZZO EDWAR VIDAL | G11: ARIZOLA AGUADO ALICIA ANTOINETTE | H11: =SUMIFS('Planificación 2026-1'!$R:$R,'Planificación 2026-1'!$W:$W,G11,'Planificación 2026-1'!$H:$H,"<=2") -> 0 | I11: =SUMIFS('Planificación 2026-1'!$R:$R,'Planificación 2026-1'!$W:$W,G11,'Planificación 2026-1'!$H:$H,">=3") -> 15 | J11: =SUMIFS('Planificación 2026-1'!$R:$R,'Planificación 2026-1'!$W:$W,G11) -> 15
E12: ALVAREZ GARCIA TERESA | G12: AROTUMA GRANDA HECTOR JUAN CARLOS | H12: =SUMIFS('Planificación 2026-1'!$R:$R,'Planificación 2026-1'!$W:$W,G12,'Planificación 2026-1'!$H:$H,"<=2") -> 0 | I12: =SUMIFS('Planificación 2026-1'!$R:$R,'Planificación 2026-1'!$W:$W,G12,'Planificación 2026-1'!$H:$H,">=3") -> 10 | J12: =SUMIFS('Planificación 2026-1'!$R:$R,'Planificación 2026-1'!$W:$W,G12) -> 10
E13: ALVAREZ GARCIA TERESA ELVIRA | G13: ARQUIÑEGO SOLAR HENRRY MARCOS | H13: =SUMIFS('Planificación 2026-1'!$R:$R,'Planificación 2026-1'!$W:$W,G13,'Planificación 2026-1'!$H:$H,"<=2") -> 0 | I13: =SUMIFS('Planificación 2026-1'!$R:$R,'Planificación 2026-1'!$W:$W,G13,'Planificación 2026-1'!$H:$H,">=3") -> 30 | J13: =SUMIFS('Planificación 2026-1'!$R:$R,'Planificación 2026-1'!$W:$W,G13) -> 30
E14: ARIZOLA AGUADO ALICIA ANTOINETTE | G14: ARREDONDO ZELA SONIA OLIVIA | H14: =SUMIFS('Planificación 2026-1'!$R:$R,'Planificación 2026-1'!$W:$W,G14,'Planificación 2026-1'!$H:$H,"<=2") -> 38 | I14: =SUMIFS('Planificación 2026-1'!$R:$R,'Planificación 2026-1'!$W:$W,G14,'Planificación 2026-1'!$H:$H,">=3") -> 0 | J14: =SUMIFS('Planificación 2026-1'!$R:$R,'Planificación 2026-1'!$W:$W,G14) -> 38 | K14: si
E15: AROTUMA GRANDA HECTOR JUAN CARLOS | G15: ARROYO PACHAS JOSE LUIS | H15: =SUMIFS('Planificación 2026-1'!$R:$R,'Planificación 2026-1'!$W:$W,G15,'Planificación 2026-1'!$H:$H,"<=2") -> 0 | I15: =SUMIFS('Planificación 2026-1'!$R:$R,'Planificación 2026-1'!$W:$W,G15,'Planificación 2026-1'!$H:$H,">=3") -> 32 | J15: =SUMIFS('Planificación 2026-1'!$R:$R,'Planificación 2026-1'!$W:$W,G15) -> 32
E16: ARQUIÑEGO SOLAR HENRRY MARCOS | G16: ATME ROJAS DAVEY RAUL | H16: =SUMIFS('Planificación 2026-1'!$R:$R,'Planificación 2026-1'!$W:$W,G16,'Planificación 2026-1'!$H:$H,"<=2") -> 0 | I16: =SUMIFS('Planificación 2026-1'!$R:$R,'Planificación 2026-1'!$W:$W,G16,'Planificación 2026-1'!$H:$H,">=3") -> 25 | J16: =SUMIFS('Planificación 2026-1'!$R:$R,'Planificación 2026-1'!$W:$W,G16) -> 25
E17: ARROYO PACHAS JOSE LUIS | G17: ATUNCAR SUENG DORA ROSARIO | H17: =SUMIFS('Planificación 2026-1'!$R:$R,'Planificación 2026-1'!$W:$W,G17,'Planificación 2026-1'!$H:$H,"<=2") -> 0 | I17: =SUMIFS('Planificación 2026-1'!$R:$R,'Planificación 2026-1'!$W:$W,G17,'Planificación 2026-1'!$H:$H,">=3") -> 14 | J17: =SUMIFS('Planificación 2026-1'!$R:$R,'Planificación 2026-1'!$W:$W,G17) -> 14
E18: ATME ROJAS DAVEY RAUL | G18: ATUNCAR VASQUEZ RICARDO MANUEL | H18: =SUMIFS('Planificación 2026-1'!$R:$R,'Planificación 2026-1'!$W:$W,G18,'Planificación 2026-1'!$H:$H,"<=2") -> 0 | I18: =SUMIFS('Planificación 2026-1'!$R:$R,'Planificación 2026-1'!$W:$W,G18,'Planificación 2026-1'!$H:$H,">=3") -> 34 | J18: =SUMIFS('Planificación 2026-1'!$R:$R,'Planificación 2026-1'!$W:$W,G18) -> 34
E19: ATUNCAR SUENG DORA ROSARIO | G19: AYBAR HUAMANI JUSTINIANO | H19: =SUMIFS('Planificación 2026-1'!$R:$R,'Planificación 2026-1'!$W:$W,G19,'Planificación 2026-1'!$H:$H,"<=2") -> 39 | I19: =SUMIFS('Planificación 2026-1'!$R:$R,'Planificación 2026-1'!$W:$W,G19,'Planificación 2026-1'!$H:$H,">=3") -> 0 | J19: =SUMIFS('Planificación 2026-1'!$R:$R,'Planificación 2026-1'!$W:$W,G19) -> 39 | K19: si
E20: ATUNCAR VASQUEZ RICARDO MANUEL | G20: BALBUENA CONISLLA KATHERINE ROXANA | H20: =SUMIFS('Planificación 2026-1'!$R:$R,'Planificación 2026-1'!$W:$W,G20,'Planificación 2026-1'!$H:$H,"<=2") -> 0 | I20: =SUMIFS('Planificación 2026-1'!$R:$R,'Planificación 2026-1'!$W:$W,G20,'Planificación 2026-1'!$H:$H,">=3") -> 0 | J20: =SUMIFS('Planificación 2026-1'!$R:$R,'Planificación 2026-1'!$W:$W,G20) -> 0
E21: BALBUENA CONISLLA KATHERINE ROXANA | G21: BAÑOS RAMOS JUAN CARLOS | H21: =SUMIFS('Planificación 2026-1'!$R:$R,'Planificación 2026-1'!$W:$W,G21,'Planificación 2026-1'!$H:$H,"<=2") -> 0 | I21: =SUMIFS('Planificación 2026-1'!$R:$R,'Planificación 2026-1'!$W:$W,G21,'Planificación 2026-1'!$H:$H,">=3") -> 14 | J21: =SUMIFS('Planificación 2026-1'!$R:$R,'Planificación 2026-1'!$W:$W,G21) -> 14
E22: BAÑOS RAMOS JUAN CARLOS | G22: BARRIENTOS PEREZ TEREZA NICOLLE | H22: =SUMIFS('Planificación 2026-1'!$R:$R,'Planificación 2026-1'!$W:$W,G22,'Planificación 2026-1'!$H:$H,"<=2") -> 0 | I22: =SUMIFS('Planificación 2026-1'!$R:$R,'Planificación 2026-1'!$W:$W,G22,'Planificación 2026-1'!$H:$H,">=3") -> 19 | J22: =SUMIFS('Planificación 2026-1'!$R:$R,'Planificación 2026-1'!$W:$W,G22) -> 19
E23: BARRIENTOS PEREZ TEREZA NICOLLE | G23: BARRIENTOS RAMOS VICTOR HUGO | H23: =SUMIFS('Planificación 2026-1'!$R:$R,'Planificación 2026-1'!$W:$W,G23,'Planificación 2026-1'!$H:$H,"<=2") -> 0 | I23: =SUMIFS('Planificación 2026-1'!$R:$R,'Planificación 2026-1'!$W:$W,G23,'Planificación 2026-1'!$H:$H,">=3") -> 15 | J23: =SUMIFS('Planificación 2026-1'!$R:$R,'Planificación 2026-1'!$W:$W,G23) -> 15
E24: BARRIENTOS RAMOS VICTOR HUGO | G24: BARRIOS GABRIEL SONIA EDITH | H24: =SUMIFS('Planificación 2026-1'!$R:$R,'Planificación 2026-1'!$W:$W,G24,'Planificación 2026-1'!$H:$H,"<=2") -> 35 | I24: =SUMIFS('Planificación 2026-1'!$R:$R,'Planificación 2026-1'!$W:$W,G24,'Planificación 2026-1'!$H:$H,">=3") -> 0 | J24: =SUMIFS('Planificación 2026-1'!$R:$R,'Planificación 2026-1'!$W:$W,G24) -> 35
E25: BARRIOS GABRIEL SONIA EDITH | G25: BAZALAR GANOZA BEATRIZ ROSARIO | H25: =SUMIFS('Planificación 2026-1'!$R:$R,'Planificación 2026-1'!$W:$W,G25,'Planificación 2026-1'!$H:$H,"<=2") -> 30 | I25: =SUMIFS('Planificación 2026-1'!$R:$R,'Planificación 2026-1'!$W:$W,G25,'Planificación 2026-1'!$H:$H,">=3") -> 0 | J25: =SUMIFS('Planificación 2026-1'!$R:$R,'Planificación 2026-1'!$W:$W,G25) -> 30 | K25: si
E26: BELLIDO LEON FRANK JUNIOR | G26: BELLIDO LEON FRANK JUNIOR | H26: =SUMIFS('Planificación 2026-1'!$R:$R,'Planificación 2026-1'!$W:$W,G26,'Planificación 2026-1'!$H:$H,"<=2") -> 0 | I26: =SUMIFS('Planificación 2026-1'!$R:$R,'Planificación 2026-1'!$W:$W,G26,'Planificación 2026-1'!$H:$H,">=3") -> 31 | J26: =SUMIFS('Planificación 2026-1'!$R:$R,'Planificación 2026-1'!$W:$W,G26) -> 31
E27: BENAVIDES ESCRIBA VICTOR MANUEL | G27: BENAVIDES ESCRIBA VICTOR MANUEL | H27: =SUMIFS('Planificación 2026-1'!$R:$R,'Planificación 2026-1'!$W:$W,G27,'Planificación 2026-1'!$H:$H,"<=2") -> 0 | I27: =SUMIFS('Planificación 2026-1'!$R:$R,'Planificación 2026-1'!$W:$W,G27,'Planificación 2026-1'!$H:$H,">=3") -> 32 | J27: =SUMIFS('Planificación 2026-1'!$R:$R,'Planificación 2026-1'!$W:$W,G27) -> 32
E28: BENDEZU HUAROTO ALEX RAUL | G28: BENDEZU HUAROTO ALEX RAUL | H28: =SUMIFS('Planificación 2026-1'!$R:$R,'Planificación 2026-1'!$W:$W,G28,'Planificación 2026-1'!$H:$H,"<=2") -> 33 | I28: =SUMIFS('Planificación 2026-1'!$R:$R,'Planificación 2026-1'!$W:$W,G28,'Planificación 2026-1'!$H:$H,">=3") -> 0 | J28: =SUMIFS('Planificación 2026-1'!$R:$R,'Planificación 2026-1'!$W:$W,G28) -> 33
E29: BERROSPI VARGAS ANA ELVA | G29: BERROSPI VARGAS ANA ELVA | H29: =SUMIFS('Planificación 2026-1'!$R:$R,'Planificación 2026-1'!$W:$W,G29,'Planificación 2026-1'!$H:$H,"<=2") -> 0 | I29: =SUMIFS('Planificación 2026-1'!$R:$R,'Planificación 2026-1'!$W:$W,G29,'Planificación 2026-1'!$H:$H,">=3") -> 18 | J29: =SUMIFS('Planificación 2026-1'!$R:$R,'Planificación 2026-1'!$W:$W,G29) -> 18
E30: CABRERA PIMENTEL HELGA ROXANA | G30: BRIZUELA LOPEZ MARIELLA PILAR | H30: =SUMIFS('Planificación 2026-1'!$R:$R,'Planificación 2026-1'!$W:$W,G30,'Planificación 2026-1'!$H:$H,"<=2") -> 0 | I30: =SUMIFS('Planificación 2026-1'!$R:$R,'Planificación 2026-1'!$W:$W,G30,'Planificación 2026-1'!$H:$H,">=3") -> 0 | J30: =SUMIFS('Planificación 2026-1'!$R:$R,'Planificación 2026-1'!$W:$W,G30) -> 0
E31: CABRERA VELASQUEZ MEYLAN ALLIZA | G31: CABRERA PIMENTEL HELGA ROXANA | H31: =SUMIFS('Planificación 2026-1'!$R:$R,'Planificación 2026-1'!$W:$W,G31,'Planificación 2026-1'!$H:$H,"<=2") -> 0 | I31: =SUMIFS('Planificación 2026-1'!$R:$R,'Planificación 2026-1'!$W:$W,G31,'Planificación 2026-1'!$H:$H,">=3") -> 30 | J31: =SUMIFS('Planificación 2026-1'!$R:$R,'Planificación 2026-1'!$W:$W,G31) -> 30
E32: CABRERA VIZARRETA MARTHA LUISA | G32: CABRERA VELASQUEZ MEYLAN ALLIZA | H32: =SUMIFS('Planificación 2026-1'!$R:$R,'Planificación 2026-1'!$W:$W,G32,'Planificación 2026-1'!$H:$H,"<=2") -> 0 | I32: =SUMIFS('Planificación 2026-1'!$R:$R,'Planificación 2026-1'!$W:$W,G32,'Planificación 2026-1'!$H:$H,">=3") -> 16 | J32: =SUMIFS('Planificación 2026-1'!$R:$R,'Planificación 2026-1'!$W:$W,G32) -> 16
E33: CAHUA DIAZ DEYSI MARIBEL | G33: CABRERA VIZARRETA MARTHA LUISA | H33: =SUMIFS('Planificación 2026-1'!$R:$R,'Planificación 2026-1'!$W:$W,G33,'Planificación 2026-1'!$H:$H,"<=2") -> 29 | I33: =SUMIFS('Planificación 2026-1'!$R:$R,'Planificación 2026-1'!$W:$W,G33,'Planificación 2026-1'!$H:$H,">=3") -> 8 | J33: =SUMIFS('Planificación 2026-1'!$R:$R,'Planificación 2026-1'!$W:$W,G33) -> 37
E34: CAHUANA MUÑOZ BETTY MARISEL | G34: CAHUA DIAZ DEYSI MARIBEL | H34: =SUMIFS('Planificación 2026-1'!$R:$R,'Planificación 2026-1'!$W:$W,G34,'Planificación 2026-1'!$H:$H,"<=2") -> 0 | I34: =SUMIFS('Planificación 2026-1'!$R:$R,'Planificación 2026-1'!$W:$W,G34,'Planificación 2026-1'!$H:$H,">=3") -> 12 | J34: =SUMIFS('Planificación 2026-1'!$R:$R,'Planificación 2026-1'!$W:$W,G34) -> 12
E35: CALLAÑAUPA VARGAS JULIA ANTONIA | G35: CAHUANA MUÑOZ BETTY MARISEL | H35: =SUMIFS('Planificación 2026-1'!$R:$R,'Planificación 2026-1'!$W:$W,G35,'Planificación 2026-1'!$H:$H,"<=2") -> 0 | I35: =SUMIFS('Planificación 2026-1'!$R:$R,'Planificación 2026-1'!$W:$W,G35,'Planificación 2026-1'!$H:$H,">=3") -> 32 | J35: =SUMIFS('Planificación 2026-1'!$R:$R,'Planificación 2026-1'!$W:$W,G35) -> 32
E36: CAMPOS CARDENAS SANDRA GISELA | G36: CALLAÑAUPA VARGAS JULIA ANTONIA | H36: =SUMIFS('Planificación 2026-1'!$R:$R,'Planificación 2026-1'!$W:$W,G36,'Planificación 2026-1'!$H:$H,"<=2") -> 0 | I36: =SUMIFS('Planificación 2026-1'!$R:$R,'Planificación 2026-1'!$W:$W,G36,'Planificación 2026-1'!$H:$H,">=3") -> 26 | J36: =SUMIFS('Planificación 2026-1'!$R:$R,'Planificación 2026-1'!$W:$W,G36) -> 26
E37: CANDELA CUBILLAS HUBER AGUSTIN | G37: CAMPIAN LAZO YONAL IGNACIO | H37: =SUMIFS('Planificación 2026-1'!$R:$R,'Planificación 2026-1'!$W:$W,G37,'Planificación 2026-1'!$H:$H,"<=2") -> 14 | I37: =SUMIFS('Planificación 2026-1'!$R:$R,'Planificación 2026-1'!$W:$W,G37,'Planificación 2026-1'!$H:$H,">=3") -> 0 | J37: =SUMIFS('Planificación 2026-1'!$R:$R,'Planificación 2026-1'!$W:$W,G37) -> 14
... E229: ZEGARRA ZEBALLOS MARIELA ROSARIO | G229: URBANO LUCANA SEFERINA SARAFINA | H229: =SUMIFS('Planificación 2026-1'!$R:$R,'Planificación 2026-1'!$W:$W,G229,'Planificación 2026-1'!$H:$H,"<=2") -> 15 | I229: =SUMIFS('Planificación 2026-1'!$R:$R,'Planificación 2026-1'!$W:$W,G229,'Planificación 2026-1'!$H:$H,">=3") -> 0 | J229: =SUMIFS('Planificación 2026-1'!$R:$R,'Planificación 2026-1'!$W:$W,G229) -> 15
G230: VALDIVIEZO GUEVARA MARLITT | H230: =SUMIFS('Planificación 2026-1'!$R:$R,'Planificación 2026-1'!$W:$W,G230,'Planificación 2026-1'!$H:$H,"<=2") -> 38 | I230: =SUMIFS('Planificación 2026-1'!$R:$R,'Planificación 2026-1'!$W:$W,G230,'Planificación 2026-1'!$H:$H,">=3") -> 0 | J230: =SUMIFS('Planificación 2026-1'!$R:$R,'Planificación 2026-1'!$W:$W,G230) -> 38
G231: VALDIVIEZO GUEVARA MARLITT | H231: =SUMIFS('Planificación 2026-1'!$R:$R,'Planificación 2026-1'!$W:$W,G231,'Planificación 2026-1'!$H:$H,"<=2") -> 0 | I231: =SUMIFS('Planificación 2026-1'!$R:$R,'Planificación 2026-1'!$W:$W,G231,'Planificación 2026-1'!$H:$H,">=3") -> 0 | J231: =SUMIFS('Planificación 2026-1'!$R:$R,'Planificación 2026-1'!$W:$W,G231) -> 0
G232: VALENCIA GARRIAZO EBER | H232: =SUMIFS('Planificación 2026-1'!$R:$R,'Planificación 2026-1'!$W:$W,G232,'Planificación 2026-1'!$H:$H,"<=2") -> 4 | I232: =SUMIFS('Planificación 2026-1'!$R:$R,'Planificación 2026-1'!$W:$W,G232,'Planificación 2026-1'!$H:$H,">=3") -> 30 | J232: =SUMIFS('Planificación 2026-1'!$R:$R,'Planificación 2026-1'!$W:$W,G232) -> 34
G233: VALENCIA ORMEÑO JANET ROSARIO | H233: =SUMIFS('Planificación 2026-1'!$R:$R,'Planificación 2026-1'!$W:$W,G233,'Planificación 2026-1'!$H:$H,"<=2") -> 0 | I233: =SUMIFS('Planificación 2026-1'!$R:$R,'Planificación 2026-1'!$W:$W,G233,'Planificación 2026-1'!$H:$H,">=3") -> 15 | J233: =SUMIFS('Planificación 2026-1'!$R:$R,'Planificación 2026-1'!$W:$W,G233) -> 15
G234: VALLEJOS CASTILLO KARINA DALILA | H234: =SUMIFS('Planificación 2026-1'!$R:$R,'Planificación 2026-1'!$W:$W,G234,'Planificación 2026-1'!$H:$H,"<=2") -> 4 | I234: =SUMIFS('Planificación 2026-1'!$R:$R,'Planificación 2026-1'!$W:$W,G234,'Planificación 2026-1'!$H:$H,">=3") -> 15 | J234: =SUMIFS('Planificación 2026-1'!$R:$R,'Planificación 2026-1'!$W:$W,G234) -> 19
G235: VARGAS HUAMANTUMBA YAMELY | H235: =SUMIFS('Planificación 2026-1'!$R:$R,'Planificación 2026-1'!$W:$W,G235,'Planificación 2026-1'!$H:$H,"<=2") -> 0 | I235: =SUMIFS('Planificación 2026-1'!$R:$R,'Planificación 2026-1'!$W:$W,G235,'Planificación 2026-1'!$H:$H,">=3") -> 18 | J235: =SUMIFS('Planificación 2026-1'!$R:$R,'Planificación 2026-1'!$W:$W,G235) -> 18
G236: VARGAS PRADO KELLY FARA | H236: =SUMIFS('Planificación 2026-1'!$R:$R,'Planificación 2026-1'!$W:$W,G236,'Planificación 2026-1'!$H:$H,"<=2") -> 0 | I236: =SUMIFS('Planificación 2026-1'!$R:$R,'Planificación 2026-1'!$W:$W,G236,'Planificación 2026-1'!$H:$H,">=3") -> 8 | J236: =SUMIFS('Planificación 2026-1'!$R:$R,'Planificación 2026-1'!$W:$W,G236) -> 8
G237: VARGAS TASAYCO MIGUEL ANGEL | H237: =SUMIFS('Planificación 2026-1'!$R:$R,'Planificación 2026-1'!$W:$W,G237,'Planificación 2026-1'!$H:$H,"<=2") -> 0 | I237: =SUMIFS('Planificación 2026-1'!$R:$R,'Planificación 2026-1'!$W:$W,G237,'Planificación 2026-1'!$H:$H,">=3") -> 18 | J237: =SUMIFS('Planificación 2026-1'!$R:$R,'Planificación 2026-1'!$W:$W,G237) -> 18
G238: VASQUEZ CABALLERO DEISSY ALINA | H238: =SUMIFS('Planificación 2026-1'!$R:$R,'Planificación 2026-1'!$W:$W,G238,'Planificación 2026-1'!$H:$H,"<=2") -> 0 | I238: =SUMIFS('Planificación 2026-1'!$R:$R,'Planificación 2026-1'!$W:$W,G238,'Planificación 2026-1'!$H:$H,">=3") -> 14 | J238: =SUMIFS('Planificación 2026-1'!$R:$R,'Planificación 2026-1'!$W:$W,G238) -> 14
G239: VASQUEZ RAMOS JHOSSELYN NATALYE | H239: =SUMIFS('Planificación 2026-1'!$R:$R,'Planificación 2026-1'!$W:$W,G239,'Planificación 2026-1'!$H:$H,"<=2") -> 0 | I239: =SUMIFS('Planificación 2026-1'!$R:$R,'Planificación 2026-1'!$W:$W,G239,'Planificación 2026-1'!$H:$H,">=3") -> 18 | J239: =SUMIFS('Planificación 2026-1'!$R:$R,'Planificación 2026-1'!$W:$W,G239) -> 18
G240: VASQUEZ TREJO CESAR WILFREDO | H240: =SUMIFS('Planificación 2026-1'!$R:$R,'Planificación 2026-1'!$W:$W,G240,'Planificación 2026-1'!$H:$H,"<=2") -> 15 | I240: =SUMIFS('Planificación 2026-1'!$R:$R,'Planificación 2026-1'!$W:$W,G240,'Planificación 2026-1'!$H:$H,">=3") -> 0 | J240: =SUMIFS('Planificación 2026-1'!$R:$R,'Planificación 2026-1'!$W:$W,G240) -> 15
G241: VELASQUEZ VELASQUEZ ROSA MARIA | H241: =SUMIFS('Planificación 2026-1'!$R:$R,'Planificación 2026-1'!$W:$W,G241,'Planificación 2026-1'!$H:$H,"<=2") -> 0 | I241: =SUMIFS('Planificación 2026-1'!$R:$R,'Planificación 2026-1'!$W:$W,G241,'Planificación 2026-1'!$H:$H,">=3") -> 14 | J241: =SUMIFS('Planificación 2026-1'!$R:$R,'Planificación 2026-1'!$W:$W,G241) -> 14
... G255: ZEGARRA ZEBALLOS MARIELA ROSARIO | H255: =SUMIFS('Planificación 2026-1'!$R:$R,'Planificación 2026-1'!$W:$W,G255,'Planificación 2026-1'!$H:$H,"<=2") -> 0 | I255: =SUMIFS('Planificación 2026-1'!$R:$R,'Planificación 2026-1'!$W:$W,G255,'Planificación 2026-1'!$H:$H,">=3") -> 0 | J255: =SUMIFS('Planificación 2026-1'!$R:$R,'Planificación 2026-1'!$W:$W,G255) -> 0

Sheet Docentes
B2: REGISTRO DE DOCENTES CON CARGA ACADÉMICA 2025-2
B4: N° | C4: DNI | D4: APELLIDOS Y NOMBRE DOCENTE 2025-2 | E4: CONDICIÓN | G4: LOCAL 2025-2 | H4: CONDICIÓN | I4: PROGRAMA ACADÉMICO 2025-2 | J4: DEDICACIÓN 2025-2 | K4: HORAS 2025-2 | L4: LOCAL 2026-1 | M4: CONDICIÓN 2026-1 | N4: PROGRAMA ACADÉMICO 2026-1 | O4: DEDICACIÓN 2026-1 | P4: HORAS 2026-1 | R4: RESPONSABLE DE UNIDAD / DOCENTE INVESTIGADOR (ESCRIBIR AREA Y ESCUELA | S4: OBSERVACIONES
B5: 1 | C5: 45549528 | D5: ACHARTE CHAMPI WALTER JESUS | E5: DOCENTE | F5: RENOVACIÓN | G5: SEDE | H5: DOCENTE | I5: ENFERMERÍA | J5: TC | K5: 40 | L5: =VLOOKUP(D5,EDITABLE!C:H,5,FALSE) -> SEDE | N5: =VLOOKUP(D5,EDITABLE!C:H,6,FALSE) -> ENFERMERÍA | P5: =SUMIFS('Planificación 2026-1'!$R:$R,'Planificación 2026-1'!$W:$W,D5) -> 40
B6: 2 | C6: 40364065 | D6: ACOSTA VILLAVICENCIO BLANCA AURORA | E6: DOCENTE | F6: RENOVACIÓN | G6: SEDE | H6: DOCENTE | I6: PSICOLOGÍA - EEGG | J6: TC | K6: 38 | L6: =VLOOKUP(D6,EDITABLE!C:H,5,FALSE) -> SEDE | N6: =VLOOKUP(D6,EDITABLE!C:H,6,FALSE) -> OBSTETRICIA - EEGG | P6: =SUMIFS('Planificación 2026-1'!$R:$R,'Planificación 2026-1'!$W:$W,D6) -> 40
B7: 3 | C7: 45228337 | D7: ALIAGA RUIZ MINA ANGELICA | E7: DOCENTE | F7: RENOVACIÓN | G7: SEDE | H7: DOCENTE | I7: PSICOLOGÍA | J7: TP | K7: 10 | L7: =VLOOKUP(D7,EDITABLE!C:H,5,FALSE) -> SEDE | N7: =VLOOKUP(D7,EDITABLE!C:H,6,FALSE) -> PSICOLOGÍA | P7: =SUMIFS('Planificación 2026-1'!$R:$R,'Planificación 2026-1'!$W:$W,D7) -> 13
B8: 4 | C8: 21525109 | D8: ALVAREZ GARCIA TERESA ELVIRA | E8: DOCENTE | F8: RENOVACIÓN | G8: FILIAL | H8: DOCENTE | I8: MEDICINA HUMANA | J8: TP | K8: 8 | L8: =VLOOKUP(D8,EDITABLE!C:H,5,FALSE) -> PORUMA | N8: =VLOOKUP(D8,EDITABLE!C:H,6,FALSE) -> MEDICINA HUMANA | P8: =SUMIFS('Planificación 2026-1'!$R:$R,'Planificación 2026-1'!$W:$W,D8) -> 17
B9: 5 | C9: 44371485 | D9: ANCAJIMA RUIZ ANDREA BETTY | E9: DOCENTE | F9: RENOVACIÓN | G9: FILIAL | H9: DOCENTE | I9: DERECHO - EEGG | J9: TP | K9: 15 | L9: =VLOOKUP(D9,EDITABLE!C:H,5,FALSE) -> FILIAL | N9: =VLOOKUP(D9,EDITABLE!C:H,6,FALSE) -> ENFERMERÍA - EEGG | P9: =SUMIFS('Planificación 2026-1'!$R:$R,'Planificación 2026-1'!$W:$W,D9) -> 15
B10: 6 | C10: 21560679 | D10: ANICAMA BERNAOLA PEDRO ARTURO | E10: DOCENTE | F10: INVITACIÓN | G10: FILIAL | H10: DOCENTE | I10: MEDICINA HUMANA | J10: TP | K10: 15 | L10: =VLOOKUP(D10,EDITABLE!C:H,5,FALSE) -> PORUMA | N10: =VLOOKUP(D10,EDITABLE!C:H,6,FALSE) -> MEDICINA HUMANA | P10: =SUMIFS('Planificación 2026-1'!$R:$R,'Planificación 2026-1'!$W:$W,D10) -> 14
B11: 7 | C11: 43041422 | D11: ANTEZANA CHINQUILLO JOSE GIANCARLO | E11: DOCENTE | F11: RENOVACIÓN | G11: FILIAL | H11: DOCENTE | I11: ENFERMERÍA | J11: TP | K11: 14 | L11: =VLOOKUP(D11,EDITABLE!C:H,5,FALSE) -> PORUMA | N11: =VLOOKUP(D11,EDITABLE!C:H,6,FALSE) -> MEDICINA HUMANA | P11: =SUMIFS('Planificación 2026-1'!$R:$R,'Planificación 2026-1'!$W:$W,D11) -> 36
B12: 8 | C12: 42508963 | D12: APOLAYA PAREJA BERTHA ESTHER | E12: DOCENTE | F12: RENOVACIÓN | G12: SEDE | H12: DOCENTE | I12: OBSTETRICIA | J12: TC | K12: 27 | L12: =VLOOKUP(D12,EDITABLE!C:H,5,FALSE) -> SEDE | N12: =VLOOKUP(D12,EDITABLE!C:H,6,FALSE) -> OBSTETRICIA | P12: =SUMIFS('Planificación 2026-1'!$R:$R,'Planificación 2026-1'!$W:$W,D12) -> 24 | R12: RESPONSABLE DE UNIDAD DE INVESTIGACION Y RESPONSABILIDAD SOCIAL OBSTETRICIA
B13: 9 | C13: 22299955 | D13: AQUIJE DAPOZZO EDWAR VIDAL | E13: DOCENTE | F13: RENOVACIÓN | G13: FILIAL | H13: DOCENTE | I13: OBSTETRICIA | J13: TP | K13: 8 | L13: =VLOOKUP(D13,EDITABLE!C:H,5,FALSE) -> FILIAL | N13: =VLOOKUP(D13,EDITABLE!C:H,6,FALSE) -> ENFERMERÍA | P13: =SUMIFS('Planificación 2026-1'!$R:$R,'Planificación 2026-1'!$W:$W,D13) -> 18
B14: 10 | C14: 21546746 | D14: ARIZOLA AGUADO ALICIA ANTOINETTE | E14: DOCENTE | F14: RENOVACIÓN | G14: FILIAL | H14: DOCENTE | I14: MEDICINA HUMANA | J14: TP | K14: 15 | L14: =VLOOKUP(D14,EDITABLE!C:H,5,FALSE) -> PORUMA | N14: =VLOOKUP(D14,EDITABLE!C:H,6,FALSE) -> MEDICINA HUMANA | P14: =SUMIFS('Planificación 2026-1'!$R:$R,'Planificación 2026-1'!$W:$W,D14) -> 15
B15: 11 | C15: 42841966 | D15: AROTUMA GRANDA HECTOR JUAN CARLOS | E15: DOCENTE | F15: CONCURSO | G15: FILIAL | H15: DOCENTE | I15: MEDICINA HUMANA | J15: TP | K15: 10 | L15: =VLOOKUP(D15,EDITABLE!C:H,5,FALSE) -> PORUMA | N15: =VLOOKUP(D15,EDITABLE!C:H,6,FALSE) -> MEDICINA HUMANA | P15: =SUMIFS('Planificación 2026-1'!$R:$R,'Planificación 2026-1'!$W:$W,D15) -> 10
B16: 12 | C16: 21427721 | D16: ARQUIÑEGO SOLAR HENRRY MARCOS | E16: DOCENTE | F16: RENOVACIÓN | G16: FILIAL | H16: DOCENTE | I16: ENFERMERÍA | J16: TC | K16: 38 | L16: =VLOOKUP(D16,EDITABLE!C:H,5,FALSE) -> FILIAL | N16: =VLOOKUP(D16,EDITABLE!C:H,6,FALSE) -> ENFERMERÍA | P16: =SUMIFS('Planificación 2026-1'!$R:$R,'Planificación 2026-1'!$W:$W,D16) -> 30
B17: 13 | C17: 40385643 | D17: ARREDONDO ZELA SONIA OLIVIA | E17: DOCENTE | F17: RENOVACIÓN | G17: SEDE | H17: DOCENTE | I17: DERECHO - EEGG | J17: TP | K17: 15 | L17: =VLOOKUP(D17,EDITABLE!C:H,5,FALSE) -> SEDE | N17: =VLOOKUP(D17,EDITABLE!C:H,6,FALSE) -> OBSTETRICIA - EEGG | P17: =SUMIFS('Planificación 2026-1'!$R:$R,'Planificación 2026-1'!$W:$W,D17) -> 38
B18: 14 | C18: 80034938 | D18: ARROYO PACHAS JOSE LUIS | E18: DOCENTE | F18: RENOVACIÓN | G18: SEDE | H18: DOCENTE | I18: ENFERMERÍA | J18: TC | K18: 34 | L18: =VLOOKUP(D18,EDITABLE!C:H,5,FALSE) -> SEDE | N18: =VLOOKUP(D18,EDITABLE!C:H,6,FALSE) -> ENFERMERÍA | P18: =SUMIFS('Planificación 2026-1'!$R:$R,'Planificación 2026-1'!$W:$W,D18) -> 32
B19: 15 | C19: 21536202 | D19: ATME ROJAS DAVEY RAUL | E19: DOCENTE | F19: RENOVACIÓN | G19: FILIAL | H19: DOCENTE | I19: PSICOLOGÍA | J19: TC | K19: 32 | L19: =VLOOKUP(D19,EDITABLE!C:H,5,FALSE) -> FILIAL | N19: =VLOOKUP(D19,EDITABLE!C:H,6,FALSE) -> PSICOLOGÍA | P19: =SUMIFS('Planificación 2026-1'!$R:$R,'Planificación 2026-1'!$W:$W,D19) -> 25 | R19: RESPONSABLE DE UNIDAD DE INVESTIGACION Y RESPONSABILIDAD SOCIAL PSICOLOGÍA
B20: 16 | C20: 07703595 | D20: ATUNCAR SUENG DORA ROSARIO | E20: DOCENTE | F20: CONCURSO | G20: SEDE | H20: DOCENTE | I20: PSICOLOGÍA | J20: TP | K20: 8 | L20: =VLOOKUP(D20,EDITABLE!C:H,5,FALSE) -> SEDE | N20: =VLOOKUP(D20,EDITABLE!C:H,6,FALSE) -> PSICOLOGÍA | P20: =SUMIFS('Planificación 2026-1'!$R:$R,'Planificación 2026-1'!$W:$W,D20) -> 14
B21: 17 | C21: 21836179 | D21: ATUNCAR VASQUEZ RICARDO MANUEL | E21: DOCENTE | F21: RENOVACIÓN | G21: SEDE | H21: DOCENTE | I21: PSICOLOGÍA | J21: TP | K21: 12 | L21: =VLOOKUP(D21,EDITABLE!C:H,5,FALSE) -> SEDE | N21: =VLOOKUP(D21,EDITABLE!C:H,6,FALSE) -> OBSTETRICIA | P21: =SUMIFS('Planificación 2026-1'!$R:$R,'Planificación 2026-1'!$W:$W,D21) -> 34
B22: 18 | C22: 08822479 | D22: AYBAR HUAMANI JUSTINIANO | E22: DOCENTE | F22: CONCURSO | G22: SEDE | H22: DOCENTE | I22: ADMINISTRACIÓN DE EMPRESAS | J22: TP | K22: 13 | L22: =VLOOKUP(D22,EDITABLE!C:H,5,FALSE) -> SEDE | N22: =VLOOKUP(D22,EDITABLE!C:H,6,FALSE) -> ENFERMERÍA - EEGG | P22: =SUMIFS('Planificación 2026-1'!$R:$R,'Planificación 2026-1'!$W:$W,D22) -> 39
B23: 19 | C23: 70314211 | D23: BALBUENA CONISLLA KATHERINE ROXANA | E23: DOCENTE | F23: RENOVACIÓN | G23: FILIAL | H23: DOCENTE | I23: ENFERMERÍA | J23: TP | K23: 5 | L23: =VLOOKUP(D23,EDITABLE!C:H,5,FALSE) -> #N/A | N23: =VLOOKUP(D23,EDITABLE!C:H,6,FALSE) -> #N/A | P23: =SUMIFS('Planificación 2026-1'!$R:$R,'Planificación 2026-1'!$W:$W,D23) -> 0
B24: 20 | C24: 40139812 | D24: BAÑOS RAMOS JUAN CARLOS | E24: DOCENTE | F24: RENOVACIÓN | G24: SEDE | H24: DOCENTE | I24: PSICOLOGÍA | J24: TC | K24: 36 | L24: =VLOOKUP(D24,EDITABLE!C:H,5,FALSE) -> SEDE | N24: =VLOOKUP(D24,EDITABLE!C:H,6,FALSE) -> PSICOLOGÍA | P24: =SUMIFS('Planificación 2026-1'!$R:$R,'Planificación 2026-1'!$W:$W,D24) -> 14
B25: 21 | C25: 72226049 | D25: BARRIENTOS PEREZ TEREZA NICOLLE | E25: DOCENTE | F25: RENOVACIÓN | G25: SEDE | H25: DOCENTE | I25: PSICOLOGÍA | J25: TC | K25: 28 | L25: =VLOOKUP(D25,EDITABLE!C:H,5,FALSE) -> FILIAL | N25: =VLOOKUP(D25,EDITABLE!C:H,6,FALSE) -> PSICOLOGÍA | P25: =SUMIFS('Planificación 2026-1'!$R:$R,'Planificación 2026-1'!$W:$W,D25) -> 19
B26: 22 | C26: 21462854 | D26: BARRIENTOS RAMOS VICTOR HUGO | E26: DOCENTE | F26: CONCURSO | G26: FILIAL | H26: DOCENTE | I26: ENFERMERÍA - EEGG | J26: TP | K26: 15 | L26: =VLOOKUP(D26,EDITABLE!C:H,5,FALSE) -> FILIAL | N26: =VLOOKUP(D26,EDITABLE!C:H,6,FALSE) -> ENFERMERÍA | P26: =SUMIFS('Planificación 2026-1'!$R:$R,'Planificación 2026-1'!$W:$W,D26) -> 15
B27: 23 | C27: 21416373 | D27: BARRIOS GABRIEL SONIA EDITH | E27: DOCENTE | F27: RENOVACIÓN | G27: FILIAL | H27: DOCENTE | I27: INGENIERÍA CIVIL - EEGG | J27: TC | K27: 39 | L27: =VLOOKUP(D27,EDITABLE!C:H,5,FALSE) -> PORUMA | N27: =VLOOKUP(D27,EDITABLE!C:H,6,FALSE) -> MEDICINA HUMANA - EEGG | P27: =SUMIFS('Planificación 2026-1'!$R:$R,'Planificación 2026-1'!$W:$W,D27) -> 35
B28: 24 | C28: 15738929 | D28: BAZALAR GANOZA BEATRIZ ROSARIO | E28: DOCENTE | F28: RENOVACIÓN | G28: HUAURA | H28: DOCENTE | I28: ENFERMERÍA - EEGG | J28: TC | K28: 39 | L28: =VLOOKUP(D28,EDITABLE!C:H,5,FALSE) -> HUAURA | N28: =VLOOKUP(D28,EDITABLE!C:H,6,FALSE) -> ENFERMERÍA - EEGG | P28: =SUMIFS('Planificación 2026-1'!$R:$R,'Planificación 2026-1'!$W:$W,D28) -> 30
B29: 25 | C29: 70431834 | D29: BELLIDO LEON FRANK JUNIOR | E29: DOCENTE | F29: RENOVACIÓN | G29: SEDE | H29: DOCENTE | I29: ENFERMERÍA | J29: TC | K29: 36 | L29: =VLOOKUP(D29,EDITABLE!C:H,5,FALSE) -> SEDE | N29: =VLOOKUP(D29,EDITABLE!C:H,6,FALSE) -> ENFERMERÍA | P29: =SUMIFS('Planificación 2026-1'!$R:$R,'Planificación 2026-1'!$W:$W,D29) -> 31
B30: 26 | C30: 72580385 | D30: BENAVIDES ESCRIBA VICTOR MANUEL | E30: DOCENTE | F30: RENOVACIÓN | G30: FILIAL | H30: DOCENTE | I30: ENFERMERÍA | J30: TC | K30: 30 | L30: =VLOOKUP(D30,EDITABLE!C:H,5,FALSE) -> SEDE | N30: =VLOOKUP(D30,EDITABLE!C:H,6,FALSE) -> ENFERMERÍA | P30: =SUMIFS('Planificación 2026-1'!$R:$R,'Planificación 2026-1'!$W:$W,D30) -> 32
B31: 27 | C31: 71819567 | D31: BENDEZU HUAROTO ALEX RAUL | E31: DOCENTE | F31: RENOVACIÓN | G31: FILIAL | H31: DOCENTE | I31: MEDICINA HUMANA - EEGG | J31: TC | K31: 31 | L31: =VLOOKUP(D31,EDITABLE!C:H,5,FALSE) -> PORUMA | N31: =VLOOKUP(D31,EDITABLE!C:H,6,FALSE) -> MEDICINA HUMANA - EEGG | P31: =SUMIFS('Planificación 2026-1'!$R:$R,'Planificación 2026-1'!$W:$W,D31) -> 33
B32: 28 | C32: 9100625 | D32: BERROSPI VARGAS ANA ELVA | E32: DOCENTE | F32: RENOVACIÓN | G32: FILIAL | H32: DOCENTE | I32: OBSTETRICIA | J32: TP | K32: 14 | L32: =VLOOKUP(D32,EDITABLE!C:H,5,FALSE) -> FILIAL | N32: =VLOOKUP(D32,EDITABLE!C:H,6,FALSE) -> OBSTETRICIA | P32: =SUMIFS('Planificación 2026-1'!$R:$R,'Planificación 2026-1'!$W:$W,D32) -> 18
B33: 29 | C33: 9640297 | D33: BRIZUELA LOPEZ MARIELLA PILAR | E33: DOCENTE | F33: RENOVACIÓN | G33: FILIAL | H33: DOCENTE | I33: CONTABILIDAD - EEGG | J33: TP | K33: 10 | L33: =VLOOKUP(D33,EDITABLE!C:H,5,FALSE) -> #N/A | N33: =VLOOKUP(D33,EDITABLE!C:H,6,FALSE) -> #N/A | P33: =SUMIFS('Planificación 2026-1'!$R:$R,'Planificación 2026-1'!$W:$W,D33) -> 0
B34: 30 | C34: 42825709 | D34: CABRERA PIMENTEL HELGA ROXANA | E34: DOCENTE | F34: RENOVACIÓN | G34: FILIAL | H34: DOCENTE | I34: ENFERMERÍA | J34: TC | K34: 30 | L34: =VLOOKUP(D34,EDITABLE!C:H,5,FALSE) -> FILIAL | N34: =VLOOKUP(D34,EDITABLE!C:H,6,FALSE) -> ENFERMERÍA | P34: =SUMIFS('Planificación 2026-1'!$R:$R,'Planificación 2026-1'!$W:$W,D34) -> 30
... B38: 34 | C38: 21567738 | D38: CAHUANA MUÑOZ BETTY MARISEL | E38: DOCENTE | F38: RENOVACIÓN | G38: FILIAL | H38: DOCENTE | I38: OBSTETRICIA | J38: TC | K38: 32 | L38: =VLOOKUP(D38,EDITABLE!C:H,5,FALSE) -> FILIAL | N38: =VLOOKUP(D38,EDITABLE!C:H,6,FALSE) -> OBSTETRICIA | P38: =SUMIFS('Planificación 2026-1'!$R:$R,'Planificación 2026-1'!$W:$W,D38) -> 32
B39: 35 | C39: 21453025 | D39: CALLAÑAUPA VARGAS JULIA ANTONIA | E39: DOCENTE | F39: RENOVACIÓN | G39: FILIAL | H39: DOCENTE | I39: MEDICINA HUMANA | J39: TC | K39: 31 | L39: =VLOOKUP(D39,EDITABLE!C:H,5,FALSE) -> SUNAMPE | N39: =VLOOKUP(D39,EDITABLE!C:H,6,FALSE) -> MEDICINA HUMANA | P39: =SUMIFS('Planificación 2026-1'!$R:$R,'Planificación 2026-1'!$W:$W,D39) -> 26 | R39: DOCENTE DE APOYO PSICOLOGÍA
B40: 36 | C40: 6160287 | D40: CAMPIAN LAZO YONAL IGNACIO | E40: DOCENTE | F40: RENOVACIÓN | G40: SUNAMPE | H40: DOCENTE | I40: MEDICINA HUMANA - EEGG | J40: TP | K40: 16 | L40: =VLOOKUP(D40,EDITABLE!C:H,5,FALSE) -> SUNAMPE | N40: =VLOOKUP(D40,EDITABLE!C:H,6,FALSE) -> MEDICINA HUMANA - EEGG | P40: =SUMIFS('Planificación 2026-1'!$R:$R,'Planificación 2026-1'!$W:$W,D40) -> 14
B41: 37 | C41: 40056370 | D41: CAMPOS CARDENAS SANDRA GISELA | E41: DOCENTE | F41: RENOVACIÓN | G41: SEDE | H41: DOCENTE | I41: ENFERMERÍA | J41: TC | K41: 32 | L41: =VLOOKUP(D41,EDITABLE!C:H,5,FALSE) -> SEDE | N41: =VLOOKUP(D41,EDITABLE!C:H,6,FALSE) -> ENFERMERÍA | P41: =SUMIFS('Planificación 2026-1'!$R:$R,'Planificación 2026-1'!$W:$W,D41) -> 30
B42: 38 | C42: 15727165 | D42: CANALES INGA WENDY VIVIANA | E42: DOCENTE | F42: INVITACIÓN | G42: HUAURA | H42: DOCENTE | I42: DERECHO - EEGG | J42: TP | K42: 18 | L42: =VLOOKUP(D42,EDITABLE!C:H,5,FALSE) -> HUAURA | N42: =VLOOKUP(D42,EDITABLE!C:H,6,FALSE) -> ENFERMERÍA - EEGG | P42: =SUMIFS('Planificación 2026-1'!$R:$R,'Planificación 2026-1'!$W:$W,D42) -> 12
B43: 39 | C43: 6276541 | D43: CANDELA CUBILLAS HUBER AGUSTIN | E43: DOCENTE | F43: RENOVACIÓN | G43: SEDE | H43: DOCENTE | I43: PSICOLOGÍA | J43: TP | K43: 13 | L43: =VLOOKUP(D43,EDITABLE!C:H,5,FALSE) -> SEDE | N43: =VLOOKUP(D43,EDITABLE!C:H,6,FALSE) -> PSICOLOGÍA | P43: =SUMIFS('Planificación 2026-1'!$R:$R,'Planificación 2026-1'!$W:$W,D43) -> 14
B44: 40 | C44: 46475398 | D44: CANDELA LEVANO CECIL MASSIEL | E44: DOCENTE | F44: RENOVACIÓN | G44: FILIAL | H44: DOCENTE | I44: ENFERMERÍA | J44: TC | K44: 28 | L44: =VLOOKUP(D44,EDITABLE!C:H,5,FALSE) -> FILIAL | N44: =VLOOKUP(D44,EDITABLE!C:H,6,FALSE) -> ENFERMERÍA | P44: =SUMIFS('Planificación 2026-1'!$R:$R,'Planificación 2026-1'!$W:$W,D44) -> 24 | R44: RESPONSABLE DE LA UNIDAD DE INVESTIGACIÓN Y RESPONSABILIDAD SOCIAL DE ENFERMERÍA
B45: 41 | C45: 42363036 | D45: CARBONEL RAMIREZ HANS HENRY | E45: DOCENTE | F45: RENOVACIÓN | G45: FILIAL | H45: DOCENTE | I45: MEDICINA HUMANA | J45: TP | K45: 10 | L45: =VLOOKUP(D45,EDITABLE!C:H,5,FALSE) -> PORUMA | N45: =VLOOKUP(D45,EDITABLE!C:H,6,FALSE) -> MEDICINA HUMANA | P45: =SUMIFS('Planificación 2026-1'!$R:$R,'Planificación 2026-1'!$W:$W,D45) -> 11
B46: 42 | C46: 10350121 | D46: CARDENAS GALVEZ YESE YOBANA | E46: DOCENTE | F46: RENOVACIÓN | G46: SEDE | H46: DOCENTE | I46: ENFERMERÍA | J46: TP | K46: 10 | L46: =VLOOKUP(D46,EDITABLE!C:H,5,FALSE) -> SEDE | N46: =VLOOKUP(D46,EDITABLE!C:H,6,FALSE) -> ENFERMERÍA | P46: =SUMIFS('Planificación 2026-1'!$R:$R,'Planificación 2026-1'!$W:$W,D46) -> 12
B47: 43 | C47: 43036474 | D47: CARDENAS LANDEO NANCY | E47: DOCENTE | F47: CONCURSO | G47: SUNAMPE | H47: DOCENTE | I47: MEDICINA HUMANA | J47: TP | K47: 15 | L47: =VLOOKUP(D47,EDITABLE!C:H,5,FALSE) -> SUNAMPE | N47: =VLOOKUP(D47,EDITABLE!C:H,6,FALSE) -> MEDICINA HUMANA | P47: =SUMIFS('Planificación 2026-1'!$R:$R,'Planificación 2026-1'!$W:$W,D47) -> 15
B48: 44 | C48: 43456897 | D48: CARDENAS ZEDANO WILLIAM JESUS | E48: DOCENTE | F48: RENOVACIÓN | G48: FILIAL | H48: DOCENTE | I48: PSICOLOGÍA | J48: TP | K48: 15 | L48: =VLOOKUP(D48,EDITABLE!C:H,5,FALSE) -> FILIAL | N48: =VLOOKUP(D48,EDITABLE!C:H,6,FALSE) -> PSICOLOGÍA | P48: =SUMIFS('Planificación 2026-1'!$R:$R,'Planificación 2026-1'!$W:$W,D48) -> 15
B49: 45 | C49: 21463142 | D49: CARRASCO VASQUEZ JOSE LUIS | E49: DOCENTE | F49: RENOVACIÓN | G49: FILIAL | H49: DOCENTE | I49: OBSTETRICIA | J49: TC | K49: 30 | L49: =VLOOKUP(D49,EDITABLE!C:H,5,FALSE) -> SEDE | N49: =VLOOKUP(D49,EDITABLE!C:H,6,FALSE) -> OBSTETRICIA | P49: =SUMIFS('Planificación 2026-1'!$R:$R,'Planificación 2026-1'!$W:$W,D49) -> 38
B50: 46 | C50: 41485219 | D50: CASTILLA TUBILLA JEANINA LISETH | E50: DOCENTE | F50: RENOVACIÓN | G50: SEDE | H50: DOCENTE | I50: OBSTETRICIA - EEGG | J50: TP | K50: 7 | L50: =VLOOKUP(D50,EDITABLE!C:H,5,FALSE) -> SEDE | N50: =VLOOKUP(D50,EDITABLE!C:H,6,FALSE) -> OBSTETRICIA | P50: =SUMIFS('Planificación 2026-1'!$R:$R,'Planificación 2026-1'!$W:$W,D50) -> 12
B51: 47 | C51: 22309591 | D51: CASTILLO ESPINOZA GUILLERMO EMILIO | E51: DOCENTE | F51: INVITACIÓN | G51: SUNAMPE | H51: DOCENTE | I51: MEDICINA HUMANA | J51: TP | K51: 10 | L51: =VLOOKUP(D51,EDITABLE!C:H,5,FALSE) -> SUNAMPE | N51: =VLOOKUP(D51,EDITABLE!C:H,6,FALSE) -> MEDICINA HUMANA | P51: =SUMIFS('Planificación 2026-1'!$R:$R,'Planificación 2026-1'!$W:$W,D51) -> 15
B52: 48 | C52: 21537507 | D52: CASTILLO SIGUAS ESTHER ORIELE | E52: DOCENTE | F52: RENOVACIÓN | G52: FILIAL | H52: DOCENTE | I52: ENFERMERÍA - EEGG | J52: TP | K52: 8 | L52: =VLOOKUP(D52,EDITABLE!C:H,5,FALSE) -> #N/A | N52: =VLOOKUP(D52,EDITABLE!C:H,6,FALSE) -> #N/A | P52: =SUMIFS('Planificación 2026-1'!$R:$R,'Planificación 2026-1'!$W:$W,D52) -> 12
B53: 49 | C53: 07469293 | D53: CASTRO ANTEZANA HARDY TERESA | E53: DOCENTE | F53: INVITACIÓN | G53: FILIAL | H53: DOCENTE | I53: OBSTETRICIA | J53: TP | K53: 10 | L53: =VLOOKUP(D53,EDITABLE!C:H,5,FALSE) -> FILIAL | N53: =VLOOKUP(D53,EDITABLE!C:H,6,FALSE) -> OBSTETRICIA | P53: =SUMIFS('Planificación 2026-1'!$R:$R,'Planificación 2026-1'!$W:$W,D53) -> 12
B54: 50 | C54: 41845220 | D54: CASTRO VILCAPUMA NATHIA ERIKA | E54: DOCENTE | F54: RENOVACIÓN | G54: SEDE | H54: DOCENTE | I54: DERECHO - EEGG | J54: TC | K54: 35 | L54: =VLOOKUP(D54,EDITABLE!C:H,5,FALSE) -> SEDE | N54: =VLOOKUP(D54,EDITABLE!C:H,6,FALSE) -> OBSTETRICIA - EEGG | P54: =SUMIFS('Planificación 2026-1'!$R:$R,'Planificación 2026-1'!$W:$W,D54) -> 35
B55: 51 | C55: 21418654 | D55: CENTENO OCHOA FANNY EDITH | E55: DOCENTE | F55: RENOVACIÓN | G55: FILIAL | H55: DOCENTE | I55: ENFERMERÍA | J55: TC | K55: 33 | L55: =VLOOKUP(D55,EDITABLE!C:H,5,FALSE) -> FILIAL | N55: =VLOOKUP(D55,EDITABLE!C:H,6,FALSE) -> ENFERMERÍA | P55: =SUMIFS('Planificación 2026-1'!$R:$R,'Planificación 2026-1'!$W:$W,D55) -> 34
B56: 52 | C56: 45440179 | D56: CHACALTANA CORDERO HILDA GLORIA | E56: DOCENTE | F56: RENOVACIÓN | G56: FILIAL | H56: DOCENTE | I56: ENFERMERÍA | J56: TC | K56: 34 | L56: =VLOOKUP(D56,EDITABLE!C:H,5,FALSE) -> FILIAL | N56: =VLOOKUP(D56,EDITABLE!C:H,6,FALSE) -> ENFERMERÍA | P56: =SUMIFS('Planificación 2026-1'!$R:$R,'Planificación 2026-1'!$W:$W,D56) -> 32
B57: 53 | C57: 21522829 | D57: CHACALTANA ESCATE CARMEN EDELMIRA | E57: DOCENTE | F57: RENOVACIÓN | G57: FILIAL | H57: DOCENTE | I57: OBSTETRICIA | J57: TC | K57: 30 | L57: =VLOOKUP(D57,EDITABLE!C:H,5,FALSE) -> FILIAL | N57: =VLOOKUP(D57,EDITABLE!C:H,6,FALSE) -> OBSTETRICIA | P57: =SUMIFS('Planificación 2026-1'!$R:$R,'Planificación 2026-1'!$W:$W,D57) -> 16
B58: 54 | C58: 70504650 | D58: CHAVARRIA DELGADO JANIS JAVIER TOMAS | E58: DOCENTE | F58: RENOVACIÓN | G58: SUNAMPE | H58: DOCENTE | I58: MEDICINA HUMANA | J58: TP | K58: 11 | L58: =VLOOKUP(D58,EDITABLE!C:H,5,FALSE) -> SUNAMPE | N58: =VLOOKUP(D58,EDITABLE!C:H,6,FALSE) -> MEDICINA HUMANA | P58: =SUMIFS('Planificación 2026-1'!$R:$R,'Planificación 2026-1'!$W:$W,D58) -> 18
B59: 55 | C59: 43429701 | D59: CHECCLLO TENORIO ADIN MEZOLLAM | E59: DOCENTE | F59: RENOVACIÓN | G59: FILIAL | H59: DOCENTE | I59: PSICOLOGÍA | J59: TP | K59: 9 | L59: =VLOOKUP(D59,EDITABLE!C:H,5,FALSE) -> FILIAL | N59: =VLOOKUP(D59,EDITABLE!C:H,6,FALSE) -> PSICOLOGÍA | P59: =SUMIFS('Planificación 2026-1'!$R:$R,'Planificación 2026-1'!$W:$W,D59) -> 13
B60: 56 | C60: 72198485 | D60: CHUMBES HUAMAN ANDREA RITA | E60: DOCENTE | F60: CONCURSO | G60: FILIAL | H60: DOCENTE | I60: MEDICINA HUMANA | J60: TP | K60: 12 | L60: =VLOOKUP(D60,EDITABLE!C:H,5,FALSE) -> #N/A | N60: =VLOOKUP(D60,EDITABLE!C:H,6,FALSE) -> #N/A | P60: =SUMIFS('Planificación 2026-1'!$R:$R,'Planificación 2026-1'!$W:$W,D60) -> 0
B61: 57 | C61: 41222348 | D61: COCHACHI PURAY JAQUELINE NOEMI | E61: DOCENTE | F61: RENOVACIÓN | G61: FILIAL | H61: DOCENTE | I61: PSICOLOGÍA - EEGG | J61: TP | K61: 9 | L61: =VLOOKUP(D61,EDITABLE!C:H,5,FALSE) -> FILIAL | N61: =VLOOKUP(D61,EDITABLE!C:H,6,FALSE) -> ENFERMERÍA - EEGG | P61: =SUMIFS('Planificación 2026-1'!$R:$R,'Planificación 2026-1'!$W:$W,D61) -> 14
B62: 58 | C62: 32111220 | D62: COLONIA OSORIO NIEVES PILAR | E62: DOCENTE | F62: CONCURSO | G62: HUAURA | H62: DOCENTE | I62: ENFERMERÍA - EEGG | J62: TP | K62: 12 | L62: =VLOOKUP(D62,EDITABLE!C:H,5,FALSE) -> HUAURA | N62: =VLOOKUP(D62,EDITABLE!C:H,6,FALSE) -> ENFERMERÍA - EEGG | P62: =SUMIFS('Planificación 2026-1'!$R:$R,'Planificación 2026-1'!$W:$W,D62) -> 37
B63: 59 | C63: 40965725 | D63: COLQUEPISCO PAUCAR NILO TEODORICO | E63: DOCENTE | F63: RENOVACIÓN | G63: SEDE | H63: DOCENTE | I63: INGENIERÍA CIVIL - EEGG | J63: TP | K63: 10 | L63: =VLOOKUP(D63,EDITABLE!C:H,5,FALSE) -> SEDE | N63: =VLOOKUP(D63,EDITABLE!C:H,6,FALSE) -> ENFERMERÍA - EEGG | P63: =SUMIFS('Planificación 2026-1'!$R:$R,'Planificación 2026-1'!$W:$W,D63) -> 20
B64: 60 | C64: 21426247 | D64: COMECA VILDOZO ANGEL ORLANDO | E64: DOCENTE | F64: RENOVACIÓN | G64: SUNAMPE | H64: DOCENTE | I64: MEDICINA HUMANA | J64: TP | K64: 17 | L64: =VLOOKUP(D64,EDITABLE!C:H,5,FALSE) -> SUNAMPE | N64: =VLOOKUP(D64,EDITABLE!C:H,6,FALSE) -> MEDICINA HUMANA | P64: =SUMIFS('Planificación 2026-1'!$R:$R,'Planificación 2026-1'!$W:$W,D64) -> 39
B65: 61 | C65: 47849946 | D65: CORDOVA GUTIERREZ MARCO ANDREE | E65: DOCENTE | F65: RENOVACIÓN | G65: SEDE | H65: DOCENTE | I65: TECNOLOGÍA MÉDICA - EEGG | J65: TC | K65: 27 | L65: =VLOOKUP(D65,EDITABLE!C:H,5,FALSE) -> SUNAMPE | N65: =VLOOKUP(D65,EDITABLE!C:H,6,FALSE) -> TECNOLOGÍA MÉDICA | P65: =SUMIFS('Planificación 2026-1'!$R:$R,'Planificación 2026-1'!$W:$W,D65) -> 32
... B96: 92 | C96: 21461801 | D96: GOMEZ DONAYRE MARITZA YOVANA | E96: DOCENTE | F96: RENOVACIÓN | G96: FILIAL | H96: DOCENTE | I96: MEDICINA HUMANA | J96: TP | K96: 8 | L96: =VLOOKUP(D96,EDITABLE!C:H,5,FALSE) -> SUNAMPE | N96: =VLOOKUP(D96,EDITABLE!C:H,6,FALSE) -> MEDICINA HUMANA | P96: =SUMIFS('Planificación 2026-1'!$R:$R,'Planificación 2026-1'!$W:$W,D96) -> 16
B97: 93 | C97: 21534061 | D97: GOMEZ HERNANDEZ FREDDY WILFREDO | E97: DOCENTE | F97: RENOVACIÓN | G97: FILIAL | H97: DOCENTE | I97: MEDICINA HUMANA | J97: TC | K97: 36 | L97: =VLOOKUP(D97,EDITABLE!C:H,5,FALSE) -> PORUMA | N97: =VLOOKUP(D97,EDITABLE!C:H,6,FALSE) -> MEDICINA HUMANA | P97: =SUMIFS('Planificación 2026-1'!$R:$R,'Planificación 2026-1'!$W:$W,D97) -> 26 | R97: COORDINADOR DE GESTIÓN PEDAGÓGICA DE MEDICINA HUMANA
B98: 94 | C98: 15617206 | D98: GONZALES CHUNG LUIS ENRIQUE | E98: DOCENTE | F98: RENOVACIÓN | G98: HUAURA | H98: DOCENTE | I98: PSICOLOGÍA - EEGG | J98: TP | K98: 16 | L98: =VLOOKUP(D98,EDITABLE!C:H,5,FALSE) -> HUAURA | N98: =VLOOKUP(D98,EDITABLE!C:H,6,FALSE) -> PSICOLOGÍA - EEGG | P98: =SUMIFS('Planificación 2026-1'!$R:$R,'Planificación 2026-1'!$W:$W,D98) -> 16
B99: 95 | C99: 70324505 | D99: GUEVARA CARRILLO ANITA FUTINI | E99: DOCENTE | F99: RENOVACIÓN | G99: FILIAL | H99: DOCENTE | I99: ENFERMERÍA | J99: TC | K99: 8 | L99: =VLOOKUP(D99,EDITABLE!C:H,5,FALSE) -> SEDE | N99: =VLOOKUP(D99,EDITABLE!C:H,6,FALSE) -> ENFERMERÍA | P99: =SUMIFS('Planificación 2026-1'!$R:$R,'Planificación 2026-1'!$W:$W,D99) -> 8
B100: 96 | C100: 18160918 | D100: GUEVARA SANCHEZ ANA CECILIA | E100: DOCENTE | F100: CONCURSO | G100: SEDE | H100: DOCENTE | I100: ENFERMERÍA | J100: TP | K100: 8 | L100: =VLOOKUP(D100,EDITABLE!C:H,5,FALSE) -> SEDE | N100: =VLOOKUP(D100,EDITABLE!C:H,6,FALSE) -> ENFERMERÍA | P100: =SUMIFS('Planificación 2026-1'!$R:$R,'Planificación 2026-1'!$W:$W,D100) -> 13
B101: 97 | C101: 21541361 | D101: GUGLIERMINO GALLEGOS LORENA MILAGROS | E101: DOCENTE | F101: RENOVACIÓN | G101: FILIAL | H101: DOCENTE | I101: PSICOLOGÍA | J101: TP | K101: 16 | L101: =VLOOKUP(D101,EDITABLE!C:H,5,FALSE) -> FILIAL | N101: =VLOOKUP(D101,EDITABLE!C:H,6,FALSE) -> PSICOLOGÍA | P101: =SUMIFS('Planificación 2026-1'!$R:$R,'Planificación 2026-1'!$W:$W,D101) -> 11
B102: 98 | C102: 43359675 | D102: GUILLEN USTUA LUZVID | E102: DOCENTE | F102: RENOVACIÓN | G102: SEDE | H102: DOCENTE | I102: ENFERMERÍA | J102: TP | K102: 13 | L102: =VLOOKUP(D102,EDITABLE!C:H,5,FALSE) -> SEDE | N102: =VLOOKUP(D102,EDITABLE!C:H,6,FALSE) -> ENFERMERÍA | P102: =SUMIFS('Planificación 2026-1'!$R:$R,'Planificación 2026-1'!$W:$W,D102) -> 32
B103: 99 | C103: 21881765 | D103: GUIVIN MUNAYCO ELIZETH DEL PILAR | E103: DOCENTE | F103: RENOVACIÓN | G103: SEDE | H103: DOCENTE | I103: ENFERMERÍA | J103: TC | K103: 32 | L103: =VLOOKUP(D103,EDITABLE!C:H,5,FALSE) -> #N/A | N103: =VLOOKUP(D103,EDITABLE!C:H,6,FALSE) -> #N/A | P103: =SUMIFS('Planificación 2026-1'!$R:$R,'Planificación 2026-1'!$W:$W,D103) -> 0
B104: 100 | C104: 43757708 | D104: GUTIERREZ DULANTO DE MUÑOZ JENIFER JESUS | E104: DOCENTE | F104: RENOVACIÓN | G104: FILIAL | H104: DOCENTE | I104: OBSTETRICIA | J104: TC | K104: 34 | L104: =VLOOKUP(D104,EDITABLE!C:H,5,FALSE) -> FILIAL | N104: =VLOOKUP(D104,EDITABLE!C:H,6,FALSE) -> OBSTETRICIA | P104: =SUMIFS('Planificación 2026-1'!$R:$R,'Planificación 2026-1'!$W:$W,D104) -> 24 | R104: RESPONSABLE DE UNIDAD DE CALIDAD Y BIENESTAR UNIVERSITARIO DE OBSTETRICIA
B105: 101 | C105: reincorporación | D105: HERNANDEZ CARDENAS NARDA | L105: =VLOOKUP(D105,EDITABLE!C:H,5,FALSE) -> #N/A | N105: =VLOOKUP(D105,EDITABLE!C:H,6,FALSE) -> #N/A | P105: =SUMIFS('Planificación 2026-1'!$R:$R,'Planificación 2026-1'!$W:$W,D105) -> 0
B106: 102 | C106: 45228093 | D106: HERNANDEZ CHOCANO LLULIANA LEONOR | E106: DOCENTE | F106: RENOVACIÓN | G106: FILIAL | H106: DOCENTE | I106: ENFERMERÍA | J106: TC | K106: 33 | L106: =VLOOKUP(D106,EDITABLE!C:H,5,FALSE) -> FILIAL | N106: =VLOOKUP(D106,EDITABLE!C:H,6,FALSE) -> ENFERMERÍA | P106: =SUMIFS('Planificación 2026-1'!$R:$R,'Planificación 2026-1'!$W:$W,D106) -> 30
B107: 103 | C107: 21531247 | D107: HERNANDEZ DE LA CRUZ ROSA VICTORIA | E107: DOCENTE | F107: RENOVACIÓN | G107: FILIAL | H107: DOCENTE | I107: MEDICINA HUMANA | J107: TP | K107: 11 | L107: =VLOOKUP(D107,EDITABLE!C:H,5,FALSE) -> PORUMA | N107: =VLOOKUP(D107,EDITABLE!C:H,6,FALSE) -> MEDICINA HUMANA | P107: =SUMIFS('Planificación 2026-1'!$R:$R,'Planificación 2026-1'!$W:$W,D107) -> 11
B108: 104 | C108: 70306751 | D108: HERNANDEZ ESPINO RAUL JONATHAN | E108: DOCENTE | F108: RENOVACIÓN | G108: FILIAL | H108: DOCENTE | I108: DERECHO - EEGG | J108: TC | K108: 36 | L108: =VLOOKUP(D108,EDITABLE!C:H,5,FALSE) -> PORUMA | N108: =VLOOKUP(D108,EDITABLE!C:H,6,FALSE) -> MEDICINA HUMANA - EEGG | P108: =SUMIFS('Planificación 2026-1'!$R:$R,'Planificación 2026-1'!$W:$W,D108) -> 19
B109: 105 | C109: 21575934 | D109: HERNANDEZ MAYTAHUARI PATRICIA DEL ROSARIO | E109: DOCENTE | F109: RENOVACIÓN | G109: SEDE | H109: DOCENTE | I109: ADMINISTRACIÓN Y FINANZAS | J109: TP | K109: 5 | L109: =VLOOKUP(D109,EDITABLE!C:H,5,FALSE) -> PORUMA | N109: =VLOOKUP(D109,EDITABLE!C:H,6,FALSE) -> TECNOLOGÍA MÉDICA - EEGG | P109: =SUMIFS('Planificación 2026-1'!$R:$R,'Planificación 2026-1'!$W:$W,D109) -> 15
B110: 106 | C110: 21558261 | D110: HERNANDEZ MORON GLENDA YESSENIA | E110: DOCENTE | F110: CONCURSO | G110: FILIAL | H110: DOCENTE | I110: OBSTETRICIA - EEGG | J110: TP | K110: 14 | L110: =VLOOKUP(D110,EDITABLE!C:H,5,FALSE) -> FILIAL | N110: =VLOOKUP(D110,EDITABLE!C:H,6,FALSE) -> ENFERMERÍA - EEGG | P110: =SUMIFS('Planificación 2026-1'!$R:$R,'Planificación 2026-1'!$W:$W,D110) -> 18
B111: 107 | C111: 42714271 | D111: HERNANDEZ PASACHE FARITZA LISSET | E111: DOCENTE | F111: RENOVACIÓN | G111: FILIAL | H111: DOCENTE | I111: DERECHO - EEGG | J111: TP | K111: 8 | L111: =VLOOKUP(D111,EDITABLE!C:H,5,FALSE) -> FILIAL | N111: =VLOOKUP(D111,EDITABLE!C:H,6,FALSE) -> ENFERMERÍA - EEGG | P111: =SUMIFS('Planificación 2026-1'!$R:$R,'Planificación 2026-1'!$W:$W,D111) -> 17
B112: 108 | C112: 21524698 | D112: HERNANDEZ PEÑA MARLENY | E112: DOCENTE | F112: RENOVACIÓN | G112: FILIAL | H112: DOCENTE | I112: ENFERMERÍA | J112: TC | K112: 30 | L112: =VLOOKUP(D112,EDITABLE!C:H,5,FALSE) -> FILIAL | N112: =VLOOKUP(D112,EDITABLE!C:H,6,FALSE) -> ENFERMERÍA | P112: =SUMIFS('Planificación 2026-1'!$R:$R,'Planificación 2026-1'!$W:$W,D112) -> 31
B113: 109 | C113: 8996012 | D113: HERNANDEZ PISCONTE MIGUEL NICANOR | E113: DOCENTE | F113: RENOVACIÓN | G113: SEDE | H113: DOCENTE | I113: OBSTETRICIA - EEGG | J113: TP | K113: 14 | L113: =VLOOKUP(D113,EDITABLE!C:H,5,FALSE) -> #N/A | N113: =VLOOKUP(D113,EDITABLE!C:H,6,FALSE) -> #N/A | P113: =SUMIFS('Planificación 2026-1'!$R:$R,'Planificación 2026-1'!$W:$W,D113) -> 0
B114: 110 | C114: 21461803 | D114: HUAMAN CAYO ALEX MARTIN | E114: DOCENTE | F114: RENOVACIÓN | G114: SEDE | H114: DOCENTE | I114: ENFERMERÍA | J114: TC | K114: 32 | L114: =VLOOKUP(D114,EDITABLE!C:H,5,FALSE) -> SEDE | N114: =VLOOKUP(D114,EDITABLE!C:H,6,FALSE) -> ENFERMERÍA | P114: =SUMIFS('Planificación 2026-1'!$R:$R,'Planificación 2026-1'!$W:$W,D114) -> 37
B115: 111 | C115: 21851873 | D115: HUAMAN NARVAY JOSE | E115: DOCENTE | F115: ORDINARIO | G115: SEDE | H115: DOCENTE | I115: PSICOLOGÍA | J115: TP | K115: 16 | L115: =VLOOKUP(D115,EDITABLE!C:H,5,FALSE) -> SEDE | N115: =VLOOKUP(D115,EDITABLE!C:H,6,FALSE) -> PSICOLOGÍA | P115: =SUMIFS('Planificación 2026-1'!$R:$R,'Planificación 2026-1'!$W:$W,D115) -> 18
B116: 112 | C116: 41059439 | D116: HUAMAN OROSCO GUSTAVO | E116: DOCENTE | F116: RENOVACIÓN | G116: FILIAL | H116: DOCENTE | I116: MEDICINA HUMANA | J116: TP | K116: 12 | L116: =VLOOKUP(D116,EDITABLE!C:H,5,FALSE) -> PORUMA | N116: =VLOOKUP(D116,EDITABLE!C:H,6,FALSE) -> MEDICINA HUMANA | P116: =SUMIFS('Planificación 2026-1'!$R:$R,'Planificación 2026-1'!$W:$W,D116) -> 12
B117: 113 | C117: 3675324 | D117: INFANTE VALDEZ KATIZA KARLA | E117: DOCENTE | F117: RENOVACIÓN | G117: FILIAL | H117: DOCENTE | I117: MEDICINA HUMANA | J117: TP | K117: 10 | L117: =VLOOKUP(D117,EDITABLE!C:H,5,FALSE) -> PORUMA | N117: =VLOOKUP(D117,EDITABLE!C:H,6,FALSE) -> MEDICINA HUMANA | P117: =SUMIFS('Planificación 2026-1'!$R:$R,'Planificación 2026-1'!$W:$W,D117) -> 18
... B136: 132 | C136: 44481285 | D136: MARTINEZ MUÑANTE RICARDO DAVID | E136: DOCENTE | F136: RENOVACIÓN | G136: FILIAL | H136: DOCENTE | I136: ENFERMERÍA | J136: TP | K136: 8 | L136: =VLOOKUP(D136,EDITABLE!C:H,5,FALSE) -> SEDE | N136: =VLOOKUP(D136,EDITABLE!C:H,6,FALSE) -> ENFERMERÍA | P136: =SUMIFS('Planificación 2026-1'!$R:$R,'Planificación 2026-1'!$W:$W,D136) -> 12
B137: 133 | C137: 9916820 | D137: MARTINEZ PEREZ BRENDA LEE | E137: DOCENTE | F137: RENOVACIÓN | G137: SEDE | H137: DOCENTE | I137: OBSTETRICIA | J137: TC | K137: 29 | L137: =VLOOKUP(D137,EDITABLE!C:H,5,FALSE) -> SEDE | N137: =VLOOKUP(D137,EDITABLE!C:H,6,FALSE) -> OBSTETRICIA | P137: =SUMIFS('Planificación 2026-1'!$R:$R,'Planificación 2026-1'!$W:$W,D137) -> 26 | R137: RESPONSABLE DE SEGUIMIENTO AL EGRESADO Y PRACTICAS PREPROFESIONALES DE OBSTETRICIA
B138: 134 | C138: 21868076 | D138: MATTA GONZALES LOURDES EVELINA | E138: DOCENTE | F138: RENOVACIÓN | G138: SEDE | H138: DOCENTE | I138: ENFERMERÍA | J138: TP | K138: 13 | L138: =VLOOKUP(D138,EDITABLE!C:H,5,FALSE) -> SEDE | N138: =VLOOKUP(D138,EDITABLE!C:H,6,FALSE) -> ENFERMERÍA | P138: =SUMIFS('Planificación 2026-1'!$R:$R,'Planificación 2026-1'!$W:$W,D138) -> 19
B139: 135 | C139: 21556265 | D139: MATTA UCHUYA VICTOR HUGO | E139: DOCENTE | F139: RENOVACIÓN | G139: FILIAL | H139: DOCENTE | I139: ENFERMERÍA | J139: TC | K139: 30 | L139: =VLOOKUP(D139,EDITABLE!C:H,5,FALSE) -> FILIAL | N139: =VLOOKUP(D139,EDITABLE!C:H,6,FALSE) -> ENFERMERÍA | P139: =SUMIFS('Planificación 2026-1'!$R:$R,'Planificación 2026-1'!$W:$W,D139) -> 30
B140: 136 | C140: 10552634 | D140: MAYTA FRANCIA JOSE LUIS REYNALDO | E140: DOCENTE | F140: REINCORPORACION V2 | G140: SEDE | H140: DOCENTE | I140: DERECHO - EEGG | J140: TP | K140: 5 | L140: =VLOOKUP(D140,EDITABLE!C:H,5,FALSE) -> SUNAMPE | N140: =VLOOKUP(D140,EDITABLE!C:H,6,FALSE) -> TECNOLOGÍA MÉDICA - EEGG | P140: =SUMIFS('Planificación 2026-1'!$R:$R,'Planificación 2026-1'!$W:$W,D140) -> 15
B141: 137 | C141: 41347751 | D141: MEDINA GUERRERO MERICI INGRID | E141: DOCENTE | F141: RENOVACIÓN | G141: FILIAL | H141: DOCENTE | I141: MEDICINA HUMANA | J141: TC | K141: 20 | L141: =VLOOKUP(D141,EDITABLE!C:H,5,FALSE) -> PORUMA | N141: =VLOOKUP(D141,EDITABLE!C:H,6,FALSE) -> MEDICINA HUMANA - EEGG | P141: =SUMIFS('Planificación 2026-1'!$R:$R,'Planificación 2026-1'!$W:$W,D141) -> 30
B142: 138 | C142: 46536483 | D142: MEJÍA ALBINO DÁNEA MARLENY | E142: DOCENTE | F142: INVITACIÓN | G142: FILIAL | H142: DOCENTE | I142: PSICOLOGÍA | J142: TP | K142: 8 | L142: =VLOOKUP(D142,EDITABLE!C:H,5,FALSE) -> FILIAL | N142: =VLOOKUP(D142,EDITABLE!C:H,6,FALSE) -> PSICOLOGÍA | P142: =SUMIFS('Planificación 2026-1'!$R:$R,'Planificación 2026-1'!$W:$W,D142) -> 17
B143: 139 | C143: 22064239 | D143: MEJÍA GAMBOA DANY MARGOT | E143: DOCENTE | F143: REINCORPORACIÓN | G143: SEDE | H143: DOCENTE | I143: PSICOLOGÍA - EEGG | J143: TP | K143: 14 | L143: =VLOOKUP(D143,EDITABLE!C:H,5,FALSE) -> SEDE | N143: =VLOOKUP(D143,EDITABLE!C:H,6,FALSE) -> ENFERMERÍA - EEGG | P143: =SUMIFS('Planificación 2026-1'!$R:$R,'Planificación 2026-1'!$W:$W,D143) -> 20
B144: 140 | C144: 21464784 | D144: MEJIA JHONG RAFAEL ANTONIO | E144: DOCENTE | F144: RENOVACIÓN | G144: FILIAL | H144: DOCENTE | I144: MEDICINA HUMANA | J144: TP | K144: 15 | L144: =VLOOKUP(D144,EDITABLE!C:H,5,FALSE) -> #N/A | N144: =VLOOKUP(D144,EDITABLE!C:H,6,FALSE) -> #N/A | P144: =SUMIFS('Planificación 2026-1'!$R:$R,'Planificación 2026-1'!$W:$W,D144) -> 0
B145: 141 | C145: 15421738 | D145: MENDOZA LUYO MAX ANTONIO | E145: DOCENTE | F145: RENOVACIÓN | G145: SEDE | H145: DOCENTE | I145: PSICOLOGÍA | J145: TP | K145: 4 | L145: =VLOOKUP(D145,EDITABLE!C:H,5,FALSE) -> SEDE | N145: =VLOOKUP(D145,EDITABLE!C:H,6,FALSE) -> PSICOLOGÍA | P145: =SUMIFS('Planificación 2026-1'!$R:$R,'Planificación 2026-1'!$W:$W,D145) -> 12
B146: 142 | C146: 21867757 | D146: MENDOZA SALVATIERRA ROSARIO VICTORIA | E146: DOCENTE | F146: RENOVACIÓN | G146: SEDE | H146: DOCENTE | I146: ENFERMERÍA | J146: TC | K146: 28 | L146: =VLOOKUP(D146,EDITABLE!C:H,5,FALSE) -> SEDE | N146: =VLOOKUP(D146,EDITABLE!C:H,6,FALSE) -> ENFERMERÍA | P146: =SUMIFS('Planificación 2026-1'!$R:$R,'Planificación 2026-1'!$W:$W,D146) -> 30
B147: 143 | C147: 21887665 | D147: MENESES JIMENEZ JOSE ANGEL | E147: DOCENTE | F147: RENOVACIÓN | G147: SEDE | H147: DOCENTE | I147: PSICOLOGÍA | J147: TP | K147: 8 | L147: =VLOOKUP(D147,EDITABLE!C:H,5,FALSE) -> SEDE | N147: =VLOOKUP(D147,EDITABLE!C:H,6,FALSE) -> PSICOLOGÍA | P147: =SUMIFS('Planificación 2026-1'!$R:$R,'Planificación 2026-1'!$W:$W,D147) -> 8
B148: 144 | C148: 40078328 | D148: MEZA HUAYAPOMA GLADYS MARLENE | E148: DOCENTE | F148: RENOVACIÓN | G148: FILIAL | H148: DOCENTE | I148: PSICOLOGÍA | J148: TP | K148: 8 | L148: =VLOOKUP(D148,EDITABLE!C:H,5,FALSE) -> FILIAL | N148: =VLOOKUP(D148,EDITABLE!C:H,6,FALSE) -> PSICOLOGÍA | P148: =SUMIFS('Planificación 2026-1'!$R:$R,'Planificación 2026-1'!$W:$W,D148) -> 13
B149: 145 | C149: 70089866 | D149: MIRANDA SILVERIO ROSA ISABEL | E149: DOCENTE | F149: RENOVACIÓN | G149: FILIAL | H149: DOCENTE | I149: ENFERMERÍA - EEGG | J149: TP | K149: 12 | L149: =VLOOKUP(D149,EDITABLE!C:H,5,FALSE) -> FILIAL | N149: =VLOOKUP(D149,EDITABLE!C:H,6,FALSE) -> PSICOLOGÍA - EEGG | P149: =SUMIFS('Planificación 2026-1'!$R:$R,'Planificación 2026-1'!$W:$W,D149) -> 13
... B155: 151 | C155: 43540130 | D155: MUÑANTE NEYRA ROSARIO DEL PILAR | E155: DOCENTE | F155: RENOVACIÓN | G155: FILIAL | H155: DOCENTE | I155: MEDICINA HUMANA | J155: TP | K155: 15 | L155: =VLOOKUP(D155,EDITABLE!C:H,5,FALSE) -> PORUMA | N155: =VLOOKUP(D155,EDITABLE!C:H,6,FALSE) -> MEDICINA HUMANA | P155: =SUMIFS('Planificación 2026-1'!$R:$R,'Planificación 2026-1'!$W:$W,D155) -> 18
B156: 152 | C156: 44995918 | D156: NIETO GAVILANO PRISCILA LORENA | E156: DOCENTE | F156: CONCURSO | G156: FILIAL | H156: DOCENTE | I156: ENFERMERÍA - EEGG | J156: TP | K156: 16 | L156: =VLOOKUP(D156,EDITABLE!C:H,5,FALSE) -> FILIAL | N156: =VLOOKUP(D156,EDITABLE!C:H,6,FALSE) -> ENFERMERÍA | P156: =SUMIFS('Planificación 2026-1'!$R:$R,'Planificación 2026-1'!$W:$W,D156) -> 24 | R156: RESPONSABLE DE LA UNIDAD DE CALIDAD Y BIENESTAR UNIVERSITARIO DE ENFERMERÍA
B157: 153 | C157: 40160212 | D157: ORELLANA AGUILAR CANDRY ARAZELY | E157: DOCENTE | F157: RENOVACIÓN | G157: SEDE | H157: DOCENTE | I157: ENFERMERÍA | J157: TC | K157: 36 | L157: =VLOOKUP(D157,EDITABLE!C:H,5,FALSE) -> SEDE | N157: =VLOOKUP(D157,EDITABLE!C:H,6,FALSE) -> ENFERMERÍA | P157: =SUMIFS('Planificación 2026-1'!$R:$R,'Planificación 2026-1'!$W:$W,D157) -> 32
B158: 154 | C158: 21417302 | D158: ORMEÑO FLORES ROSARIO MARIA | E158: DOCENTE | F158: INVITACIÓN | G158: SEDE | H158: DOCENTE | I158: ENFERMERÍA | J158: TP | K158: 8 | L158: =VLOOKUP(D158,EDITABLE!C:H,5,FALSE) -> SEDE | N158: =VLOOKUP(D158,EDITABLE!C:H,6,FALSE) -> ENFERMERÍA | P158: =SUMIFS('Planificación 2026-1'!$R:$R,'Planificación 2026-1'!$W:$W,D158) -> 12
...

Sheet EDITABLE
I2: SEDE | Z2: FILIAL | AQ2: SUNAMPE | BH2: HUAURA | BY2: HORAS POR CARRERA | CO2: HORAS POR CARRERA EEGG | EC2: EEGG
B3: N° | C3: DOCENTES UAI | D3: HORAS | E3: DEDICACIÓN | F3: CONDICIÓN | G3: LOCAL 2025-2 | H3: PROGRAMA ACADÉMICO 2025-2 | I3: ADM | J3: ENF | K3: ING SIS | L3: PS | M3: IND AL | N3: IND | O3: CONT | P3: DE | Q3: OBS | R3: MEDICINA | S3: ING CIVIL | T3: ARQUI | U3: LAB. CLIN | V3: TERAPIA FIS. | W3: TERAPIA LEN. | X3: ADM. EMP | Y3: OPTOM. | Z3: ADM | AA3: ENF | AB3: ING SIS | AC3: PS | AD3: IND AL | AE3: IND | AF3: CONT | AG3: DE | AH3: OBS | AI3: MEDICINA | AJ3: ING CIVIL | AK3: ARQUI | AL3: LAB. CLIN | AM3: TERAPIA FIS. | AN3: TERAPIA LEN. | AO3: ADM. EMP | AP3: OPTOM. | AQ3: ADM | AR3: ENF | AS3: ING SIS | AT3: PS | AU3: IND AL | AV3: IND | AW3: CONT | AX3: DE | AY3: OBS | AZ3: MEDICINA | BA3: ING CIVIL | BB3: ARQUI | BC3: LAB. CLIN | BD3: TERAPIA FIS. | BE3: TERAPIA LEN. | BF3: ADM. EMP | BG3: OPTOM. | BH3: ADM | BI3: ENF | BJ3: ING SIS | BK3: PS | BL3: IND AL | BM3: IND | BN3: CONT | BO3: DE | BP3: OBS | BQ3: MEDICINA | BR3: ING CIVIL | BS3: ARQUI | BT3: LAB. CLIN | BU3: TERAPIA FIS. | BV3: TERAPIA LEN. | BW3: ADM. EMP | BX3: OPTOM. | BY3: ADMINISTRACIÓN Y FINANZAS | BZ3: ENFERMERÍA | CA3: INGENIERÍA DE SISTEMAS | CB3: PSICOLOGÍA | CC3: INGENIERÍA INDUSTRIAL | CD3: CONTABILIDAD | CE3: DERECHO | CF3: OBSTETRICIA | CG3: MEDICINA HUMANA | CH3: INGENIERÍA CIVIL | CI3: ARQUITECTURA | CJ3: TECNOLOGÍA MEDICA EN LABORATORIO CLÍNICO Y ANATOMÍA PATOLÓGICA | CK3: TECNOLOGÍA MEDICA EN TERAPIA FÍSICA Y REHABILITACIÓN | CL3: TECNOLOGÍA MEDICA EN TERAPIA DE LENGUAJE | CM3: ADMINISTRACIÓN DE EMPRESAS | CN3: TECNOLOGÍA MEDICA EN OPTOMETRÍA | CO3: ADMINISTRACIÓN Y FINANZAS - EEGG | CP3: ENFERMERÍA - EEGG | CQ3: INGENIERÍA DE SISTEMAS - EEGG | CR3: PSICOLOGÍA - EEGG | CS3: INGENIERÍA INDUSTRIAL - EEGG | CT3: CONTABILIDAD - EEGG | CU3: DERECHO - EEGG | CV3: OBSTETRICIA - EEGG | CW3: MEDICINA HUMANA - EEGG | CX3: INGENIERÍA CIVIL - EEGG | CY3: ARQUITECTURA - EEGG | CZ3: TECNOLOGÍA MEDICA EN LABORATORIO CLÍNICO Y ANATOMÍA PATOLÓGICA - EEGG | DA3: TECNOLOGÍA MEDICA EN TERAPIA FÍSICA Y REHABILITACIÓN - EEGG | DB3: TECNOLOGÍA MEDICA EN TERAPIA DE LENGUAJE - EEGG | DC3: ADMINISTRACIÓN DE EMPRESAS - EEGG | DD3: TECNOLOGÍA MEDICA EN OPTOMETRÍA - EEGG | DE3: SEDE | DF3: HORAS VIRTUAL | DG3: HORAS PRESENCIAL | DH3: HORAS HIBRIDAS | DI3: FILIAL | DJ3: HORAS VIRTUAL | DK3: HORAS PRESENCIAL | DL3: HORAS HIBRIDAS | DM3: SUNAMPE | DN3: HORAS VIRTUAL | DO3: HORAS PRESENCIAL | DP3: HUAURA | DQ3: HORAS VIRTUAL | DR3: HORAS PRESENCIAL | DS3: SEDE-VIRTUAL | DT3: SEDE-PRESENCIAL | DU3: SUNAMPE-VIRTUAL | DV3: SUNAMPE-PRESENCIAL | DW3: FILIAL-VIRTUAL | DX3: FILIAL-PRESENCIAL | DY3: PORUMA-VIRTUAL | DZ3: PORUMA-PRESENCIAL | EA3: HUAURA-VIRTUAL | EB3: HUAURA-PRESENCIAL | EC3: SEDE-VIRTUAL | ED3: SEDE-PRESENCIAL | EE3: SUNAMPE-VIRTUAL | EF3: SUNAMPE-PRESENCIAL | EG3: FILIAL-VIRTUAL | EH3: FILIAL-PRESENCIAL | EI3: PORUMA-VIRTUAL | EJ3: PORUMA-PRESENCIAL | EK3: HUAURA-VIRTUAL | EL3: HUAURA-PRESENCIAL | EM3: FILIAL | EN3: HUAURA | EO3: PORUMA | EP3: SEDE | EQ3: SUNAMPE | ES3: VIRTUAL | ET3: PRESENCIAL
B4: 1 | C4: ACHARTE CHAMPI WALTER JESUS | D4: =SUMIF('Planificación 2026-1'!W:W,C4,'Planificación 2026-1'!R:R) -> 40 | E4: TC | F4: RENOVACIÓN | G4: SEDE | H4: ENFERMERÍA | I4: =IF(SUM(COUNTIFS('Planificación 2026-1'!E:E,"PRINCIPAL",'Planificación 2026-1'!W:W,C4,'Planificación 2026-1'!G:G,"AF"))>0,"P01"," ") | J4: =IF(SUM(COUNTIFS('Planificación 2026-1'!E:E,"PRINCIPAL",'Planificación 2026-1'!W:W,C4,'Planificación 2026-1'!G:G,"EN"))>0,"P02"," ") -> P02 | K4: =IF(SUM(COUNTIFS('Planificación 2026-1'!E:E,"PRINCIPAL",'Planificación 2026-1'!W:W,C4,'Planificación 2026-1'!G:G,"IS"))>0,"P03"," ") | L4: =IF(SUM(COUNTIFS('Planificación 2026-1'!E:E,"PRINCIPAL",'Planificación 2026-1'!W:W,C4,'Planificación 2026-1'!G:G,"PS"))>0,"P04"," ") | N4: =IF(SUM(COUNTIFS('Planificación 2026-1'!E:E,"PRINCIPAL",'Planificación 2026-1'!W:W,C4,'Planificación 2026-1'!G:G,"IN"))>0,"P06"," ") | O4: =IF(SUM(COUNTIFS('Planificación 2026-1'!E:E,"PRINCIPAL",'Planificación 2026-1'!W:W,C4,'Planificación 2026-1'!G:G,"CA"))>0,"P07"," ") | P4: =IF(SUM(COUNTIFS('Planificación 2026-1'!E:E,"PRINCIPAL",'Planificación 2026-1'!W:W,C4,'Planificación 2026-1'!G:G,"DE"))>0,"P08"," ") | Q4: =IF(SUM(COUNTIFS('Planificación 2026-1'!E:E,"PRINCIPAL",'Planificación 2026-1'!W:W,C4,'Planificación 2026-1'!G:G,"OB"))>0,"P09"," ") | R4: =IF(SUM(COUNTIFS('Planificación 2026-1'!E:E,"PRINCIPAL",'Planificación 2026-1'!W:W,C4,'Planificación 2026-1'!G:G,"MH"))>0,"P31"," ") | S4: =IF(SUM(COUNTIFS('Planificación 2026-1'!E:E,"PRINCIPAL",'Planificación 2026-1'!W:W,C4,'Planificación 2026-1'!G:G,"IC"))>0,"P32"," ") | T4: =IF(SUM(COUNTIFS('Planificación 2026-1'!E:E,"PRINCIPAL",'Planificación 2026-1'!W:W,C4,'Planificación 2026-1'!G:G,"AR"))>0,"P34"," ") | U4: =IF(SUM(COUNTIFS('Planificación 2026-1'!E:E,"PRINCIPAL",'Planificación 2026-1'!W:W,C4,'Planificación 2026-1'!G:G,"T1"))>0,"P35"," ") | V4: =IF(SUM(COUNTIFS('Planificación 2026-1'!E:E,"PRINCIPAL",'Planificación 2026-1'!W:W,C4,'Planificación 2026-1'!G:G,"T3"))>0,"P36"," ") | W4: =IF(SUM(COUNTIFS('Planificación 2026-1'!E:E,"PRINCIPAL",'Planificación 2026-1'!W:W,C4,'Planificación 2026-1'!G:G,"T2"))>0,"P37"," ") | X4: =IF(SUM(COUNTIFS('Planificación 2026-1'!E:E,"PRINCIPAL",'Planificación 2026-1'!W:W,C4,'Planificación 2026-1'!G:G,"AE"))>0,"P38"," ") | Y4: =IF(SUM(COUNTIFS('Planificación 2026-1'!E:E,"PRINCIPAL",'Planificación 2026-1'!W:W,C4,'Planificación 2026-1'!G:G,"T4"))>0,"P55"," ") | Z4: =IF(SUM(COUNTIFS('Planificación 2026-1'!E:E,"FILIAL",'Planificación 2026-1'!W:W,C4,'Planificación 2026-1'!G:G,"AF"))>0," P01"," ") | AA4: =IF(SUM(COUNTIFS('Planificación 2026-1'!E:E,"FILIAL",'Planificación 2026-1'!W:W,C4,'Planificación 2026-1'!G:G,"EN"))>0,"P02"," ") -> P02 | AB4: =IF(SUM(COUNTIFS('Planificación 2026-1'!E:E,"FILIAL",'Planificación 2026-1'!W:W,C4,'Planificación 2026-1'!G:G,"IS"))>0,"P03"," ") | AC4: =IF(SUM(COUNTIFS('Planificación 2026-1'!E:E,"FILIAL",'Planificación 2026-1'!W:W,C4,'Planificación 2026-1'!G:G,"PS"))>0,"P04"," ") | AE4: =IF(SUM(COUNTIFS('Planificación 2026-1'!E:E,"FILIAL",'Planificación 2026-1'!W:W,C4,'Planificación 2026-1'!G:G,"IN"))>0,"P06"," ") | AF4: =IF(SUM(COUNTIFS('Planificación 2026-1'!E:E,"FILIAL",'Planificación 2026-1'!W:W,C4,'Planificación 2026-1'!G:G,"CA"))>0,"P07"," ") | AG4: =IF(SUM(COUNTIFS('Planificación 2026-1'!E:E,"FILIAL",'Planificación 2026-1'!W:W,C4,'Planificación 2026-1'!G:G,"DE"))>0,"P08"," ") | AH4: =IF(SUM(COUNTIFS('Planificación 2026-1'!E:E,"FILIAL",'Planificación 2026-1'!W:W,C4,'Planificación 2026-1'!G:G,"OB"))>0,"P09"," ") | AI4: =IF(SUM(COUNTIFS('Planificación 2026-1'!E:E,"FILIAL",'Planificación 2026-1'!W:W,C4,'Planificación 2026-1'!G:G,"MH"))>0,"P31"," ") | AJ4: =IF(SUM(COUNTIFS('Planificación 2026-1'!E:E,"FILIAL",'Planificación 2026-1'!W:W,C4,'Planificación 2026-1'!G:G,"IC"))>0,"P32"," ") | AK4: =IF(SUM(COUNTIFS('Planificación 2026-1'!E:E,"FILIAL",'Planificación 2026-1'!W:W,C4,'Planificación 2026-1'!G:G,"AR"))>0,"P34"," ") | AL4: =IF(SUM(COUNTIFS('Planificación 2026-1'!E:E,"FILIAL",'Planificación 2026-1'!W:W,C4,'Planificación 2026-1'!G:G,"T1"))>0,"P35"," ") | AM4: =IF(SUM(COUNTIFS('Planificación 2026-1'!E:E,"FILIAL",'Planificación 2026-1'!W:W,C4,'Planificación 2026-1'!G:G,"T3"))>0,"P36"," ") | AN4: =IF(SUM(COUNTIFS('Planificación 2026-1'!E:E,"FILIAL",'Planificación 2026-1'!W:W,C4,'Planificación 2026-1'!G:G,"T2"))>0,"P37"," ") | AO4: =IF(SUM(COUNTIFS('Planificación 2026-1'!E:E,"FILIAL",'Planificación 2026-1'!W:W,C4,'Planificación 2026-1'!G:G,"AE"))>0,"P38"," ") | AP4: =IF(SUM(COUNTIFS('Planificación 2026-1'!E:E,"FILIAL",'Planificación 2026-1'!W:W,C4,'Planificación 2026-1'!G:G,"T4"))>0,"P55"," ") | AQ4: =IF(SUM(COUNTIFS('Planificación 2026-1'!E:E,"SUNAMPE",'Planificación 2026-1'!W:W,C4,'Planificación 2026-1'!G:G,"AF"))>0," P01"," ") | AR4: =IF(SUM(COUNTIFS('Planificación 2026-1'!E:E,"SUNAMPE",'Planificación 2026-1'!W:W,C4,'Planificación 2026-1'!G:G,"EN"))>0,"P02"," ") | AS4: =IF(SUM(COUNTIFS('Planificación 2026-1'!E:E,"SUNAMPE",'Planificación 2026-1'!W:W,C4,'Planificación 2026-1'!G:G,"IS"))>0,"P03"," ") | AT4: =IF(SUM(COUNTIFS('Planificación 2026-1'!E:E,"SUNAMPE",'Planificación 2026-1'!W:W,C4,'Planificación 2026-1'!G:G,"PS"))>0,"P04"," ") | AV4: =IF(SUM(COUNTIFS('Planificación 2026-1'!E:E,"SUNAMPE",'Planificación 2026-1'!W:W,C4,'Planificación 2026-1'!G:G,"IN"))>0,"P06"," ") | AW4: =IF(SUM(COUNTIFS('Planificación 2026-1'!E:E,"SUNAMPE",'Planificación 2026-1'!W:W,C4,'Planificación 2026-1'!G:G,"CA"))>0,"P07"," ") | AX4: =IF(SUM(COUNTIFS('Planificación 2026-1'!E:E,"SUNAMPE",'Planificación 2026-1'!W:W,C4,'Planificación 2026-1'!G:G,"DE"))>0,"P08"," ") | AY4: =IF(SUM(COUNTIFS('Planificación 2026-1'!E:E,"SUNAMPE",'Planificación 2026-1'!W:W,C4,'Planificación 2026-1'!G:G,"OB"))>0,"P09"," ") | AZ4: =IF(SUM(COUNTIFS('Planificación 2026-1'!E:E,"SUNAMPE",'Planificación 2026-1'!W:W,C4,'Planificación 2026-1'!G:G,"MH"))>0,"P31"," ") | BA4: =IF(SUM(COUNTIFS('Planificación 2026-1'!E:E,"SUNAMPE",'Planificación 2026-1'!W:W,C4,'Planificación 2026-1'!G:G,"IC"))>0,"P32"," ") | BB4: =IF(SUM(COUNTIFS('Planificación 2026-1'!E:E,"SUNAMPE",'Planificación 2026-1'!W:W,C4,'Planificación 2026-1'!G:G,"AR"))>0,"P34"," ") | BC4: =IF(SUM(COUNTIFS('Planificación 2026-1'!E:E,"SUNAMPE",'Planificación 2026-1'!W:W,C4,'Planificación 2026-1'!G:G,"T1"))>0,"P35"," ") | BD4: =IF(SUM(COUNTIFS('Planificación 2026-1'!E:E,"SUNAMPE",'Planificación 2026-1'!W:W,C4,'Planificación 2026-1'!G:G,"T3"))>0,"P36"," ") | BE4: =IF(SUM(COUNTIFS('Planificación 2026-1'!E:E,"SUNAMPE",'Planificación 2026-1'!W:W,C4,'Planificación 2026-1'!G:G,"T2"))>0,"P37"," ") | BF4: =IF(SUM(COUNTIFS('Planificación 2026-1'!E:E,"SUNAMPE",'Planificación 2026-1'!W:W,C4,'Planificación 2026-1'!G:G,"AE"))>0,"P38"," ") | BG4: =IF(SUM(COUNTIFS('Planificación 2026-1'!E:E,"SUNAMPE",'Planificación 2026-1'!W:W,C4,'Planificación 2026-1'!G:G,"T4"))>0,"P55"," ") | BH4: =IF(SUM(COUNTIFS('Planificación 2026-1'!E:E,"HUAURA",'Planificación 2026-1'!W:W,C4,'Planificación 2026-1'!G:G,"AF"))>0," P01"," ") | BI4: =IF(SUM(COUNTIFS('Planificación 2026-1'!E:E,"HUAURA",'Planificación 2026-1'!W:W,C4,'Planificación 2026-1'!G:G,"EN"))>0,"P02"," ") | BJ4: =IF(SUM(COUNTIFS('Planificación 2026-1'!E:E,"HUAURA",'Planificación 2026-1'!W:W,C4,'Planificación 2026-1'!G:G,"IS"))>0,"P03"," ") | BK4: =IF(SUM(COUNTIFS('Planificación 2026-1'!E:E,"HUAURA",'Planificación 2026-1'!W:W,C4,'Planificación 2026-1'!G:G,"PS"))>0,"P04"," ") | BM4: =IF(SUM(COUNTIFS('Planificación 2026-1'!E:E,"HUAURA",'Planificación 2026-1'!W:W,C4,'Planificación 2026-1'!G:G,"IN"))>0,"P06"," ") | BN4: =IF(SUM(COUNTIFS('Planificación 2026-1'!E:E,"HUAURA",'Planificación 2026-1'!W:W,C4,'Planificación 2026-1'!G:G,"CA"))>0,"P07"," ") | BO4: =IF(SUM(COUNTIFS('Planificación 2026-1'!E:E,"HUAURA",'Planificación 2026-1'!W:W,C4,'Planificación 2026-1'!G:G,"DE"))>0,"P08"," ") | BP4: =IF(SUM(COUNTIFS('Planificación 2026-1'!E:E,"HUAURA",'Planificación 2026-1'!W:W,C4,'Planificación 2026-1'!G:G,"OB"))>0,"P09"," ") | BQ4: =IF(SUM(COUNTIFS('Planificación 2026-1'!E:E,"HUAURA",'Planificación 2026-1'!W:W,C4,'Planificación 2026-1'!G:G,"MH"))>0,"P31"," ") | BR4: =IF(SUM(COUNTIFS('Planificación 2026-1'!E:E,"HUAURA",'Planificación 2026-1'!W:W,C4,'Planificación 2026-1'!G:G,"IC"))>0,"P32"," ") | BS4: =IF(SUM(COUNTIFS('Planificación 2026-1'!E:E,"HUAURA",'Planificación 2026-1'!W:W,C4,'Planificación 2026-1'!G:G,"AR"))>0,"P34"," ") | BT4: =IF(SUM(COUNTIFS('Planificación 2026-1'!E:E,"HUAURA",'Planificación 2026-1'!W:W,C4,'Planificación 2026-1'!G:G,"T1"))>0,"P35"," ") | BU4: =IF(SUM(COUNTIFS('Planificación 2026-1'!E:E,"HUAURA",'Planificación 2026-1'!W:W,C4,'Planificación 2026-1'!G:G,"T3"))>0,"P36"," ") | BV4: =IF(SUM(COUNTIFS('Planificación 2026-1'!E:E,"HUAURA",'Planificación 2026-1'!W:W,C4,'Planificación 2026-1'!G:G,"T2"))>0,"P37"," ") | BW4: =IF(SUM(COUNTIFS('Planificación 2026-1'!E:E,"HUAURA",'Planificación 2026-1'!W:W,C4,'Planificación 2026-1'!G:G,"AE"))>0,"P38"," ") | BX4: =IF(SUM(COUNTIFS('Planificación 2026-1'!E:E,"HUAURA",'Planificación 2026-1'!W:W,C4,'Planificación 2026-1'!G:G,"T4"))>0,"P55"," ") | BY4: =SUMIFS('Planificación 2026-1'!R:R,'Planificación 2026-1'!W:W,C4,'Planificación 2026-1'!G:G,"AF",'Planificación 2026-1'!H:H,">2") -> 0 | BZ4: =SUMIFS('Planificación 2026-1'!R:R,'Planificación 2026-1'!W:W,C4,'Planificación 2026-1'!G:G,"EN",'Planificación 2026-1'!H:H,">2") -> 40 | CA4: =SUMIFS('Planificación 2026-1'!R:R,'Planificación 2026-1'!W:W,C4,'Planificación 2026-1'!G:G,"IS",'Planificación 2026-1'!H:H,">2") -> 0 | CB4: =SUMIFS('Planificación 2026-1'!R:R,'Planificación 2026-1'!W:W,C4,'Planificación 2026-1'!G:G,"PS",'Planificación 2026-1'!H:H,">2") -> 0 | CC4: =SUMIFS('Planificación 2026-1'!R:R,'Planificación 2026-1'!W:W,C4,'Planificación 2026-1'!G:G,"IN",'Planificación 2026-1'!H:H,">2") -> 0 | CD4: =SUMIFS('Planificación 2026-1'!R:R,'Planificación 2026-1'!W:W,C4,'Planificación 2026-1'!G:G,"CA",'Planificación 2026-1'!H:H,">2") -> 0 | CE4: =SUMIFS('Planificación 2026-1'!R:R,'Planificación 2026-1'!W:W,C4,'Planificación 2026-1'!G:G,"DE",'Planificación 2026-1'!H:H,">2") -> 0 | CF4: =SUMIFS('Planificación 2026-1'!R:R,'Planificación 2026-1'!W:W,C4,'Planificación 2026-1'!G:G,"OB",'Planificación 2026-1'!H:H,">2") -> 0 | CG4: =SUMIFS('Planificación 2026-1'!R:R,'Planificación 2026-1'!W:W,C4,'Planificación 2026-1'!G:G,"MH",'Planificación 2026-1'!H:H,">2") -> 0 | CH4: =SUMIFS('Planificación 2026-1'!R:R,'Planificación 2026-1'!W:W,C4,'Planificación 2026-1'!G:G,"IC",'Planificación 2026-1'!H:H,">2") -> 0 | CI4: =SUMIFS('Planificación 2026-1'!R:R,'Planificación 2026-1'!W:W,C4,'Planificación 2026-1'!G:G,"AR",'Planificación 2026-1'!H:H,">2") -> 0 | CJ4: =SUMIFS('Planificación 2026-1'!R:R,'Planificación 2026-1'!W:W,C4,'Planificación 2026-1'!G:G,"T1",'Planificación 2026-1'!H:H,">2") -> 0 | CK4: =SUMIFS('Planificación 2026-1'!R:R,'Planificación 2026-1'!W:W,C4,'Planificación 2026-1'!G:G,"T3",'Planificación 2026-1'!H:H,">2") -> 0 | CL4: =SUMIFS('Planificación 2026-1'!R:R,'Planificación 2026-1'!W:W,C4,'Planificación 2026-1'!G:G,"T2",'Planificación 2026-1'!H:H,">2") -> 0 | CM4: =SUMIFS('Planificación 2026-1'!R:R,'Planificación 2026-1'!W:W,C4,'Planificación 2026-1'!G:G,"AE",'Planificación 2026-1'!H:H,">2") -> 0 | CN4: =SUMIFS('Planificación 2026-1'!R:R,'Planificación 2026-1'!W:W,C4,'Planificación 2026-1'!G:G,"T4",'Planificación 2026-1'!H:H,">2") -> 0 | CO4: =SUMIFS('Planificación 2026-1'!R:R,'Planificación 2026-1'!W:W,C4,'Planificación 2026-1'!G:G,"AF",'Planificación 2026-1'!H:H,"<3") -> 0 | CP4: =SUMIFS('Planificación 2026-1'!R:R,'Planificación 2026-1'!W:W,C4,'Planificación 2026-1'!G:G,"EN",'Planificación 2026-1'!H:H,"<3") -> 0 | CQ4: =SUMIFS('Planificación 2026-1'!R:R,'Planificación 2026-1'!W:W,C4,'Planificación 2026-1'!G:G,"IS",'Planificación 2026-1'!H:H,"<3") -> 0 | CR4: =SUMIFS('Planificación 2026-1'!R:R,'Planificación 2026-1'!W:W,C4,'Planificación 2026-1'!G:G,"PS",'Planificación 2026-1'!H:H,"<3") -> 0 | CS4: =SUMIFS('Planificación 2026-1'!R:R,'Planificación 2026-1'!W:W,C4,'Planificación 2026-1'!G:G,"IN",'Planificación 2026-1'!H:H,"<3") -> 0 | CT4: =SUMIFS('Planificación 2026-1'!R:R,'Planificación 2026-1'!W:W,C4,'Planificación 2026-1'!G:G,"CA",'Planificación 2026-1'!H:H,"<3") -> 0 | CU4: =SUMIFS('Planificación 2026-1'!R:R,'Planificación 2026-1'!W:W,C4,'Planificación 2026-1'!G:G,"DE",'Planificación 2026-1'!H:H,"<3") -> 0 | CV4: =SUMIFS('Planificación 2026-1'!R:R,'Planificación 2026-1'!W:W,C4,'Planificación 2026-1'!G:G,"OB",'Planificación 2026-1'!H:H,"<3") -> 0 | CW4: =SUMIFS('Planificación 2026-1'!R:R,'Planificación 2026-1'!W:W,C4,'Planificación 2026-1'!G:G,"MH",'Planificación 2026-1'!H:H,"<3") -> 0 | CX4: =SUMIFS('Planificación 2026-1'!R:R,'Planificación 2026-1'!W:W,C4,'Planificación 2026-1'!G:G,"IC",'Planificación 2026-1'!H:H,"<3") -> 0 | CY4: =SUMIFS('Planificación 2026-1'!R:R,'Planificación 2026-1'!W:W,C4,'Planificación 2026-1'!G:G,"AR",'Planificación 2026-1'!H:H,"<3") -> 0 | CZ4: =SUMIFS('Planificación 2026-1'!R:R,'Planificación 2026-1'!W:W,C4,'Planificación 2026-1'!G:G,"T1",'Planificación 2026-1'!H:H,"<3") -> 0 | DA4: =SUMIFS('Planificación 2026-1'!R:R,'Planificación 2026-1'!W:W,C4,'Planificación 2026-1'!G:G,"T3",'Planificación 2026-1'!H:H,"<3") -> 0 | DB4: =SUMIFS('Planificación 2026-1'!R:R,'Planificación 2026-1'!W:W,C4,'Planificación 2026-1'!G:G,"T2",'Planificación 2026-1'!H:H,"<3") -> 0 | DC4: =SUMIFS('Planificación 2026-1'!R:R,'Planificación 2026-1'!W:W,C4,'Planificación 2026-1'!G:G,"AE",'Planificación 2026-1'!H:H,"<3") -> 0 | DD4: =SUMIFS('Planificación 2026-1'!R:R,'Planificación 2026-1'!W:W,C4,'Planificación 2026-1'!G:G,"T4",'Planificación 2026-1'!H:H,"<3") -> 0 | DE4: =TRIM(CONCATENATE(I4,J4,K4,L4,M4,N4,O4,P4,Q4,R4,S4,T4,U4,V4,W4,X4,Y4)) -> P02 | DF4: =IF(C4="","",SUMIFS('Planificación 2026-1'!R:R,'Planificación 2026-1'!W:W,C4,'Planificación 2026-1'!E:E,"PRINCIPAL",'Planificación 2026-1'!X:X,"VIRTUAL")) -> 32 | DG4: =IF(C4="","",SUMIFS('Planificación 2026-1'!R:R,'Planificación 2026-1'!W:W,C4,'Planificación 2026-1'!E:E,"PRINCIPAL",'Planificación 2026-1'!X:X,"PRESENCIAL")) -> 0 | DH4: =IF(C4="","",SUMIFS('Planificación 2026-1'!R:R,'Planificación 2026-1'!W:W,C4,'Planificación 2026-1'!E:E,"PRINCIPAL",'Planificación 2026-1'!X:X,"HIBRIDO PRESENCIAL")) -> 0 | DI4: =TRIM(CONCATENATE(Z4,AA4,AB4,AC4,AD4,AE4,AF4,AG4,AH4,AI4,AJ4,AK4,AL4,AM4,AN4,AO4,AP4)) -> P02 | DJ4: =IF(C4="","",SUMIFS('Planificación 2026-1'!R:R,'Planificación 2026-1'!W:W,C4,'Planificación 2026-1'!E:E,"FILIAL",'Planificación 2026-1'!X:X,"VIRTUAL")) -> 8 | DK4: =IF(C4="","",SUMIFS('Planificación 2026-1'!R:R,'Planificación 2026-1'!W:W,C4,'Planificación 2026-1'!E:E,"FILIAL",'Planificación 2026-1'!X:X,"PRESENCIAL")) -> 0 | DL4: =IF(C4="","",SUMIFS('Planificación 2026-1'!R:R,'Planificación 2026-1'!W:W,C4,'Planificación 2026-1'!E:E,"FILIAL",'Planificación 2026-1'!X:X,"HIBRIDO PRESENCIAL")) -> 0 | DM4: =TRIM(CONCATENATE(AQ4,AR4,AS4,AT4,AU4,AV4,AW4,AX4,AY4,AZ4,BA4,BB4,BC4,BD4,BE4,BF4,BG4)) | DN4: =IF(C4="","",SUMIFS('Planificación 2026-1'!R:R,'Planificación 2026-1'!W:W,C4,'Planificación 2026-1'!E:E,"SUNAMPE",'Planificación 2026-1'!X:X,"VIRTUAL")) -> 0 | DO4: =IF(C4="","",SUMIFS('Planificación 2026-1'!R:R,'Planificación 2026-1'!W:W,C4,'Planificación 2026-1'!E:E,"SUNAMPE",'Planificación 2026-1'!X:X,"PRESENCIAL")) -> 0 | DP4: =TRIM(CONCATENATE(BH4,BI4,BJ4,BK4,BL4,BM4,BN4,BO4,BP4,BQ4,BR4,BS4,BT4,BU4,BV4,BW4,BX4)) | DQ4: =IF(C4="","",SUMIFS('Planificación 2026-1'!R:R,'Planificación 2026-1'!W:W,C4,'Planificación 2026-1'!E:E,"HUAURA",'Planificación 2026-1'!X:X,"VIRTUAL")) -> 0 | DR4: =IF(C4="","",SUMIFS('Planificación 2026-1'!R:R,'Planificación 2026-1'!W:W,C4,'Planificación 2026-1'!E:E,"HUAURA",'Planificación 2026-1'!X:X,"PRESENCIAL")) -> 0 | DS4: =SUMIFS('Planificación 2026-1'!R:R,'Planificación 2026-1'!W:W,C4,'Planificación 2026-1'!E:E,"PRINCIPAL",'Planificación 2026-1'!X:X,"VIRTUAL",'Planificación 2026-1'!H:H,">2") -> 32 | DT4: =SUMIFS('Planificación 2026-1'!R:R,'Planificación 2026-1'!W:W,C4,'Planificación 2026-1'!E:E,"PRINCIPAL",'Planificación 2026-1'!X:X,"<>VIRTUAL",'Planificación 2026-1'!H:H,">2") -> 0 | DU4: =SUMIFS('Planificación 2026-1'!R:R,'Planificación 2026-1'!W:W,C4,'Planificación 2026-1'!E:E,"SUNAMPE",'Planificación 2026-1'!X:X,"VIRTUAL",'Planificación 2026-1'!H:H,">2") -> 0 | DV4: =SUMIFS('Planificación 2026-1'!R:R,'Planificación 2026-1'!W:W,C4,'Planificación 2026-1'!E:E,"SUNAMPE",'Planificación 2026-1'!X:X,"<>VIRTUAL",'Planificación 2026-1'!H:H,">2") -> 0 | DW4: =SUMIFS('Planificación 2026-1'!R:R,'Planificación 2026-1'!W:W,C4,'Planificación 2026-1'!E:E,"FILIAL",'Planificación 2026-1'!X:X,"VIRTUAL",'Planificación 2026-1'!H:H,">2") -> 8 | DX4: =SUMIFS('Planificación 2026-1'!R:R,'Planificación 2026-1'!W:W,C4,'Planificación 2026-1'!E:E,"FILIAL",'Planificación 2026-1'!X:X,"<>VIRTUAL",'Planificación 2026-1'!H:H,">2") -> 0 | DY4: =SUMIFS('Planificación 2026-1'!R:R,'Planificación 2026-1'!W:W,C4,'Planificación 2026-1'!E:E,"PORUMA",'Planificación 2026-1'!X:X,"VIRTUAL",'Planificación 2026-1'!H:H,">2") -> 0 | DZ4: =SUMIFS('Planificación 2026-1'!R:R,'Planificación 2026-1'!W:W,C4,'Planificación 2026-1'!E:E,"PORUMA",'Planificación 2026-1'!X:X,"<>VIRTUAL",'Planificación 2026-1'!H:H,">2") -> 0 | EA4: =SUMIFS('Planificación 2026-1'!R:R,'Planificación 2026-1'!W:W,C4,'Planificación 2026-1'!E:E,"HUAURA",'Planificación 2026-1'!X:X,"VIRTUAL",'Planificación 2026-1'!H:H,">2") -> 0 | EB4: =SUMIFS('Planificación 2026-1'!R:R,'Planificación 2026-1'!W:W,C4,'Planificación 2026-1'!E:E,"HUAURA",'Planificación 2026-1'!X:X,"<>VIRTUAL",'Planificación 2026-1'!H:H,">2") -> 0 | EC4: =SUMIFS('Planificación 2026-1'!R:R,'Planificación 2026-1'!W:W,C4,'Planificación 2026-1'!E:E,"PRINCIPAL",'Planificación 2026-1'!X:X,"VIRTUAL",'Planificación 2026-1'!H:H,"<3") -> 0 | ED4: =SUMIFS('Planificación 2026-1'!R:R,'Planificación 2026-1'!W:W,C4,'Planificación 2026-1'!E:E,"PRINCIPAL",'Planificación 2026-1'!X:X,"<>VIRTUAL",'Planificación 2026-1'!H:H,"<3") -> 0 | EE4: =SUMIFS('Planificación 2026-1'!R:R,'Planificación 2026-1'!W:W,C4,'Planificación 2026-1'!E:E,"SUNAMPE",'Planificación 2026-1'!X:X,"VIRTUAL",'Planificación 2026-1'!H:H,"<3") -> 0 | EF4: =SUMIFS('Planificación 2026-1'!R:R,'Planificación 2026-1'!W:W,C4,'Planificación 2026-1'!E:E,"SUNAMPE",'Planificación 2026-1'!X:X,"<>VIRTUAL",'Planificación 2026-1'!H:H,"<3") -> 0 | EG4: =SUMIFS('Planificación 2026-1'!R:R,'Planificación 2026-1'!W:W,C4,'Planificación 2026-1'!E:E,"FILIAL",'Planificación 2026-1'!X:X,"VIRTUAL",'Planificación 2026-1'!H:H,"<3") -> 0 | EH4: =SUMIFS('Planificación 2026-1'!R:R,'Planificación 2026-1'!W:W,C4,'Planificación 2026-1'!E:E,"FILIAL",'Planificación 2026-1'!X:X,"<>VIRTUAL",'Planificación 2026-1'!H:H,"<3") -> 0 | EI4: =SUMIFS('Planificación 2026-1'!R:R,'Planificación 2026-1'!W:W,C4,'Planificación 2026-1'!E:E,"PORUMA",'Planificación 2026-1'!X:X,"VIRTUAL",'Planificación 2026-1'!H:H,"<3") -> 0 | EJ4: =SUMIFS('Planificación 2026-1'!R:R,'Planificación 2026-1'!W:W,C4,'Planificación 2026-1'!E:E,"PORUMA",'Planificación 2026-1'!X:X,"<>VIRTUAL",'Planificación 2026-1'!H:H,"<3") -> 0 | EK4: =SUMIFS('Planificación 2026-1'!R:R,'Planificación 2026-1'!W:W,C4,'Planificación 2026-1'!E:E,"HUAURA",'Planificación 2026-1'!X:X,"VIRTUAL",'Planificación 2026-1'!H:H,"<3") -> 0 | EL4: =SUMIFS('Planificación 2026-1'!R:R,'Planificación 2026-1'!W:W,C4,'Planificación 2026-1'!E:E,"HUAURA",'Planificación 2026-1'!X:X,"<>VIRTUAL",'Planificación 2026-1'!H:H,"<3") -> 0 | EM4: =EG4+DW4+DX4+EH4 -> 8 | EN4: =EL4+EK4+EB4+EA4 -> 0 | EO4: =EI4+EJ4+DZ4+DY4 -> 0 | EP4: =ED4+EC4+DT4+DS4 -> 32 | EQ4: =EF4+EE4+DV4+DU4 -> 0 | ES4: =DS4+DW4+EA4+EC4+EG4+EK4+DU4+EE4 -> 40 | ET4: =DT4+DX4+EB4+ED4+EH4+EL4+DV4+EF4 -> 0 | EU4: =EXACT(SUM(ES4:ET4),D4) -> TRUE | EV4: =IF(AND(DT4=0,DX4=0,EB4=0),"",IF(COUNTIF(DS4:EB4,">0")=1,IF(DT4+DS4>0,"SEDE",IF(DX4+DW4>0,"FILIAL","HUAURA")),IF(COUNTIF(DS4:EB4,">0")=2,IF(AND(DT4+DS4>0,DX4+DW4>0),"SEDE-FILIAL",IF(AND(DT4>0,EB4>0),"SEDE-HUAURA","FILIAL-HUAURA")),"SEDE-FILIAL-HUAURA"))) | EW4: =IF(ES4=0,"PRESENCIAL",IF(ET4=0,"VIRTUAL",IF(ES4>ET4,"MAS VIRTUAL",IF(ET4>ES4,"MAS PRESENCIAL","AMBOS")))) -> VIRTUAL
B5: 2 | C5: ACOSTA VILLAVICENCIO BLANCA AURORA | D5: =SUMIF('Planificación 2026-1'!W:W,C5,'Planificación 2026-1'!R:R) -> 40 | E5: TC | F5: RENOVACIÓN | G5: SEDE | H5: OBSTETRICIA - EEGG | I5: =IF(SUM(COUNTIFS('Planificación 2026-1'!E:E,"PRINCIPAL",'Planificación 2026-1'!W:W,C5,'Planificación 2026-1'!G:G,"AF"))>0,"P01"," ") | J5: =IF(SUM(COUNTIFS('Planificación 2026-1'!E:E,"PRINCIPAL",'Planificación 2026-1'!W:W,C5,'Planificación 2026-1'!G:G,"EN"))>0,"P02"," ") -> P02 | K5: =IF(SUM(COUNTIFS('Planificación 2026-1'!E:E,"PRINCIPAL",'Planificación 2026-1'!W:W,C5,'Planificación 2026-1'!G:G,"IS"))>0,"P03"," ") | L5: =IF(SUM(COUNTIFS('Planificación 2026-1'!E:E,"PRINCIPAL",'Planificación 2026-1'!W:W,C5,'Planificación 2026-1'!G:G,"PS"))>0,"P04"," ") | N5: =IF(SUM(COUNTIFS('Planificación 2026-1'!E:E,"PRINCIPAL",'Planificación 2026-1'!W:W,C5,'Planificación 2026-1'!G:G,"IN"))>0,"P06"," ") | O5: =IF(SUM(COUNTIFS('Planificación 2026-1'!E:E,"PRINCIPAL",'Planificación 2026-1'!W:W,C5,'Planificación 2026-1'!G:G,"CA"))>0,"P07"," ") | P5: =IF(SUM(COUNTIFS('Planificación 2026-1'!E:E,"PRINCIPAL",'Planificación 2026-1'!W:W,C5,'Planificación 2026-1'!G:G,"DE"))>0,"P08"," ") | Q5: =IF(SUM(COUNTIFS('Planificación 2026-1'!E:E,"PRINCIPAL",'Planificación 2026-1'!W:W,C5,'Planificación 2026-1'!G:G,"OB"))>0,"P09"," ") | R5: =IF(SUM(COUNTIFS('Planificación 2026-1'!E:E,"PRINCIPAL",'Planificación 2026-1'!W:W,C5,'Planificación 2026-1'!G:G,"MH"))>0,"P31"," ") | S5: =IF(SUM(COUNTIFS('Planificación 2026-1'!E:E,"PRINCIPAL",'Planificación 2026-1'!W:W,C5,'Planificación 2026-1'!G:G,"IC"))>0,"P32"," ") | T5: =IF(SUM(COUNTIFS('Planificación 2026-1'!E:E,"PRINCIPAL",'Planificación 2026-1'!W:W,C5,'Planificación 2026-1'!G:G,"AR"))>0,"P34"," ") | U5: =IF(SUM(COUNTIFS('Planificación 2026-1'!E:E,"PRINCIPAL",'Planificación 2026-1'!W:W,C5,'Planificación 2026-1'!G:G,"T1"))>0,"P35"," ") | V5: =IF(SUM(COUNTIFS('Planificación 2026-1'!E:E,"PRINCIPAL",'Planificación 2026-1'!W:W,C5,'Planificación 2026-1'!G:G,"T3"))>0,"P36"," ") | W5: =IF(SUM(COUNTIFS('Planificación 2026-1'!E:E,"PRINCIPAL",'Planificación 2026-1'!W:W,C5,'Planificación 2026-1'!G:G,"T2"))>0,"P37"," ") | X5: =IF(SUM(COUNTIFS('Planificación 2026-1'!E:E,"PRINCIPAL",'Planificación 2026-1'!W:W,C5,'Planificación 2026-1'!G:G,"AE"))>0,"P38"," ") | Y5: =IF(SUM(COUNTIFS('Planificación 2026-1'!E:E,"PRINCIPAL",'Planificación 2026-1'!W:W,C5,'Planificación 2026-1'!G:G,"T4"))>0,"P55"," ") | Z5: =IF(SUM(COUNTIFS('Planificación 2026-1'!E:E,"FILIAL",'Planificación 2026-1'!W:W,C5,'Planificación 2026-1'!G:G,"AF"))>0," P01"," ") | AA5: =IF(SUM(COUNTIFS('Planificación 2026-1'!E:E,"FILIAL",'Planificación 2026-1'!W:W,C5,'Planificación 2026-1'!G:G,"EN"))>0,"P02"," ") | AB5: =IF(SUM(COUNTIFS('Planificación 2026-1'!E:E,"FILIAL",'Planificación 2026-1'!W:W,C5,'Planificación 2026-1'!G:G,"IS"))>0,"P03"," ") | AC5: =IF(SUM(COUNTIFS('Planificación 2026-1'!E:E,"FILIAL",'Planificación 2026-1'!W:W,C5,'Planificación 2026-1'!G:G,"PS"))>0,"P04"," ") | AE5: =IF(SUM(COUNTIFS('Planificación 2026-1'!E:E,"FILIAL",'Planificación 2026-1'!W:W,C5,'Planificación 2026-1'!G:G,"IN"))>0,"P06"," ") | AF5: =IF(SUM(COUNTIFS('Planificación 2026-1'!E:E,"FILIAL",'Planificación 2026-1'!W:W,C5,'Planificación 2026-1'!G:G,"CA"))>0,"P07"," ") | AG5: =IF(SUM(COUNTIFS('Planificación 2026-1'!E:E,"FILIAL",'Planificación 2026-1'!W:W,C5,'Planificación 2026-1'!G:G,"DE"))>0,"P08"," ") | AH5: =IF(SUM(COUNTIFS('Planificación 2026-1'!E:E,"FILIAL",'Planificación 2026-1'!W:W,C5,'Planificación 2026-1'!G:G,"OB"))>0,"P09"," ") | AI5: =IF(SUM(COUNTIFS('Planificación 2026-1'!E:E,"FILIAL",'Planificación 2026-1'!W:W,C5,'Planificación 2026-1'!G:G,"MH"))>0,"P31"," ") | AJ5: =IF(SUM(COUNTIFS('Planificación 2026-1'!E:E,"FILIAL",'Planificación 2026-1'!W:W,C5,'Planificación 2026-1'!G:G,"IC"))>0,"P32"," ") | AK5: =IF(SUM(COUNTIFS('Planificación 2026-1'!E:E,"FILIAL",'Planificación 2026-1'!W:W,C5,'Planificación 2026-1'!G:G,"AR"))>0,"P34"," ") | AL5: =IF(SUM(COUNTIFS('Planificación 2026-1'!E:E,"FILIAL",'Planificación 2026-1'!W:W,C5,'Planificación 2026-1'!G:G,"T1"))>0,"P35"," ") | AM5: =IF(SUM(COUNTIFS('Planificación 2026-1'!E:E,"FILIAL",'Planificación 2026-1'!W:W,C5,'Planificación 2026-1'!G:G,"T3"))>0,"P36"," ") | AN5: =IF(SUM(COUNTIFS('Planificación 2026-1'!E:E,"FILIAL",'Planificación 2026-1'!W:W,C5,'Planificación 2026-1'!G:G,"T2"))>0,"P37"," ") | AO5: =IF(SUM(COUNTIFS('Planificación 2026-1'!E:E,"FILIAL",'Planificación 2026-1'!W:W,C5,'Planificación 2026-1'!G:G,"AE"))>0,"P38"," ") | AP5: =IF(SUM(COUNTIFS('Planificación 2026-1'!E:E,"FILIAL",'Planificación 2026-1'!W:W,C5,'Planificación 2026-1'!G:G,"T4"))>0,"P55"," ") | AQ5: =IF(SUM(COUNTIFS('Planificación 2026-1'!E:E,"SUNAMPE",'Planificación 2026-1'!W:W,C5,'Planificación 2026-1'!G:G,"AF"))>0," P01"," ") | AR5: =IF(SUM(COUNTIFS('Planificación 2026-1'!E:E,"SUNAMPE",'Planificación 2026-1'!W:W,C5,'Planificación 2026-1'!G:G,"EN"))>0,"P02"," ") | AS5: =IF(SUM(COUNTIFS('Planificación 2026-1'!E:E,"SUNAMPE",'Planificación 2026-1'!W:W,C5,'Planificación 2026-1'!G:G,"IS"))>0,"P03"," ") | AT5: =IF(SUM(COUNTIFS('Planificación 2026-1'!E:E,"SUNAMPE",'Planificación 2026-1'!W:W,C5,'Planificación 2026-1'!G:G,"PS"))>0,"P04"," ") -> P04 | AV5: =IF(SUM(COUNTIFS('Planificación 2026-1'!E:E,"SUNAMPE",'Planificación 2026-1'!W:W,C5,'Planificación 2026-1'!G:G,"IN"))>0,"P06"," ") | AW5: =IF(SUM(COUNTIFS('Planificación 2026-1'!E:E,"SUNAMPE",'Planificación 2026-1'!W:W,C5,'Planificación 2026-1'!G:G,"CA"))>0,"P07"," ") | AX5: =IF(SUM(COUNTIFS('Planificación 2026-1'!E:E,"SUNAMPE",'Planificación 2026-1'!W:W,C5,'Planificación 2026-1'!G:G,"DE"))>0,"P08"," ") | AY5: =IF(SUM(COUNTIFS('Planificación 2026-1'!E:E,"SUNAMPE",'Planificación 2026-1'!W:W,C5,'Planificación 2026-1'!G:G,"OB"))>0,"P09"," ") -> P09 | AZ5: =IF(SUM(COUNTIFS('Planificación 2026-1'!E:E,"SUNAMPE",'Planificación 2026-1'!W:W,C5,'Planificación 2026-1'!G:G,"MH"))>0,"P31"," ") -> P31 | BA5: =IF(SUM(COUNTIFS('Planificación 2026-1'!E:E,"SUNAMPE",'Planificación 2026-1'!W:W,C5,'Planificación 2026-1'!G:G,"IC"))>0,"P32"," ") | BB5: =IF(SUM(COUNTIFS('Planificación 2026-1'!E:E,"SUNAMPE",'Planificación 2026-1'!W:W,C5,'Planificación 2026-1'!G:G,"AR"))>0,"P34"," ") | BC5: =IF(SUM(COUNTIFS('Planificación 2026-1'!E:E,"SUNAMPE",'Planificación 2026-1'!W:W,C5,'Planificación 2026-1'!G:G,"T1"))>0,"P35"," ") -> P35 | BD5: =IF(SUM(COUNTIFS('Planificación 2026-1'!E:E,"SUNAMPE",'Planificación 2026-1'!W:W,C5,'Planificación 2026-1'!G:G,"T3"))>0,"P36"," ") | BE5: =IF(SUM(COUNTIFS('Planificación 2026-1'!E:E,"SUNAMPE",'Planificación 2026-1'!W:W,C5,'Planificación 2026-1'!G:G,"T2"))>0,"P37"," ") | BF5: =IF(SUM(COUNTIFS('Planificación 2026-1'!E:E,"SUNAMPE",'Planificación 2026-1'!W:W,C5,'Planificación 2026-1'!G:G,"AE"))>0,"P38"," ") | BG5: =IF(SUM(COUNTIFS('Planificación 2026-1'!E:E,"SUNAMPE",'Planificación 2026-1'!W:W,C5,'Planificación 2026-1'!G:G,"T4"))>0,"P55"," ") | BH5: =IF(SUM(COUNTIFS('Planificación 2026-1'!E:E,"HUAURA",'Planificación 2026-1'!W:W,C5,'Planificación 2026-1'!G:G,"AF"))>0," P01"," ") | BI5: =IF(SUM(COUNTIFS('Planificación 2026-1'!E:E,"HUAURA",'Planificación 2026-1'!W:W,C5,'Planificación 2026-1'!G:G,"EN"))>0,"P02"," ") | BJ5: =IF(SUM(COUNTIFS('Planificación 2026-1'!E:E,"HUAURA",'Planificación 2026-1'!W:W,C5,'Planificación 2026-1'!G:G,"IS"))>0,"P03"," ") | BK5: =IF(SUM(COUNTIFS('Planificación 2026-1'!E:E,"HUAURA",'Planificación 2026-1'!W:W,C5,'Planificación 2026-1'!G:G,"PS"))>0,"P04"," ") | BM5: =IF(SUM(COUNTIFS('Planificación 2026-1'!E:E,"HUAURA",'Planificación 2026-1'!W:W,C5,'Planificación 2026-1'!G:G,"IN"))>0,"P06"," ") | BN5: =IF(SUM(COUNTIFS('Planificación 2026-1'!E:E,"HUAURA",'Planificación 2026-1'!W:W,C5,'Planificación 2026-1'!G:G,"CA"))>0,"P07"," ") | BO5: =IF(SUM(COUNTIFS('Planificación 2026-1'!E:E,"HUAURA",'Planificación 2026-1'!W:W,C5,'Planificación 2026-1'!G:G,"DE"))>0,"P08"," ") | BP5: =IF(SUM(COUNTIFS('Planificación 2026-1'!E:E,"HUAURA",'Planificación 2026-1'!W:W,C5,'Planificación 2026-1'!G:G,"OB"))>0,"P09"," ") | BQ5: =IF(SUM(COUNTIFS('Planificación 2026-1'!E:E,"HUAURA",'Planificación 2026-1'!W:W,C5,'Planificación 2026-1'!G:G,"MH"))>0,"P31"," ") | BR5: =IF(SUM(COUNTIFS('Planificación 2026-1'!E:E,"HUAURA",'Planificación 2026-1'!W:W,C5,'Planificación 2026-1'!G:G,"IC"))>0,"P32"," ") | BS5: =IF(SUM(COUNTIFS('Planificación 2026-1'!E:E,"HUAURA",'Planificación 2026-1'!W:W,C5,'Planificación 2026-1'!G:G,"AR"))>0,"P34"," ") | BT5: =IF(SUM(COUNTIFS('Planificación 2026-1'!E:E,"HUAURA",'Planificación 2026-1'!W:W,C5,'Planificación 2026-1'!G:G,"T1"))>0,"P35"," ") | BU5: =IF(SUM(COUNTIFS('Planificación 2026-1'!E:E,"HUAURA",'Planificación 2026-1'!W:W,C5,'Planificación 2026-1'!G:G,"T3"))>0,"P36"," ") | BV5: =IF(SUM(COUNTIFS('Planificación 2026-1'!E:E,"HUAURA",'Planificación 2026-1'!W:W,C5,'Planificación 2026-1'!G:G,"T2"))>0,"P37"," ") | BW5: =IF(SUM(COUNTIFS('Planificación 2026-1'!E:E,"HUAURA",'Planificación 2026-1'!W:W,C5,'Planificación 2026-1'!G:G,"AE"))>0,"P38"," ") | BX5: =IF(SUM(COUNTIFS('Planificación 2026-1'!E:E,"HUAURA",'Planificación 2026-1'!W:W,C5,'Planificación 2026-1'!G:G,"T4"))>0,"P55"," ") | BY5: =SUMIFS('Planificación 2026-1'!R:R,'Planificación 2026-1'!W:W,C5,'Planificación 2026-1'!G:G,"AF",'Planificación 2026-1'!H:H,">2") -> 0 | BZ5: =SUMIFS('Planificación 2026-1'!R:R,'Planificación 2026-1'!W:W,C5,'Planificación 2026-1'!G:G,"EN",'Planificación 2026-1'!H:H,">2") -> 0 | CA5: =SUMIFS('Planificación 2026-1'!R:R,'Planificación 2026-1'!W:W,C5,'Planificación 2026-1'!G:G,"IS",'Planificación 2026-1'!H:H,">2") -> 0 | CB5: =SUMIFS('Planificación 2026-1'!R:R,'Planificación 2026-1'!W:W,C5,'Planificación 2026-1'!G:G,"PS",'Planificación 2026-1'!H:H,">2") -> 0 | CC5: =SUMIFS('Planificación 2026-1'!R:R,'Planificación 2026-1'!W:W,C5,'Planificación 2026-1'!G:G,"IN",'Planificación 2026-1'!H:H,">2") -> 0 | CD5: =SUMIFS('Planificación 2026-1'!R:R,'Planificación 2026-1'!W:W,C5,'Planificación 2026-1'!G:G,"CA",'Planificación 2026-1'!H:H,">2") -> 0 | CE5: =SUMIFS('Planificación 2026-1'!R:R,'Planificación 2026-1'!W:W,C5,'Planificación 2026-1'!G:G,"DE",'Planificación 2026-1'!H:H,">2") -> 0 | CF5: =SUMIFS('Planificación 2026-1'!R:R,'Planificación 2026-1'!W:W,C5,'Planificación 2026-1'!G:G,"OB",'Planificación 2026-1'!H:H,">2") -> 0 | CG5: =SUMIFS('Planificación 2026-1'!R:R,'Planificación 2026-1'!W:W,C5,'Planificación 2026-1'!G:G,"MH",'Planificación 2026-1'!H:H,">2") -> 0 | CH5: =SUMIFS('Planificación 2026-1'!R:R,'Planificación 2026-1'!W:W,C5,'Planificación 2026-1'!G:G,"IC",'Planificación 2026-1'!H:H,">2") -> 0 | CI5: =SUMIFS('Planificación 2026-1'!R:R,'Planificación 2026-1'!W:W,C5,'Planificación 2026-1'!G:G,"AR",'Planificación 2026-1'!H:H,">2") -> 0 | CJ5: =SUMIFS('Planificación 2026-1'!R:R,'Planificación 2026-1'!W:W,C5,'Planificación 2026-1'!G:G,"T1",'Planificación 2026-1'!H:H,">2") -> 0 | CK5: =SUMIFS('Planificación 2026-1'!R:R,'Planificación 2026-1'!W:W,C5,'Planificación 2026-1'!G:G,"T3",'Planificación 2026-1'!H:H,">2") -> 0 | CL5: =SUMIFS('Planificación 2026-1'!R:R,'Planificación 2026-1'!W:W,C5,'Planificación 2026-1'!G:G,"T2",'Planificación 2026-1'!H:H,">2") -> 0 | CM5: =SUMIFS('Planificación 2026-1'!R:R,'Planificación 2026-1'!W:W,C5,'Planificación 2026-1'!G:G,"AE",'Planificación 2026-1'!H:H,">2") -> 0 | CN5: =SUMIFS('Planificación 2026-1'!R:R,'Planificación 2026-1'!W:W,C5,'Planificación 2026-1'!G:G,"T4",'Planificación 2026-1'!H:H,">2") -> 0 | CO5: =SUMIFS('Planificación 2026-1'!R:R,'Planificación 2026-1'!W:W,C5,'Planificación 2026-1'!G:G,"AF",'Planificación 2026-1'!H:H,"<3") -> 0 | CP5: =SUMIFS('Planificación 2026-1'!R:R,'Planificación 2026-1'!W:W,C5,'Planificación 2026-1'!G:G,"EN",'Planificación 2026-1'!H:H,"<3") -> 8 | CQ5: =SUMIFS('Planificación 2026-1'!R:R,'Planificación 2026-1'!W:W,C5,'Planificación 2026-1'!G:G,"IS",'Planificación 2026-1'!H:H,"<3") -> 0 | CR5: =SUMIFS('Planificación 2026-1'!R:R,'Planificación 2026-1'!W:W,C5,'Planificación 2026-1'!G:G,"PS",'Planificación 2026-1'!H:H,"<3") -> 4 | CS5: =SUMIFS('Planificación 2026-1'!R:R,'Planificación 2026-1'!W:W,C5,'Planificación 2026-1'!G:G,"IN",'Planificación 2026-1'!H:H,"<3") -> 0 | CT5: =SUMIFS('Planificación 2026-1'!R:R,'Planificación 2026-1'!W:W,C5,'Planificación 2026-1'!G:G,"CA",'Planificación 2026-1'!H:H,"<3") -> 0 | CU5: =SUMIFS('Planificación 2026-1'!R:R,'Planificación 2026-1'!W:W,C5,'Planificación 2026-1'!G:G,"DE",'Planificación 2026-1'!H:H,"<3") -> 0 | CV5: =SUMIFS('Planificación 2026-1'!R:R,'Planificación 2026-1'!W:W,C5,'Planificación 2026-1'!G:G,"OB",'Planificación 2026-1'!H:H,"<3") -> 16 | CW5: =SUMIFS('Planificación 2026-1'!R:R,'Planificación 2026-1'!W:W,C5,'Planificación 2026-1'!G:G,"MH",'Planificación 2026-1'!H:H,"<3") -> 8 | CX5: =SUMIFS('Planificación 2026-1'!R:R,'Planificación 2026-1'!W:W,C5,'Planificación 2026-1'!G:G,"IC",'Planificación 2026-1'!H:H,"<3") -> 0 | CY5: =SUMIFS('Planificación 2026-1'!R:R,'Planificación 2026-1'!W:W,C5,'Planificación 2026-1'!G:G,"AR",'Planificación 2026-1'!H:H,"<3") -> 0 | CZ5: =SUMIFS('Planificación 2026-1'!R:R,'Planificación 2026-1'!W:W,C5,'Planificación 2026-1'!G:G,"T1",'Planificación 2026-1'!H:H,"<3") -> 4 | DA5: =SUMIFS('Planificación 2026-1'!R:R,'Planificación 2026-1'!W:W,C5,'Planificación 2026-1'!G:G,"T3",'Planificación 2026-1'!H:H,"<3") -> 0 | DB5: =SUMIFS('Planificación 2026-1'!R:R,'Planificación 2026-1'!W:W,C5,'Planificación 2026-1'!G:G,"T2",'Planificación 2026-1'!H:H,"<3") -> 0 | DC5: =SUMIFS('Planificación 2026-1'!R:R,'Planificación 2026-1'!W:W,C5,'Planificación 2026-1'!G:G,"AE",'Planificación 2026-1'!H:H,"<3") -> 0 | DD5: =SUMIFS('Planificación 2026-1'!R:R,'Planificación 2026-1'!W:W,C5,'Planificación 2026-1'!G:G,"T4",'Planificación 2026-1'!H:H,"<3") -> 0 | DE5: =TRIM(CONCATENATE(I5,J5,K5,L5,M5,N5,O5,P5,Q5,R5,S5,T5,U5,V5,W5,X5,Y5)) -> P02 | DF5: =IF(C5="","",SUMIFS('Planificación 2026-1'!R:R,'Planificación 2026-1'!W:W,C5,'Planificación 2026-1'!E:E,"PRINCIPAL",'Planificación 2026-1'!X:X,"VIRTUAL")) -> 0 | DG5: =IF(C5="","",SUMIFS('Planificación 2026-1'!R:R,'Planificación 2026-1'!W:W,C5,'Planificación 2026-1'!E:E,"PRINCIPAL",'Planificación 2026-1'!X:X,"PRESENCIAL")) -> 8 | DH5: =IF(C5="","",SUMIFS('Planificación 2026-1'!R:R,'Planificación 2026-1'!W:W,C5,'Planificación 2026-1'!E:E,"PRINCIPAL",'Planificación 2026-1'!X:X,"HIBRIDO PRESENCIAL")) -> 0 | DI5: =TRIM(CONCATENATE(Z5,AA5,AB5,AC5,AD5,AE5,AF5,AG5,AH5,AI5,AJ5,AK5,AL5,AM5,AN5,AO5,AP5)) | DJ5: =IF(C5="","",SUMIFS('Planificación 2026-1'!R:R,'Planificación 2026-1'!W:W,C5,'Planificación 2026-1'!E:E,"FILIAL",'Planificación 2026-1'!X:X,"VIRTUAL")) -> 0 | DK5: =IF(C5="","",SUMIFS('Planificación 2026-1'!R:R,'Planificación 2026-1'!W:W,C5,'Planificación 2026-1'!E:E,"FILIAL",'Planificación 2026-1'!X:X,"PRESENCIAL")) -> 0 | DL5: =IF(C5="","",SUMIFS('Planificación 2026-1'!R:R,'Planificación 2026-1'!W:W,C5,'Planificación 2026-1'!E:E,"FILIAL",'Planificación 2026-1'!X:X,"HIBRIDO PRESENCIAL")) -> 0 | DM5: =TRIM(CONCATENATE(AQ5,AR5,AS5,AT5,AU5,AV5,AW5,AX5,AY5,AZ5,BA5,BB5,BC5,BD5,BE5,BF5,BG5)) -> P04 P09P31 P35 | DN5: =IF(C5="","",SUMIFS('Planificación 2026-1'!R:R,'Planificación 2026-1'!W:W,C5,'Planificación 2026-1'!E:E,"SUNAMPE",'Planificación 2026-1'!X:X,"VIRTUAL")) -> 4 | DO5: =IF(C5="","",SUMIFS('Planificación 2026-1'!R:R,'Planificación 2026-1'!W:W,C5,'Planificación 2026-1'!E:E,"SUNAMPE",'Planificación 2026-1'!X:X,"PRESENCIAL")) -> 28 | DP5: =TRIM(CONCATENATE(BH5,BI5,BJ5,BK5,BL5,BM5,BN5,BO5,BP5,BQ5,BR5,BS5,BT5,BU5,BV5,BW5,BX5)) | DQ5: =IF(C5="","",SUMIFS('Planificación 2026-1'!R:R,'Planificación 2026-1'!W:W,C5,'Planificación 2026-1'!E:E,"HUAURA",'Planificación 2026-1'!X:X,"VIRTUAL")) -> 0 | DR5: =IF(C5="","",SUMIFS('Planificación 2026-1'!R:R,'Planificación 2026-1'!W:W,C5,'Planificación 2026-1'!E:E,"HUAURA",'Planificación 2026-1'!X:X,"PRESENCIAL")) -> 0 | DS5: =SUMIFS('Planificación 2026-1'!R:R,'Planificación 2026-1'!W:W,C5,'Planificación 2026-1'!E:E,"PRINCIPAL",'Planificación 2026-1'!X:X,"VIRTUAL",'Planificación 2026-1'!H:H,">2") -> 0 | DT5: =SUMIFS('Planificación 2026-1'!R:R,'Planificación 2026-1'!W:W,C5,'Planificación 2026-1'!E:E,"PRINCIPAL",'Planificación 2026-1'!X:X,"<>VIRTUAL",'Planificación 2026-1'!H:H,">2") -> 0 | DU5: =SUMIFS('Planificación 2026-1'!R:R,'Planificación 2026-1'!W:W,C5,'Planificación 2026-1'!E:E,"SUNAMPE",'Planificación 2026-1'!X:X,"VIRTUAL",'Planificación 2026-1'!H:H,">2") -> 0 | DV5: =SUMIFS('Planificación 2026-1'!R:R,'Planificación 2026-1'!W:W,C5,'Planificación 2026-1'!E:E,"SUNAMPE",'Planificación 2026-1'!X:X,"<>VIRTUAL",'Planificación 2026-1'!H:H,">2") -> 0 | DW5: =SUMIFS('Planificación 2026-1'!R:R,'Planificación 2026-1'!W:W,C5,'Planificación 2026-1'!E:E,"FILIAL",'Planificación 2026-1'!X:X,"VIRTUAL",'Planificación 2026-1'!H:H,">2") -> 0 | DX5: =SUMIFS('Planificación 2026-1'!R:R,'Planificación 2026-1'!W:W,C5,'Planificación 2026-1'!E:E,"FILIAL",'Planificación 2026-1'!X:X,"<>VIRTUAL",'Planificación 2026-1'!H:H,">2") -> 0 | DY5: =SUMIFS('Planificación 2026-1'!R:R,'Planificación 2026-1'!W:W,C5,'Planificación 2026-1'!E:E,"PORUMA",'Planificación 2026-1'!X:X,"VIRTUAL",'Planificación 2026-1'!H:H,">2") -> 0 | DZ5: =SUMIFS('Planificación 2026-1'!R:R,'Planificación 2026-1'!W:W,C5,'Planificación 2026-1'!E:E,"PORUMA",'Planificación 2026-1'!X:X,"<>VIRTUAL",'Planificación 2026-1'!H:H,">2") -> 0 | EA5: =SUMIFS('Planificación 2026-1'!R:R,'Planificación 2026-1'!W:W,C5,'Planificación 2026-1'!E:E,"HUAURA",'Planificación 2026-1'!X:X,"VIRTUAL",'Planificación 2026-1'!H:H,">2") -> 0 | EB5: =SUMIFS('Planificación 2026-1'!R:R,'Planificación 2026-1'!W:W,C5,'Planificación 2026-1'!E:E,"HUAURA",'Planificación 2026-1'!X:X,"<>VIRTUAL",'Planificación 2026-1'!H:H,">2") -> 0 | EC5: =SUMIFS('Planificación 2026-1'!R:R,'Planificación 2026-1'!W:W,C5,'Planificación 2026-1'!E:E,"PRINCIPAL",'Planificación 2026-1'!X:X,"VIRTUAL",'Planificación 2026-1'!H:H,"<3") -> 0 | ED5: =SUMIFS('Planificación 2026-1'!R:R,'Planificación 2026-1'!W:W,C5,'Planificación 2026-1'!E:E,"PRINCIPAL",'Planificación 2026-1'!X:X,"<>VIRTUAL",'Planificación 2026-1'!H:H,"<3") -> 8 | EE5: =SUMIFS('Planificación 2026-1'!R:R,'Planificación 2026-1'!W:W,C5,'Planificación 2026-1'!E:E,"SUNAMPE",'Planificación 2026-1'!X:X,"VIRTUAL",'Planificación 2026-1'!H:H,"<3") -> 4 | EF5: =SUMIFS('Planificación 2026-1'!R:R,'Planificación 2026-1'!W:W,C5,'Planificación 2026-1'!E:E,"SUNAMPE",'Planificación 2026-1'!X:X,"<>VIRTUAL",'Planificación 2026-1'!H:H,"<3") -> 28 | EG5: =SUMIFS('Planificación 2026-1'!R:R,'Planificación 2026-1'!W:W,C5,'Planificación 2026-1'!E:E,"FILIAL",'Planificación 2026-1'!X:X,"VIRTUAL",'Planificación 2026-1'!H:H,"<3") -> 0 | EH5: =SUMIFS('Planificación 2026-1'!R:R,'Planificación 2026-1'!W:W,C5,'Planificación 2026-1'!E:E,"FILIAL",'Planificación 2026-1'!X:X,"<>VIRTUAL",'Planificación 2026-1'!H:H,"<3") -> 0 | EI5: =SUMIFS('Planificación 2026-1'!R:R,'Planificación 2026-1'!W:W,C5,'Planificación 2026-1'!E:E,"PORUMA",'Planificación 2026-1'!X:X,"VIRTUAL",'Planificación 2026-1'!H:H,"<3") -> 0 | EJ5: =SUMIFS('Planificación 2026-1'!R:R,'Planificación 2026-1'!W:W,C5,'Planificación 2026-1'!E:E,"PORUMA",'Planificación 2026-1'!X:X,"<>VIRTUAL",'Planificación 2026-1'!H:H,"<3") -> 0 | EK5: =SUMIFS('Planificación 2026-1'!R:R,'Planificación 2026-1'!W:W,C5,'Planificación 2026-1'!E:E,"HUAURA",'Planificación 2026-1'!X:X,"VIRTUAL",'Planificación 2026-1'!H:H,"<3") -> 0 | EL5: =SUMIFS('Planificación 2026-1'!R:R,'Planificación 2026-1'!W:W,C5,'Planificación 2026-1'!E:E,"HUAURA",'Planificación 2026-1'!X:X,"<>VIRTUAL",'Planificación 2026-1'!H:H,"<3") -> 0 | EM5: =EG5+DW5+DX5+EH5 -> 0 | EN5: =EL5+EK5+EB5+EA5 -> 0 | EO5: =EI5+EJ5+DZ5+DY5 -> 0 | EP5: =ED5+EC5+DT5+DS5 -> 8 | EQ5: =EF5+EE5+DV5+DU5 -> 32 | ES5: =DS5+DW5+EA5+EC5+EG5+EK5+DU5+EE5 -> 4 | ET5: =DT5+DX5+EB5+ED5+EH5+EL5+DV5+EF5 -> 36 | EU5: =EXACT(SUM(ES5:ET5),D5) -> TRUE | EV5: =IF(AND(DT5=0,DX5=0,EB5=0),"",IF(COUNTIF(DS5:EB5,">0")=1,IF(DT5+DS5>0,"SEDE",IF(DX5+DW5>0,"FILIAL","HUAURA")),IF(COUNTIF(DS5:EB5,">0")=2,IF(AND(DT5+DS5>0,DX5+DW5>0),"SEDE-FILIAL",IF(AND(DT5>0,EB5>0),"SEDE-HUAURA","FILIAL-HUAURA")),"SEDE-FILIAL-HUAURA"))) | EW5: =IF(ES5=0,"PRESENCIAL",IF(ET5=0,"VIRTUAL",IF(ES5>ET5,"MAS VIRTUAL",IF(ET5>ES5,"MAS PRESENCIAL","AMBOS")))) -> MAS PRESENCIAL
B6: 3 | C6: ALIAGA RUIZ MINA ANGELICA | D6: =SUMIF('Planificación 2026-1'!W:W,C6,'Planificación 2026-1'!R:R) -> 13 | E6: TP | F6: RENOVACIÓN | G6: SEDE | H6: PSICOLOGÍA | I6: =IF(SUM(COUNTIFS('Planificación 2026-1'!E:E,"PRINCIPAL",'Planificación 2026-1'!W:W,C6,'Planificación 2026-1'!G:G,"AF"))>0,"P01"," ") | J6: =IF(SUM(COUNTIFS('Planificación 2026-1'!E:E,"PRINCIPAL",'Planificación 2026-1'!W:W,C6,'Planificación 2026-1'!G:G,"EN"))>0,"P02"," ") | K6: =IF(SUM(COUNTIFS('Planificación 2026-1'!E:E,"PRINCIPAL",'Planificación 2026-1'!W:W,C6,'Planificación 2026-1'!G:G,"IS"))>0,"P03"," ") | L6: =IF(SUM(COUNTIFS('Planificación 2026-1'!E:E,"PRINCIPAL",'Planificación 2026-1'!W:W,C6,'Planificación 2026-1'!G:G,"PS"))>0,"P04"," ") -> P04 | N6: =IF(SUM(COUNTIFS('Planificación 2026-1'!E:E,"PRINCIPAL",'Planificación 2026-1'!W:W,C6,'Planificación 2026-1'!G:G,"IN"))>0,"P06"," ") | O6: =IF(SUM(COUNTIFS('Planificación 2026-1'!E:E,"PRINCIPAL",'Planificación 2026-1'!W:W,C6,'Planificación 2026-1'!G:G,"CA"))>0,"P07"," ") | P6: =IF(SUM(COUNTIFS('Planificación 2026-1'!E:E,"PRINCIPAL",'Planificación 2026-1'!W:W,C6,'Planificación 2026-1'!G:G,"DE"))>0,"P08"," ") | Q6: =IF(SUM(COUNTIFS('Planificación 2026-1'!E:E,"PRINCIPAL",'Planificación 2026-1'!W:W,C6,'Planificación 2026-1'!G:G,"OB"))>0,"P09"," ") | R6: =IF(SUM(COUNTIFS('Planificación 2026-1'!E:E,"PRINCIPAL",'Planificación 2026-1'!W:W,C6,'Planificación 2026-1'!G:G,"MH"))>0,"P31"," ") | S6: =IF(SUM(COUNTIFS('Planificación 2026-1'!E:E,"PRINCIPAL",'Planificación 2026-1'!W:W,C6,'Planificación 2026-1'!G:G,"IC"))>0,"P32"," ") | T6: =IF(SUM(COUNTIFS('Planificación 2026-1'!E:E,"PRINCIPAL",'Planificación 2026-1'!W:W,C6,'Planificación 2026-1'!G:G,"AR"))>0,"P34"," ") | U6: =IF(SUM(COUNTIFS('Planificación 2026-1'!E:E,"PRINCIPAL",'Planificación 2026-1'!W:W,C6,'Planificación 2026-1'!G:G,"T1"))>0,"P35"," ") | V6: =IF(SUM(COUNTIFS('Planificación 2026-1'!E:E,"PRINCIPAL",'Planificación 2026-1'!W:W,C6,'Planificación 2026-1'!G:G,"T3"))>0,"P36"," ") | W6: =IF(SUM(COUNTIFS('Planificación 2026-1'!E:E,"PRINCIPAL",'Planificación 2026-1'!W:W,C6,'Planificación 2026-1'!G:G,"T2"))>0,"P37"," ") | X6: =IF(SUM(COUNTIFS('Planificación 2026-1'!E:E,"PRINCIPAL",'Planificación 2026-1'!W:W,C6,'Planificación 2026-1'!G:G,"AE"))>0,"P38"," ") | Y6: =IF(SUM(COUNTIFS('Planificación 2026-1'!E:E,"PRINCIPAL",'Planificación 2026-1'!W:W,C6,'Planificación 2026-1'!G:G,"T4"))>0,"P55"," ") | Z6: =IF(SUM(COUNTIFS('Planificación 2026-1'!E:E,"FILIAL",'Planificación 2026-1'!W:W,C6,'Planificación 2026-1'!G:G,"AF"))>0," P01"," ") | AA6: =IF(SUM(COUNTIFS('Planificación 2026-1'!E:E,"FILIAL",'Planificación 2026-1'!W:W,C6,'Planificación 2026-1'!G:G,"EN"))>0,"P02"," ") | AB6: =IF(SUM(COUNTIFS('Planificación 2026-1'!E:E,"FILIAL",'Planificación 2026-1'!W:W,C6,'Planificación 2026-1'!G:G,"IS"))>0,"P03"," ") | AC6: =IF(SUM(COUNTIFS('Planificación 2026-1'!E:E,"FILIAL",'Planificación 2026-1'!W:W,C6,'Planificación 2026-1'!G:G,"PS"))>0,"P04"," ") | AE6: =IF(SUM(COUNTIFS('Planificación 2026-1'!E:E,"FILIAL",'Planificación 2026-1'!W:W,C6,'Planificación 2026-1'!G:G,"IN"))>0,"P06"," ") | AF6: =IF(SUM(COUNTIFS('Planificación 2026-1'!E:E,"FILIAL",'Planificación 2026-1'!W:W,C6,'Planificación 2026-1'!G:G,"CA"))>0,"P07"," ") | AG6: =IF(SUM(COUNTIFS('Planificación 2026-1'!E:E,"FILIAL",'Planificación 2026-1'!W:W,C6,'Planificación 2026-1'!G:G,"DE"))>0,"P08"," ") | AH6: =IF(SUM(COUNTIFS('Planificación 2026-1'!E:E,"FILIAL",'Planificación 2026-1'!W:W,C6,'Planificación 2026-1'!G:G,"OB"))>0,"P09"," ") | AI6: =IF(SUM(COUNTIFS('Planificación 2026-1'!E:E,"FILIAL",'Planificación 2026-1'!W:W,C6,'Planificación 2026-1'!G:G,"MH"))>0,"P31"," ") | AJ6: =IF(SUM(COUNTIFS('Planificación 2026-1'!E:E,"FILIAL",'Planificación 2026-1'!W:W,C6,'Planificación 2026-1'!G:G,"IC"))>0,"P32"," ") | AK6: =IF(SUM(COUNTIFS('Planificación 2026-1'!E:E,"FILIAL",'Planificación 2026-1'!W:W,C6,'Planificación 2026-1'!G:G,"AR"))>0,"P34"," ") | AL6: =IF(SUM(COUNTIFS('Planificación 2026-1'!E:E,"FILIAL",'Planificación 2026-1'!W:W,C6,'Planificación 2026-1'!G:G,"T1"))>0,"P35"," ") | AM6: =IF(SUM(COUNTIFS('Planificación 2026-1'!E:E,"FILIAL",'Planificación 2026-1'!W:W,C6,'Planificación 2026-1'!G:G,"T3"))>0,"P36"," ") | AN6: =IF(SUM(COUNTIFS('Planificación 2026-1'!E:E,"FILIAL",'Planificación 2026-1'!W:W,C6,'Planificación 2026-1'!G:G,"T2"))>0,"P37"," ") | AO6: =IF(SUM(COUNTIFS('Planificación 2026-1'!E:E,"FILIAL",'Planificación 2026-1'!W:W,C6,'Planificación 2026-1'!G:G,"AE"))>0,"P38"," ") | AP6: =IF(SUM(COUNTIFS('Planificación 2026-1'!E:E,"FILIAL",'Planificación 2026-1'!W:W,C6,'Planificación 2026-1'!G:G,"T4"))>0,"P55"," ") | AQ6: =IF(SUM(COUNTIFS('Planificación 2026-1'!E:E,"SUNAMPE",'Planificación 2026-1'!W:W,C6,'Planificación 2026-1'!G:G,"AF"))>0," P01"," ") | AR6: =IF(SUM(COUNTIFS('Planificación 2026-1'!E:E,"SUNAMPE",'Planificación 2026-1'!W:W,C6,'Planificación 2026-1'!G:G,"EN"))>0,"P02"," ") | AS6: =IF(SUM(COUNTIFS('Planificación 2026-1'!E:E,"SUNAMPE",'Planificación 2026-1'!W:W,C6,'Planificación 2026-1'!G:G,"IS"))>0,"P03"," ") | AT6: =IF(SUM(COUNTIFS('Planificación 2026-1'!E:E,"SUNAMPE",'Planificación 2026-1'!W:W,C6,'Planificación 2026-1'!G:G,"PS"))>0,"P04"," ") | AV6: =IF(SUM(COUNTIFS('Planificación 2026-1'!E:E,"SUNAMPE",'Planificación 2026-1'!W:W,C6,'Planificación 2026-1'!G:G,"IN"))>0,"P06"," ") | AW6: =IF(SUM(COUNTIFS('Planificación 2026-1'!E:E,"SUNAMPE",'Planificación 2026-1'!W:W,C6,'Planificación 2026-1'!G:G,"CA"))>0,"P07"," ") | AX6: =IF(SUM(COUNTIFS('Planificación 2026-1'!E:E,"SUNAMPE",'Planificación 2026-1'!W:W,C6,'Planificación 2026-1'!G:G,"DE"))>0,"P08"," ") | AY6: =IF(SUM(COUNTIFS('Planificación 2026-1'!E:E,"SUNAMPE",'Planificación 2026-1'!W:W,C6,'Planificación 2026-1'!G:G,"OB"))>0,"P09"," ") | AZ6: =IF(SUM(COUNTIFS('Planificación 2026-1'!E:E,"SUNAMPE",'Planificación 2026-1'!W:W,C6,'Planificación 2026-1'!G:G,"MH"))>0,"P31"," ") | BA6: =IF(SUM(COUNTIFS('Planificación 2026-1'!E:E,"SUNAMPE",'Planificación 2026-1'!W:W,C6,'Planificación 2026-1'!G:G,"IC"))>0,"P32"," ") | BB6: =IF(SUM(COUNTIFS('Planificación 2026-1'!E:E,"SUNAMPE",'Planificación 2026-1'!W:W,C6,'Planificación 2026-1'!G:G,"AR"))>0,"P34"," ") | BC6: =IF(SUM(COUNTIFS('Planificación 2026-1'!E:E,"SUNAMPE",'Planificación 2026-1'!W:W,C6,'Planificación 2026-1'!G:G,"T1"))>0,"P35"," ") | BD6: =IF(SUM(COUNTIFS('Planificación 2026-1'!E:E,"SUNAMPE",'Planificación 2026-1'!W:W,C6,'Planificación 2026-1'!G:G,"T3"))>0,"P36"," ") | BE6: =IF(SUM(COUNTIFS('Planificación 2026-1'!E:E,"SUNAMPE",'Planificación 2026-1'!W:W,C6,'Planificación 2026-1'!G:G,"T2"))>0,"P37"," ") | BF6: =IF(SUM(COUNTIFS('Planificación 2026-1'!E:E,"SUNAMPE",'Planificación 2026-1'!W:W,C6,'Planificación 2026-1'!G:G,"AE"))>0,"P38"," ") | BG6: =IF(SUM(COUNTIFS('Planificación 2026-1'!E:E,"SUNAMPE",'Planificación 2026-1'!W:W,C6,'Planificación 2026-1'!G:G,"T4"))>0,"P55"," ") | BH6: =IF(SUM(COUNTIFS('Planificación 2026-1'!E:E,"HUAURA",'Planificación 2026-1'!W:W,C6,'Planificación 2026-1'!G:G,"AF"))>0," P01"," ") | BI6: =IF(SUM(COUNTIFS('Planificación 2026-1'!E:E,"HUAURA",'Planificación 2026-1'!W:W,C6,'Planificación 2026-1'!G:G,"EN"))>0,"P02"," ") | BJ6: =IF(SUM(COUNTIFS('Planificación 2026-1'!E:E,"HUAURA",'Planificación 2026-1'!W:W,C6,'Planificación 2026-1'!G:G,"IS"))>0,"P03"," ") | BK6: =IF(SUM(COUNTIFS('Planificación 2026-1'!E:E,"HUAURA",'Planificación 2026-1'!W:W,C6,'Planificación 2026-1'!G:G,"PS"))>0,"P04"," ") | BM6: =IF(SUM(COUNTIFS('Planificación 2026-1'!E:E,"HUAURA",'Planificación 2026-1'!W:W,C6,'Planificación 2026-1'!G:G,"IN"))>0,"P06"," ") | BN6: =IF(SUM(COUNTIFS('Planificación 2026-1'!E:E,"HUAURA",'Planificación 2026-1'!W:W,C6,'Planificación 2026-1'!G:G,"CA"))>0,"P07"," ") | BO6: =IF(SUM(COUNTIFS('Planificación 2026-1'!E:E,"HUAURA",'Planificación 2026-1'!W:W,C6,'Planificación 2026-1'!G:G,"DE"))>0,"P08"," ") | BP6: =IF(SUM(COUNTIFS('Planificación 2026-1'!E:E,"HUAURA",'Planificación 2026-1'!W:W,C6,'Planificación 2026-1'!G:G,"OB"))>0,"P09"," ") | BQ6: =IF(SUM(COUNTIFS('Planificación 2026-1'!E:E,"HUAURA",'Planificación 2026-1'!W:W,C6,'Planificación 2026-1'!G:G,"MH"))>0,"P31"," ") | BR6: =IF(SUM(COUNTIFS('Planificación 2026-1'!E:E,"HUAURA",'Planificación 2026-1'!W:W,C6,'Planificación 2026-1'!G:G,"IC"))>0,"P32"," ") | BS6: =IF(SUM(COUNTIFS('Planificación 2026-1'!E:E,"HUAURA",'Planificación 2026-1'!W:W,C6,'Planificación 2026-1'!G:G,"AR"))>0,"P34"," ") | BT6: =IF(SUM(COUNTIFS('Planificación 2026-1'!E:E,"HUAURA",'Planificación 2026-1'!W:W,C6,'Planificación 2026-1'!G:G,"T1"))>0,"P35"," ") | BU6: =IF(SUM(COUNTIFS('Planificación 2026-1'!E:E,"HUAURA",'Planificación 2026-1'!W:W,C6,'Planificación 2026-1'!G:G,"T3"))>0,"P36"," ") | BV6: =IF(SUM(COUNTIFS('Planificación 2026-1'!E:E,"HUAURA",'Planificación 2026-1'!W:W,C6,'Planificación 2026-1'!G:G,"T2"))>0,"P37"," ") | BW6: =IF(SUM(COUNTIFS('Planificación 2026-1'!E:E,"HUAURA",'Planificación 2026-1'!W:W,C6,'Planificación 2026-1'!G:G,"AE"))>0,"P38"," ") | BX6: =IF(SUM(COUNTIFS('Planificación 2026-1'!E:E,"HUAURA",'Planificación 2026-1'!W:W,C6,'Planificación 2026-1'!G:G,"T4"))>0,"P55"," ") | BY6: =SUMIFS('Planificación 2026-1'!R:R,'Planificación 2026-1'!W:W,C6,'Planificación 2026-1'!G:G,"AF",'Planificación 2026-1'!H:H,">2") -> 0 | BZ6: =SUMIFS('Planificación 2026-1'!R:R,'Planificación 2026-1'!W:W,C6,'Planificación 2026-1'!G:G,"EN",'Planificación 2026-1'!H:H,">2") -> 0 | CA6: =SUMIFS('Planificación 2026-1'!R:R,'Planificación 2026-1'!W:W,C6,'Planificación 2026-1'!G:G,"IS",'Planificación 2026-1'!H:H,">2") -> 0 | CB6: =SUMIFS('Planificación 2026-1'!R:R,'Planificación 2026-1'!W:W,C6,'Planificación 2026-1'!G:G,"PS",'Planificación 2026-1'!H:H,">2") -> 13 | CC6: =SUMIFS('Planificación 2026-1'!R:R,'Planificación 2026-1'!W:W,C6,'Planificación 2026-1'!G:G,"IN",'Planificación 2026-1'!H:H,">2") -> 0 | CD6: =SUMIFS('Planificación 2026-1'!R:R,'Planificación 2026-1'!W:W,C6,'Planificación 2026-1'!G:G,"CA",'Planificación 2026-1'!H:H,">2") -> 0 | CE6: =SUMIFS('Planificación 2026-1'!R:R,'Planificación 2026-1'!W:W,C6,'Planificación 2026-1'!G:G,"DE",'Planificación 2026-1'!H:H,">2") -> 0 | CF6: =SUMIFS('Planificación 2026-1'!R:R,'Planificación 2026-1'!W:W,C6,'Planificación 2026-1'!G:G,"OB",'Planificación 2026-1'!H:H,">2") -> 0 | CG6: =SUMIFS('Planificación 2026-1'!R:R,'Planificación 2026-1'!W:W,C6,'Planificación 2026-1'!G:G,"MH",'Planificación 2026-1'!H:H,">2") -> 0 | CH6: =SUMIFS('Planificación 2026-1'!R:R,'Planificación 2026-1'!W:W,C6,'Planificación 2026-1'!G:G,"IC",'Planificación 2026-1'!H:H,">2") -> 0 | CI6: =SUMIFS('Planificación 2026-1'!R:R,'Planificación 2026-1'!W:W,C6,'Planificación 2026-1'!G:G,"AR",'Planificación 2026-1'!H:H,">2") -> 0 | CJ6: =SUMIFS('Planificación 2026-1'!R:R,'Planificación 2026-1'!W:W,C6,'Planificación 2026-1'!G:G,"T1",'Planificación 2026-1'!H:H,">2") -> 0 | CK6: =SUMIFS('Planificación 2026-1'!R:R,'Planificación 2026-1'!W:W,C6,'Planificación 2026-1'!G:G,"T3",'Planificación 2026-1'!H:H,">2") -> 0 | CL6: =SUMIFS('Planificación 2026-1'!R:R,'Planificación 2026-1'!W:W,C6,'Planificación 2026-1'!G:G,"T2",'Planificación 2026-1'!H:H,">2") -> 0 | CM6: =SUMIFS('Planificación 2026-1'!R:R,'Planificación 2026-1'!W:W,C6,'Planificación 2026-1'!G:G,"AE",'Planificación 2026-1'!H:H,">2") -> 0 | CN6: =SUMIFS('Planificación 2026-1'!R:R,'Planificación 2026-1'!W:W,C6,'Planificación 2026-1'!G:G,"T4",'Planificación 2026-1'!H:H,">2") -> 0 | CO6: =SUMIFS('Planificación 2026-1'!R:R,'Planificación 2026-1'!W:W,C6,'Planificación 2026-1'!G:G,"AF",'Planificación 2026-1'!H:H,"<3") -> 0 | CP6: =SUMIFS('Planificación 2026-1'!R:R,'Planificación 2026-1'!W:W,C6,'Planificación 2026-1'!G:G,"EN",'Planificación 2026-1'!H:H,"<3") -> 0 | CQ6: =SUMIFS('Planificación 2026-1'!R:R,'Planificación 2026-1'!W:W,C6,'Planificación 2026-1'!G:G,"IS",'Planificación 2026-1'!H:H,"<3") -> 0 | CR6: =SUMIFS('Planificación 2026-1'!R:R,'Planificación 2026-1'!W:W,C6,'Planificación 2026-1'!G:G,"PS",'Planificación 2026-1'!H:H,"<3") -> 0 | CS6: =SUMIFS('Planificación 2026-1'!R:R,'Planificación 2026-1'!W:W,C6,'Planificación 2026-1'!G:G,"IN",'Planificación 2026-1'!H:H,"<3") -> 0 | CT6: =SUMIFS('Planificación 2026-1'!R:R,'Planificación 2026-1'!W:W,C6,'Planificación 2026-1'!G:G,"CA",'Planificación 2026-1'!H:H,"<3") -> 0 | CU6: =SUMIFS('Planificación 2026-1'!R:R,'Planificación 2026-1'!W:W,C6,'Planificación 2026-1'!G:G,"DE",'Planificación 2026-1'!H:H,"<3") -> 0 | CV6: =SUMIFS('Planificación 2026-1'!R:R,'Planificación 2026-1'!W:W,C6,'Planificación 2026-1'!G:G,"OB",'Planificación 2026-1'!H:H,"<3") -> 0 | CW6: =SUMIFS('Planificación 2026-1'!R:R,'Planificación 2026-1'!W:W,C6,'Planificación 2026-1'!G:G,"MH",'Planificación 2026-1'!H:H,"<3") -> 0 | CX6: =SUMIFS('Planificación 2026-1'!R:R,'Planificación 2026-1'!W:W,C6,'Planificación 2026-1'!G:G,"IC",'Planificación 2026-1'!H:H,"<3") -> 0 | CY6: =SUMIFS('Planificación 2026-1'!R:R,'Planificación 2026-1'!W:W,C6,'Planificación 2026-1'!G:G,"AR",'Planificación 2026-1'!H:H,"<3") -> 0 | CZ6: =SUMIFS('Planificación 2026-1'!R:R,'Planificación 2026-1'!W:W,C6,'Planificación 2026-1'!G:G,"T1",'Planificación 2026-1'!H:H,"<3") -> 0 | DA6: =SUMIFS('Planificación 2026-1'!R:R,'Planificación 2026-1'!W:W,C6,'Planificación 2026-1'!G:G,"T3",'Planificación 2026-1'!H:H,"<3") -> 0 | DB6: =SUMIFS('Planificación 2026-1'!R:R,'Planificación 2026-1'!W:W,C6,'Planificación 2026-1'!G:G,"T2",'Planificación 2026-1'!H:H,"<3") -> 0 | DC6: =SUMIFS('Planificación 2026-1'!R:R,'Planificación 2026-1'!W:W,C6,'Planificación 2026-1'!G:G,"AE",'Planificación 2026-1'!H:H,"<3") -> 0 | DD6: =SUMIFS('Planificación 2026-1'!R:R,'Planificación 2026-1'!W:W,C6,'Planificación 2026-1'!G:G,"T4",'Planificación 2026-1'!H:H,"<3") -> 0 | DE6: =TRIM(CONCATENATE(I6,J6,K6,L6,M6,N6,O6,P6,Q6,R6,S6,T6,U6,V6,W6,X6,Y6)) -> P04 | DF6: =IF(C6="","",SUMIFS('Planificación 2026-1'!R:R,'Planificación 2026-1'!W:W,C6,'Planificación 2026-1'!E:E,"PRINCIPAL",'Planificación 2026-1'!X:X,"VIRTUAL")) -> 0 | DG6: =IF(C6="","",SUMIFS('Planificación 2026-1'!R:R,'Planificación 2026-1'!W:W,C6,'Planificación 2026-1'!E:E,"PRINCIPAL",'Planificación 2026-1'!X:X,"PRESENCIAL")) -> 13 | DH6: =IF(C6="","",SUMIFS('Planificación 2026-1'!R:R,'Planificación 2026-1'!W:W,C6,'Planificación 2026-1'!E:E,"PRINCIPAL",'Planificación 2026-1'!X:X,"HIBRIDO PRESENCIAL")) -> 0 | DI6: =TRIM(CONCATENATE(Z6,AA6,AB6,AC6,AD6,AE6,AF6,AG6,AH6,AI6,AJ6,AK6,AL6,AM6,AN6,AO6,AP6)) | DJ6: =IF(C6="","",SUMIFS('Planificación 2026-1'!R:R,'Planificación 2026-1'!W:W,C6,'Planificación 2026-1'!E:E,"FILIAL",'Planificación 2026-1'!X:X,"VIRTUAL")) -> 0 | DK6: =IF(C6="","",SUMIFS('Planificación 2026-1'!R:R,'Planificación 2026-1'!W:W,C6,'Planificación 2026-1'!E:E,"FILIAL",'Planificación 2026-1'!X:X,"PRESENCIAL")) -> 0 | DL6: =IF(C6="","",SUMIFS('Planificación 2026-1'!R:R,'Planificación 2026-1'!W:W,C6,'Planificación 2026-1'!E:E,"FILIAL",'Planificación 2026-1'!X:X,"HIBRIDO PRESENCIAL")) -> 0 | DM6: =TRIM(CONCATENATE(AQ6,AR6,AS6,AT6,AU6,AV6,AW6,AX6,AY6,AZ6,BA6,BB6,BC6,BD6,BE6,BF6,BG6)) | DN6: =IF(C6="","",SUMIFS('Planificación 2026-1'!R:R,'Planificación 2026-1'!W:W,C6,'Planificación 2026-1'!E:E,"SUNAMPE",'Planificación 2026-1'!X:X,"VIRTUAL")) -> 0 | DO6: =IF(C6="","",SUMIFS('Planificación 2026-1'!R:R,'Planificación 2026-1'!W:W,C6,'Planificación 2026-1'!E:E,"SUNAMPE",'Planificación 2026-1'!X:X,"PRESENCIAL")) -> 0 | DP6: =TRIM(CONCATENATE(BH6,BI6,BJ6,BK6,BL6,BM6,BN6,BO6,BP6,BQ6,BR6,BS6,BT6,BU6,BV6,BW6,BX6)) | DQ6: =IF(C6="","",SUMIFS('Planificación 2026-1'!R:R,'Planificación 2026-1'!W:W,C6,'Planificación 2026-1'!E:E,"HUAURA",'Planificación 2026-1'!X:X,"VIRTUAL")) -> 0 | DR6: =IF(C6="","",SUMIFS('Planificación 2026-1'!R:R,'Planificación 2026-1'!W:W,C6,'Planificación 2026-1'!E:E,"HUAURA",'Planificación 2026-1'!X:X,"PRESENCIAL")) -> 0 | DS6: =SUMIFS('Planificación 2026-1'!R:R,'Planificación 2026-1'!W:W,C6,'Planificación 2026-1'!E:E,"PRINCIPAL",'Planificación 2026-1'!X:X,"VIRTUAL",'Planificación 2026-1'!H:H,">2") -> 0 | DT6: =SUMIFS('Planificación 2026-1'!R:R,'Planificación 2026-1'!W:W,C6,'Planificación 2026-1'!E:E,"PRINCIPAL",'Planificación 2026-1'!X:X,"<>VIRTUAL",'Planificación 2026-1'!H:H,">2") -> 13 | DU6: =SUMIFS('Planificación 2026-1'!R:R,'Planificación 2026-1'!W:W,C6,'Planificación 2026-1'!E:E,"SUNAMPE",'Planificación 2026-1'!X:X,"VIRTUAL",'Planificación 2026-1'!H:H,">2") -> 0 | DV6: =SUMIFS('Planificación 2026-1'!R:R,'Planificación 2026-1'!W:W,C6,'Planificación 2026-1'!E:E,"SUNAMPE",'Planificación 2026-1'!X:X,"<>VIRTUAL",'Planificación 2026-1'!H:H,">2") -> 0 | DW6: =SUMIFS('Planificación 2026-1'!R:R,'Planificación 2026-1'!W:W,C6,'Planificación 2026-1'!E:E,"FILIAL",'Planificación 2026-1'!X:X,"VIRTUAL",'Planificación 2026-1'!H:H,">2") -> 0 | DX6: =SUMIFS('Planificación 2026-1'!R:R,'Planificación 2026-1'!W:W,C6,'Planificación 2026-1'!E:E,"FILIAL",'Planificación 2026-1'!X:X,"<>VIRTUAL",'Planificación 2026-1'!H:H,">2") -> 0 | DY6: =SUMIFS('Planificación 2026-1'!R:R,'Planificación 2026-1'!W:W,C6,'Planificación 2026-1'!E:E,"PORUMA",'Planificación 2026-1'!X:X,"VIRTUAL",'Planificación 2026-1'!H:H,">2") -> 0 | DZ6: =SUMIFS('Planificación 2026-1'!R:R,'Planificación 2026-1'!W:W,C6,'Planificación 2026-1'!E:E,"PORUMA",'Planificación 2026-1'!X:X,"<>VIRTUAL",'Planificación 2026-1'!H:H,">2") -> 0 | EA6: =SUMIFS('Planificación 2026-1'!R:R,'Planificación 2026-1'!W:W,C6,'Planificación 2026-1'!E:E,"HUAURA",'Planificación 2026-1'!X:X,"VIRTUAL",'Planificación 2026-1'!H:H,">2") -> 0 | EB6: =SUMIFS('Planificación 2026-1'!R:R,'Planificación 2026-1'!W:W,C6,'Planificación 2026-1'!E:E,"HUAURA",'Planificación 2026-1'!X:X,"<>VIRTUAL",'Planificación 2026-1'!H:H,">2") -> 0 | EC6: =SUMIFS('Planificación 2026-1'!R:R,'Planificación 2026-1'!W:W,C6,'Planificación 2026-1'!E:E,"PRINCIPAL",'Planificación 2026-1'!X:X,"VIRTUAL",'Planificación 2026-1'!H:H,"<3") -> 0 | ED6: =SUMIFS('Planificación 2026-1'!R:R,'Planificación 2026-1'!W:W,C6,'Planificación 2026-1'!E:E,"PRINCIPAL",'Planificación 2026-1'!X:X,"<>VIRTUAL",'Planificación 2026-1'!H:H,"<3") -> 0 | EE6: =SUMIFS('Planificación 2026-1'!R:R,'Planificación 2026-1'!W:W,C6,'Planificación 2026-1'!E:E,"SUNAMPE",'Planificación 2026-1'!X:X,"VIRTUAL",'Planificación 2026-1'!H:H,"<3") -> 0 | EF6: =SUMIFS('Planificación 2026-1'!R:R,'Planificación 2026-1'!W:W,C6,'Planificación 2026-1'!E:E,"SUNAMPE",'Planificación 2026-1'!X:X,"<>VIRTUAL",'Planificación 2026-1'!H:H,"<3") -> 0 | EG6: =SUMIFS('Planificación 2026-1'!R:R,'Planificación 2026-1'!W:W,C6,'Planificación 2026-1'!E:E,"FILIAL",'Planificación 2026-1'!X:X,"VIRTUAL",'Planificación 2026-1'!H:H,"<3") -> 0 | EH6: =SUMIFS('Planificación 2026-1'!R:R,'Planificación 2026-1'!W:W,C6,'Planificación 2026-1'!E:E,"FILIAL",'Planificación 2026-1'!X:X,"<>VIRTUAL",'Planificación 2026-1'!H:H,"<3") -> 0 | EI6: =SUMIFS('Planificación 2026-1'!R:R,'Planificación 2026-1'!W:W,C6,'Planificación 2026-1'!E:E,"PORUMA",'Planificación 2026-1'!X:X,"VIRTUAL",'Planificación 2026-1'!H:H,"<3") -> 0 | EJ6: =SUMIFS('Planificación 2026-1'!R:R,'Planificación 2026-1'!W:W,C6,'Planificación 2026-1'!E:E,"PORUMA",'Planificación 2026-1'!X:X,"<>VIRTUAL",'Planificación 2026-1'!H:H,"<3") -> 0 | EK6: =SUMIFS('Planificación 2026-1'!R:R,'Planificación 2026-1'!W:W,C6,'Planificación 2026-1'!E:E,"HUAURA",'Planificación 2026-1'!X:X,"VIRTUAL",'Planificación 2026-1'!H:H,"<3") -> 0 | EL6: =SUMIFS('Planificación 2026-1'!R:R,'Planificación 2026-1'!W:W,C6,'Planificación 2026-1'!E:E,"HUAURA",'Planificación 2026-1'!X:X,"<>VIRTUAL",'Planificación 2026-1'!H:H,"<3") -> 0 | EM6: =EG6+DW6+DX6+EH6 -> 0 | EN6: =EL6+EK6+EB6+EA6 -> 0 | EO6: =EI6+EJ6+DZ6+DY6 -> 0 | EP6: =ED6+EC6+DT6+DS6 -> 13 | EQ6: =EF6+EE6+DV6+DU6 -> 0 | ES6: =DS6+DW6+EA6+EC6+EG6+EK6+DU6+EE6 -> 0 | ET6: =DT6+DX6+EB6+ED6+EH6+EL6+DV6+EF6 -> 13 | EU6: =EXACT(SUM(ES6:ET6),D6) -> TRUE | EV6: =IF(AND(DT6=0,DX6=0,EB6=0),"",IF(COUNTIF(DS6:EB6,">0")=1,IF(DT6+DS6>0,"SEDE",IF(DX6+DW6>0,"FILIAL","HUAURA")),IF(COUNTIF(DS6:EB6,">0")=2,IF(AND(DT6+DS6>0,DX6+DW6>0),"SEDE-FILIAL",IF(AND(DT6>0,EB6>0),"SEDE-HUAURA","FILIAL-HUAURA")),"SEDE-FILIAL-HUAURA"))) -> SEDE | EW6: =IF(ES6=0,"PRESENCIAL",IF(ET6=0,"VIRTUAL",IF(ES6>ET6,"MAS VIRTUAL",IF(ET6>ES6,"MAS PRESENCIAL","AMBOS")))) -> PRESENCIAL
B7: 4 | C7: ALVAREZ GARCIA TERESA ELVIRA | D7: =SUMIF('Planificación 2026-1'!W:W,C7,'Planificación 2026-1'!R:R) -> 17 | E7: TP | F7: RENOVACIÓN | G7: PORUMA | H7: MEDICINA HUMANA | I7: =IF(SUM(COUNTIFS('Planificación 2026-1'!E:E,"PRINCIPAL",'Planificación 2026-1'!W:W,C7,'Planificación 2026-1'!G:G,"AF"))>0,"P01"," ") | J7: =IF(SUM(COUNTIFS('Planificación 2026-1'!E:E,"PRINCIPAL",'Planificación 2026-1'!W:W,C7,'Planificación 2026-1'!G:G,"EN"))>0,"P02"," ") | K7: =IF(SUM(COUNTIFS('Planificación 2026-1'!E:E,"PRINCIPAL",'Planificación 2026-1'!W:W,C7,'Planificación 2026-1'!G:G,"IS"))>0,"P03"," ") | L7: =IF(SUM(COUNTIFS('Planificación 2026-1'!E:E,"PRINCIPAL",'Planificación 2026-1'!W:W,C7,'Planificación 2026-1'!G:G,"PS"))>0,"P04"," ") | N7: =IF(SUM(COUNTIFS('Planificación 2026-1'!E:E,"PRINCIPAL",'Planificación 2026-1'!W:W,C7,'Planificación 2026-1'!G:G,"IN"))>0,"P06"," ") | O7: =IF(SUM(COUNTIFS('Planificación 2026-1'!E:E,"PRINCIPAL",'Planificación 2026-1'!W:W,C7,'Planificación 2026-1'!G:G,"CA"))>0,"P07"," ") | P7: =IF(SUM(COUNTIFS('Planificación 2026-1'!E:E,"PRINCIPAL",'Planificación 2026-1'!W:W,C7,'Planificación 2026-1'!G:G,"DE"))>0,"P08"," ") | Q7: =IF(SUM(COUNTIFS('Planificación 2026-1'!E:E,"PRINCIPAL",'Planificación 2026-1'!W:W,C7,'Planificación 2026-1'!G:G,"OB"))>0,"P09"," ") | R7: =IF(SUM(COUNTIFS('Planificación 2026-1'!E:E,"PRINCIPAL",'Planificación 2026-1'!W:W,C7,'Planificación 2026-1'!G:G,"MH"))>0,"P31"," ") | S7: =IF(SUM(COUNTIFS('Planificación 2026-1'!E:E,"PRINCIPAL",'Planificación 2026-1'!W:W,C7,'Planificación 2026-1'!G:G,"IC"))>0,"P32"," ") | T7: =IF(SUM(COUNTIFS('Planificación 2026-1'!E:E,"PRINCIPAL",'Planificación 2026-1'!W:W,C7,'Planificación 2026-1'!G:G,"AR"))>0,"P34"," ") | U7: =IF(SUM(COUNTIFS('Planificación 2026-1'!E:E,"PRINCIPAL",'Planificación 2026-1'!W:W,C7,'Planificación 2026-1'!G:G,"T1"))>0,"P35"," ") | V7: =IF(SUM(COUNTIFS('Planificación 2026-1'!E:E,"PRINCIPAL",'Planificación 2026-1'!W:W,C7,'Planificación 2026-1'!G:G,"T3"))>0,"P36"," ") | W7: =IF(SUM(COUNTIFS('Planificación 2026-1'!E:E,"PRINCIPAL",'Planificación 2026-1'!W:W,C7,'Planificación 2026-1'!G:G,"T2"))>0,"P37"," ") | X7: =IF(SUM(COUNTIFS('Planificación 2026-1'!E:E,"PRINCIPAL",'Planificación 2026-1'!W:W,C7,'Planificación 2026-1'!G:G,"AE"))>0,"P38"," ") | Y7: =IF(SUM(COUNTIFS('Planificación 2026-1'!E:E,"PRINCIPAL",'Planificación 2026-1'!W:W,C7,'Planificación 2026-1'!G:G,"T4"))>0,"P55"," ") | Z7: =IF(SUM(COUNTIFS('Planificación 2026-1'!E:E,"FILIAL",'Planificación 2026-1'!W:W,C7,'Planificación 2026-1'!G:G,"AF"))>0," P01"," ") | AA7: =IF(SUM(COUNTIFS('Planificación 2026-1'!E:E,"FILIAL",'Planificación 2026-1'!W:W,C7,'Planificación 2026-1'!G:G,"EN"))>0,"P02"," ") | AB7: =IF(SUM(COUNTIFS('Planificación 2026-1'!E:E,"FILIAL",'Planificación 2026-1'!W:W,C7,'Planificación 2026-1'!G:G,"IS"))>0,"P03"," ") | AC7: =IF(SUM(COUNTIFS('Planificación 2026-1'!E:E,"FILIAL",'Planificación 2026-1'!W:W,C7,'Planificación 2026-1'!G:G,"PS"))>0,"P04"," ") | AE7: =IF(SUM(COUNTIFS('Planificación 2026-1'!E:E,"FILIAL",'Planificación 2026-1'!W:W,C7,'Planificación 2026-1'!G:G,"IN"))>0,"P06"," ") | AF7: =IF(SUM(COUNTIFS('Planificación 2026-1'!E:E,"FILIAL",'Planificación 2026-1'!W:W,C7,'Planificación 2026-1'!G:G,"CA"))>0,"P07"," ") | AG7: =IF(SUM(COUNTIFS('Planificación 2026-1'!E:E,"FILIAL",'Planificación 2026-1'!W:W,C7,'Planificación 2026-1'!G:G,"DE"))>0,"P08"," ") | AH7: =IF(SUM(COUNTIFS('Planificación 2026-1'!E:E,"FILIAL",'Planificación 2026-1'!W:W,C7,'Planificación 2026-1'!G:G,"OB"))>0,"P09"," ") | AI7: =IF(SUM(COUNTIFS('Planificación 2026-1'!E:E,"FILIAL",'Planificación 2026-1'!W:W,C7,'Planificación 2026-1'!G:G,"MH"))>0,"P31"," ") | AJ7: =IF(SUM(COUNTIFS('Planificación 2026-1'!E:E,"FILIAL",'Planificación 2026-1'!W:W,C7,'Planificación 2026-1'!G:G,"IC"))>0,"P32"," ") | AK7: =IF(SUM(COUNTIFS('Planificación 2026-1'!E:E,"FILIAL",'Planificación 2026-1'!W:W,C7,'Planificación 2026-1'!G:G,"AR"))>0,"P34"," ") | AL7: =IF(SUM(COUNTIFS('Planificación 2026-1'!E:E,"FILIAL",'Planificación 2026-1'!W:W,C7,'Planificación 2026-1'!G:G,"T1"))>0,"P35"," ") | AM7: =IF(SUM(COUNTIFS('Planificación 2026-1'!E:E,"FILIAL",'Planificación 2026-1'!W:W,C7,'Planificación 2026-1'!G:G,"T3"))>0,"P36"," ") | AN7: =IF(SUM(COUNTIFS('Planificación 2026-1'!E:E,"FILIAL",'Planificación 2026-1'!W:W,C7,'Planificación 2026-1'!G:G,"T2"))>0,"P37"," ") | AO7: =IF(SUM(COUNTIFS('Planificación 2026-1'!E:E,"FILIAL",'Planificación 2026-1'!W:W,C7,'Planificación 2026-1'!G:G,"AE"))>0,"P38"," ") | AP7: =IF(SUM(COUNTIFS('Planificación 2026-1'!E:E,"FILIAL",'Planificación 2026-1'!W:W,C7,'Planificación 2026-1'!G:G,"T4"))>0,"P55"," ") | AQ7: =IF(SUM(COUNTIFS('Planificación 2026-1'!E:E,"SUNAMPE",'Planificación 2026-1'!W:W,C7,'Planificación 2026-1'!G:G,"AF"))>0," P01"," ") | AR7: =IF(SUM(COUNTIFS('Planificación 2026-1'!E:E,"SUNAMPE",'Planificación 2026-1'!W:W,C7,'Planificación 2026-1'!G:G,"EN"))>0,"P02"," ") | AS7: =IF(SUM(COUNTIFS('Planificación 2026-1'!E:E,"SUNAMPE",'Planificación 2026-1'!W:W,C7,'Planificación 2026-1'!G:G,"IS"))>0,"P03"," ") | AT7: =IF(SUM(COUNTIFS('Planificación 2026-1'!E:E,"SUNAMPE",'Planificación 2026-1'!W:W,C7,'Planificación 2026-1'!G:G,"PS"))>0,"P04"," ") | AV7: =IF(SUM(COUNTIFS('Planificación 2026-1'!E:E,"SUNAMPE",'Planificación 2026-1'!W:W,C7,'Planificación 2026-1'!G:G,"IN"))>0,"P06"," ") | AW7: =IF(SUM(COUNTIFS('Planificación 2026-1'!E:E,"SUNAMPE",'Planificación 2026-1'!W:W,C7,'Planificación 2026-1'!G:G,"CA"))>0,"P07"," ") | AX7: =IF(SUM(COUNTIFS('Planificación 2026-1'!E:E,"SUNAMPE",'Planificación 2026-1'!W:W,C7,'Planificación 2026-1'!G:G,"DE"))>0,"P08"," ") | AY7: =IF(SUM(COUNTIFS('Planificación 2026-1'!E:E,"SUNAMPE",'Planificación 2026-1'!W:W,C7,'Planificación 2026-1'!G:G,"OB"))>0,"P09"," ") | AZ7: =IF(SUM(COUNTIFS('Planificación 2026-1'!E:E,"SUNAMPE",'Planificación 2026-1'!W:W,C7,'Planificación 2026-1'!G:G,"MH"))>0,"P31"," ") | BA7: =IF(SUM(COUNTIFS('Planificación 2026-1'!E:E,"SUNAMPE",'Planificación 2026-1'!W:W,C7,'Planificación 2026-1'!G:G,"IC"))>0,"P32"," ") | BB7: =IF(SUM(COUNTIFS('Planificación 2026-1'!E:E,"SUNAMPE",'Planificación 2026-1'!W:W,C7,'Planificación 2026-1'!G:G,"AR"))>0,"P34"," ") | BC7: =IF(SUM(COUNTIFS('Planificación 2026-1'!E:E,"SUNAMPE",'Planificación 2026-1'!W:W,C7,'Planificación 2026-1'!G:G,"T1"))>0,"P35"," ") | BD7: =IF(SUM(COUNTIFS('Planificación 2026-1'!E:E,"SUNAMPE",'Planificación 2026-1'!W:W,C7,'Planificación 2026-1'!G:G,"T3"))>0,"P36"," ") | BE7: =IF(SUM(COUNTIFS('Planificación 2026-1'!E:E,"SUNAMPE",'Planificación 2026-1'!W:W,C7,'Planificación 2026-1'!G:G,"T2"))>0,"P37"," ") | BF7: =IF(SUM(COUNTIFS('Planificación 2026-1'!E:E,"SUNAMPE",'Planificación 2026-1'!W:W,C7,'Planificación 2026-1'!G:G,"AE"))>0,"P38"," ") | BG7: =IF(SUM(COUNTIFS('Planificación 2026-1'!E:E,"SUNAMPE",'Planificación 2026-1'!W:W,C7,'Planificación 2026-1'!G:G,"T4"))>0,"P55"," ") | BH7: =IF(SUM(COUNTIFS('Planificación 2026-1'!E:E,"HUAURA",'Planificación 2026-1'!W:W,C7,'Planificación 2026-1'!G:G,"AF"))>0," P01"," ") | BI7: =IF(SUM(COUNTIFS('Planificación 2026-1'!E:E,"HUAURA",'Planificación 2026-1'!W:W,C7,'Planificación 2026-1'!G:G,"EN"))>0,"P02"," ") | BJ7: =IF(SUM(COUNTIFS('Planificación 2026-1'!E:E,"HUAURA",'Planificación 2026-1'!W:W,C7,'Planificación 2026-1'!G:G,"IS"))>0,"P03"," ") | BK7: =IF(SUM(COUNTIFS('Planificación 2026-1'!E:E,"HUAURA",'Planificación 2026-1'!W:W,C7,'Planificación 2026-1'!G:G,"PS"))>0,"P04"," ") | BM7: =IF(SUM(COUNTIFS('Planificación 2026-1'!E:E,"HUAURA",'Planificación 2026-1'!W:W,C7,'Planificación 2026-1'!G:G,"IN"))>0,"P06"," ") | BN7: =IF(SUM(COUNTIFS('Planificación 2026-1'!E:E,"HUAURA",'Planificación 2026-1'!W:W,C7,'Planificación 2026-1'!G:G,"CA"))>0,"P07"," ") | BO7: =IF(SUM(COUNTIFS('Planificación 2026-1'!E:E,"HUAURA",'Planificación 2026-1'!W:W,C7,'Planificación 2026-1'!G:G,"DE"))>0,"P08"," ") | BP7: =IF(SUM(COUNTIFS('Planificación 2026-1'!E:E,"HUAURA",'Planificación 2026-1'!W:W,C7,'Planificación 2026-1'!G:G,"OB"))>0,"P09"," ") | BQ7: =IF(SUM(COUNTIFS('Planificación 2026-1'!E:E,"HUAURA",'Planificación 2026-1'!W:W,C7,'Planificación 2026-1'!G:G,"MH"))>0,"P31"," ") | BR7: =IF(SUM(COUNTIFS('Planificación 2026-1'!E:E,"HUAURA",'Planificación 2026-1'!W:W,C7,'Planificación 2026-1'!G:G,"IC"))>0,"P32"," ") | BS7: =IF(SUM(COUNTIFS('Planificación 2026-1'!E:E,"HUAURA",'Planificación 2026-1'!W:W,C7,'Planificación 2026-1'!G:G,"AR"))>0,"P34"," ") | BT7: =IF(SUM(COUNTIFS('Planificación 2026-1'!E:E,"HUAURA",'Planificación 2026-1'!W:W,C7,'Planificación 2026-1'!G:G,"T1"))>0,"P35"," ") | BU7: =IF(SUM(COUNTIFS('Planificación 2026-1'!E:E,"HUAURA",'Planificación 2026-1'!W:W,C7,'Planificación 2026-1'!G:G,"T3"))>0,"P36"," ") | BV7: =IF(SUM(COUNTIFS('Planificación 2026-1'!E:E,"HUAURA",'Planificación 2026-1'!W:W,C7,'Planificación 2026-1'!G:G,"T2"))>0,"P37"," ") | BW7: =IF(SUM(COUNTIFS('Planificación 2026-1'!E:E,"HUAURA",'Planificación 2026-1'!W:W,C7,'Planificación 2026-1'!G:G,"AE"))>0,"P38"," ") | BX7: =IF(SUM(COUNTIFS('Planificación 2026-1'!E:E,"HUAURA",'Planificación 2026-1'!W:W,C7,'Planificación 2026-1'!G:G,"T4"))>0,"P55"," ") | BY7: =SUMIFS('Planificación 2026-1'!R:R,'Planificación 2026-1'!W:W,C7,'Planificación 2026-1'!G:G,"AF",'Planificación 2026-1'!H:H,">2") -> 0 | BZ7: =SUMIFS('Planificación 2026-1'!R:R,'Planificación 2026-1'!W:W,C7,'Planificación 2026-1'!G:G,"EN",'Planificación 2026-1'!H:H,">2") -> 0 | CA7: =SUMIFS('Planificación 2026-1'!R:R,'Planificación 2026-1'!W:W,C7,'Planificación 2026-1'!G:G,"IS",'Planificación 2026-1'!H:H,">2") -> 0 | CB7: =SUMIFS('Planificación 2026-1'!R:R,'Planificación 2026-1'!W:W,C7,'Planificación 2026-1'!G:G,"PS",'Planificación 2026-1'!H:H,">2") -> 0 | CC7: =SUMIFS('Planificación 2026-1'!R:R,'Planificación 2026-1'!W:W,C7,'Planificación 2026-1'!G:G,"IN",'Planificación 2026-1'!H:H,">2") -> 0 | CD7: =SUMIFS('Planificación 2026-1'!R:R,'Planificación 2026-1'!W:W,C7,'Planificación 2026-1'!G:G,"CA",'Planificación 2026-1'!H:H,">2") -> 0 | CE7: =SUMIFS('Planificación 2026-1'!R:R,'Planificación 2026-1'!W:W,C7,'Planificación 2026-1'!G:G,"DE",'Planificación 2026-1'!H:H,">2") -> 0 | CF7: =SUMIFS('Planificación 2026-1'!R:R,'Planificación 2026-1'!W:W,C7,'Planificación 2026-1'!G:G,"OB",'Planificación 2026-1'!H:H,">2") -> 0 | CG7: =SUMIFS('Planificación 2026-1'!R:R,'Planificación 2026-1'!W:W,C7,'Planificación 2026-1'!G:G,"MH",'Planificación 2026-1'!H:H,">2") -> 13 | CH7: =SUMIFS('Planificación 2026-1'!R:R,'Planificación 2026-1'!W:W,C7,'Planificación 2026-1'!G:G,"IC",'Planificación 2026-1'!H:H,">2") -> 0 | CI7: =SUMIFS('Planificación 2026-1'!R:R,'Planificación 2026-1'!W:W,C7,'Planificación 2026-1'!G:G,"AR",'Planificación 2026-1'!H:H,">2") -> 0 | CJ7: =SUMIFS('Planificación 2026-1'!R:R,'Planificación 2026-1'!W:W,C7,'Planificación 2026-1'!G:G,"T1",'Planificación 2026-1'!H:H,">2") -> 0 | CK7: =SUMIFS('Planificación 2026-1'!R:R,'Planificación 2026-1'!W:W,C7,'Planificación 2026-1'!G:G,"T3",'Planificación 2026-1'!H:H,">2") -> 0 | CL7: =SUMIFS('Planificación 2026-1'!R:R,'Planificación 2026-1'!W:W,C7,'Planificación 2026-1'!G:G,"T2",'Planificación 2026-1'!H:H,">2") -> 0 | CM7: =SUMIFS('Planificación 2026-1'!R:R,'Planificación 2026-1'!W:W,C7,'Planificación 2026-1'!G:G,"AE",'Planificación 2026-1'!H:H,">2") -> 0 | CN7: =SUMIFS('Planificación 2026-1'!R:R,'Planificación 2026-1'!W:W,C7,'Planificación 2026-1'!G:G,"T4",'Planificación 2026-1'!H:H,">2") -> 0 | CO7: =SUMIFS('Planificación 2026-1'!R:R,'Planificación 2026-1'!W:W,C7,'Planificación 2026-1'!G:G,"AF",'Planificación 2026-1'!H:H,"<3") -> 0 | CP7: =SUMIFS('Planificación 2026-1'!R:R,'Planificación 2026-1'!W:W,C7,'Planificación 2026-1'!G:G,"EN",'Planificación 2026-1'!H:H,"<3") -> 0 | CQ7: =SUMIFS('Planificación 2026-1'!R:R,'Planificación 2026-1'!W:W,C7,'Planificación 2026-1'!G:G,"IS",'Planificación 2026-1'!H:H,"<3") -> 0 | CR7: =SUMIFS('Planificación 2026-1'!R:R,'Planificación 2026-1'!W:W,C7,'Planificación 2026-1'!G:G,"PS",'Planificación 2026-1'!H:H,"<3") -> 0 | CS7: =SUMIFS('Planificación 2026-1'!R:R,'Planificación 2026-1'!W:W,C7,'Planificación 2026-1'!G:G,"IN",'Planificación 2026-1'!H:H,"<3") -> 0 | CT7: =SUMIFS('Planificación 2026-1'!R:R,'Planificación 2026-1'!W:W,C7,'Planificación 2026-1'!G:G,"CA",'Planificación 2026-1'!H:H,"<3") -> 0 | CU7: =SUMIFS('Planificación 2026-1'!R:R,'Planificación 2026-1'!W:W,C7,'Planificación 2026-1'!G:G,"DE",'Planificación 2026-1'!H:H,"<3") -> 0 | CV7: =SUMIFS('Planificación 2026-1'!R:R,'Planificación 2026-1'!W:W,C7,'Planificación 2026-1'!G:G,"OB",'Planificación 2026-1'!H:H,"<3") -> 0 | CW7: =SUMIFS('Planificación 2026-1'!R:R,'Planificación 2026-1'!W:W,C7,'Planificación 2026-1'!G:G,"MH",'Planificación 2026-1'!H:H,"<3") -> 4 | CX7: =SUMIFS('Planificación 2026-1'!R:R,'Planificación 2026-1'!W:W,C7,'Planificación 2026-1'!G:G,"IC",'Planificación 2026-1'!H:H,"<3") -> 0 | CY7: =SUMIFS('Planificación 2026-1'!R:R,'Planificación 2026-1'!W:W,C7,'Planificación 2026-1'!G:G,"AR",'Planificación 2026-1'!H:H,"<3") -> 0 | CZ7: =SUMIFS('Planificación 2026-1'!R:R,'Planificación 2026-1'!W:W,C7,'Planificación 2026-1'!G:G,"T1",'Planificación 2026-1'!H:H,"<3") -> 0 | DA7: =SUMIFS('Planificación 2026-1'!R:R,'Planificación 2026-1'!W:W,C7,'Planificación 2026-1'!G:G,"T3",'Planificación 2026-1'!H:H,"<3") -> 0 | DB7: =SUMIFS('Planificación 2026-1'!R:R,'Planificación 2026-1'!W:W,C7,'Planificación 2026-1'!G:G,"T2",'Planificación 2026-1'!H:H,"<3") -> 0 | DC7: =SUMIFS('Planificación 2026-1'!R:R,'Planificación 2026-1'!W:W,C7,'Planificación 2026-1'!G:G,"AE",'Planificación 2026-1'!H:H,"<3") -> 0 | DD7: =SUMIFS('Planificación 2026-1'!R:R,'Planificación 2026-1'!W:W,C7,'Planificación 2026-1'!G:G,"T4",'Planificación 2026-1'!H:H,"<3") -> 0 | DE7: =TRIM(CONCATENATE(I7,J7,K7,L7,M7,N7,O7,P7,Q7,R7,S7,T7,U7,V7,W7,X7,Y7)) | DF7: =IF(C7="","",SUMIFS('Planificación 2026-1'!R:R,'Planificación 2026-1'!W:W,C7,'Planificación 2026-1'!E:E,"PRINCIPAL",'Planificación 2026-1'!X:X,"VIRTUAL")) -> 0 | DG7: =IF(C7="","",SUMIFS('Planificación 2026-1'!R:R,'Planificación 2026-1'!W:W,C7,'Planificación 2026-1'!E:E,"PRINCIPAL",'Planificación 2026-1'!X:X,"PRESENCIAL")) -> 0 | DH7: =IF(C7="","",SUMIFS('Planificación 2026-1'!R:R,'Planificación 2026-1'!W:W,C7,'Planificación 2026-1'!E:E,"PRINCIPAL",'Planificación 2026-1'!X:X,"HIBRIDO PRESENCIAL")) -> 0 | DI7: =TRIM(CONCATENATE(Z7,AA7,AB7,AC7,AD7,AE7,AF7,AG7,AH7,AI7,AJ7,AK7,AL7,AM7,AN7,AO7,AP7)) | DJ7: =IF(C7="","",SUMIFS('Planificación 2026-1'!R:R,'Planificación 2026-1'!W:W,C7,'Planificación 2026-1'!E:E,"FILIAL",'Planificación 2026-1'!X:X,"VIRTUAL")) -> 0 | DK7: =IF(C7="","",SUMIFS('Planificación 2026-1'!R:R,'Planificación 2026-1'!W:W,C7,'Planificación 2026-1'!E:E,"FILIAL",'Planificación 2026-1'!X:X,"PRESENCIAL")) -> 0 | DL7: =IF(C7="","",SUMIFS('Planificación 2026-1'!R:R,'Planificación 2026-1'!W:W,C7,'Planificación 2026-1'!E:E,"FILIAL",'Planificación 2026-1'!X:X,"HIBRIDO PRESENCIAL")) -> 0 | DM7: =TRIM(CONCATENATE(AQ7,AR7,AS7,AT7,AU7,AV7,AW7,AX7,AY7,AZ7,BA7,BB7,BC7,BD7,BE7,BF7,BG7)) | DN7: =IF(C7="","",SUMIFS('Planificación 2026-1'!R:R,'Planificación 2026-1'!W:W,C7,'Planificación 2026-1'!E:E,"SUNAMPE",'Planificación 2026-1'!X:X,"VIRTUAL")) -> 0 | DO7: =IF(C7="","",SUMIFS('Planificación 2026-1'!R:R,'Planificación 2026-1'!W:W,C7,'Planificación 2026-1'!E:E,"SUNAMPE",'Planificación 2026-1'!X:X,"PRESENCIAL")) -> 0 | DP7: =TRIM(CONCATENATE(BH7,BI7,BJ7,BK7,BL7,BM7,BN7,BO7,BP7,BQ7,BR7,BS7,BT7,BU7,BV7,BW7,BX7)) | DQ7: =IF(C7="","",SUMIFS('Planificación 2026-1'!R:R,'Planificación 2026-1'!W:W,C7,'Planificación 2026-1'!E:E,"HUAURA",'Planificación 2026-1'!X:X,"VIRTUAL")) -> 0 | DR7: =IF(C7="","",SUMIFS('Planificación 2026-1'!R:R,'Planificación 2026-1'!W:W,C7,'Planificación 2026-1'!E:E,"HUAURA",'Planificación 2026-1'!X:X,"PRESENCIAL")) -> 0 | DS7: =SUMIFS('Planificación 2026-1'!R:R,'Planificación 2026-1'!W:W,C7,'Planificación 2026-1'!E:E,"PRINCIPAL",'Planificación 2026-1'!X:X,"VIRTUAL",'Planificación 2026-1'!H:H,">2") -> 0 | DT7: =SUMIFS('Planificación 2026-1'!R:R,'Planificación 2026-1'!W:W,C7,'Planificación 2026-1'!E:E,"PRINCIPAL",'Planificación 2026-1'!X:X,"<>VIRTUAL",'Planificación 2026-1'!H:H,">2") -> 0 | DU7: =SUMIFS('Planificación 2026-1'!R:R,'Planificación 2026-1'!W:W,C7,'Planificación 2026-1'!E:E,"SUNAMPE",'Planificación 2026-1'!X:X,"VIRTUAL",'Planificación 2026-1'!H:H,">2") -> 0 | DV7: =SUMIFS('Planificación 2026-1'!R:R,'Planificación 2026-1'!W:W,C7,'Planificación 2026-1'!E:E,"SUNAMPE",'Planificación 2026-1'!X:X,"<>VIRTUAL",'Planificación 2026-1'!H:H,">2") -> 0 | DW7: =SUMIFS('Planificación 2026-1'!R:R,'Planificación 2026-1'!W:W,C7,'Planificación 2026-1'!E:E,"FILIAL",'Planificación 2026-1'!X:X,"VIRTUAL",'Planificación 2026-1'!H:H,">2") -> 0 | DX7: =SUMIFS('Planificación 2026-1'!R:R,'Planificación 2026-1'!W:W,C7,'Planificación 2026-1'!E:E,"FILIAL",'Planificación 2026-1'!X:X,"<>VIRTUAL",'Planificación 2026-1'!H:H,">2") -> 0 | DY7: =SUMIFS('Planificación 2026-1'!R:R,'Planificación 2026-1'!W:W,C7,'Planificación 2026-1'!E:E,"PORUMA",'Planificación 2026-1'!X:X,"VIRTUAL",'Planificación 2026-1'!H:H,">2") -> 4 | DZ7: =SUMIFS('Planificación 2026-1'!R:R,'Planificación 2026-1'!W:W,C7,'Planificación 2026-1'!E:E,"PORUMA",'Planificación 2026-1'!X:X,"<>VIRTUAL",'Planificación 2026-1'!H:H,">2") -> 9 | EA7: =SUMIFS('Planificación 2026-1'!R:R,'Planificación 2026-1'!W:W,C7,'Planificación 2026-1'!E:E,"HUAURA",'Planificación 2026-1'!X:X,"VIRTUAL",'Planificación 2026-1'!H:H,">2") -> 0 | EB7: =SUMIFS('Planificación 2026-1'!R:R,'Planificación 2026-1'!W:W,C7,'Planificación 2026-1'!E:E,"HUAURA",'Planificación 2026-1'!X:X,"<>VIRTUAL",'Planificación 2026-1'!H:H,">2") -> 0 | EC7: =SUMIFS('Planificación 2026-1'!R:R,'Planificación 2026-1'!W:W,C7,'Planificación 2026-1'!E:E,"PRINCIPAL",'Planificación 2026-1'!X:X,"VIRTUAL",'Planificación 2026-1'!H:H,"<3") -> 0 | ED7: =SUMIFS('Planificación 2026-1'!R:R,'Planificación 2026-1'!W:W,C7,'Planificación 2026-1'!E:E,"PRINCIPAL",'Planificación 2026-1'!X:X,"<>VIRTUAL",'Planificación 2026-1'!H:H,"<3") -> 0 | EE7: =SUMIFS('Planificación 2026-1'!R:R,'Planificación 2026-1'!W:W,C7,'Planificación 2026-1'!E:E,"SUNAMPE",'Planificación 2026-1'!X:X,"VIRTUAL",'Planificación 2026-1'!H:H,"<3") -> 0 | EF7: =SUMIFS('Planificación 2026-1'!R:R,'Planificación 2026-1'!W:W,C7,'Planificación 2026-1'!E:E,"SUNAMPE",'Planificación 2026-1'!X:X,"<>VIRTUAL",'Planificación 2026-1'!H:H,"<3") -> 0 | EG7: =SUMIFS('Planificación 2026-1'!R:R,'Planificación 2026-1'!W:W,C7,'Planificación 2026-1'!E:E,"FILIAL",'Planificación 2026-1'!X:X,"VIRTUAL",'Planificación 2026-1'!H:H,"<3") -> 0 | EH7: =SUMIFS('Planificación 2026-1'!R:R,'Planificación 2026-1'!W:W,C7,'Planificación 2026-1'!E:E,"FILIAL",'Planificación 2026-1'!X:X,"<>VIRTUAL",'Planificación 2026-1'!H:H,"<3") -> 0 | EI7: =SUMIFS('Planificación 2026-1'!R:R,'Planificación 2026-1'!W:W,C7,'Planificación 2026-1'!E:E,"PORUMA",'Planificación 2026-1'!X:X,"VIRTUAL",'Planificación 2026-1'!H:H,"<3") -> 0 | EJ7: =SUMIFS('Planificación 2026-1'!R:R,'Planificación 2026-1'!W:W,C7,'Planificación 2026-1'!E:E,"PORUMA",'Planificación 2026-1'!X:X,"<>VIRTUAL",'Planificación 2026-1'!H:H,"<3") -> 4 | EK7: =SUMIFS('Planificación 2026-1'!R:R,'Planificación 2026-1'!W:W,C7,'Planificación 2026-1'!E:E,"HUAURA",'Planificación 2026-1'!X:X,"VIRTUAL",'Planificación 2026-1'!H:H,"<3") -> 0 | EL7: =SUMIFS('Planificación 2026-1'!R:R,'Planificación 2026-1'!W:W,C7,'Planificación 2026-1'!E:E,"HUAURA",'Planificación 2026-1'!X:X,"<>VIRTUAL",'Planificación 2026-1'!H:H,"<3") -> 0 | EM7: =EG7+DW7+DX7+EH7 -> 0 | EN7: =EL7+EK7+EB7+EA7 -> 0 | EO7: =EI7+EJ7+DZ7+DY7 -> 17 | EP7: =ED7+EC7+DT7+DS7 -> 0 | EQ7: =EF7+EE7+DV7+DU7 -> 0 | ES7: =DS7+DW7+EA7+EC7+EG7+EK7+DU7+EE7 -> 0 | ET7: =DT7+DX7+EB7+ED7+EH7+EL7+DV7+EF7 -> 0 | EU7: =EXACT(SUM(ES7:ET7),D7) -> FALSE | EV7: =IF(AND(DT7=0,DX7=0,EB7=0),"",IF(COUNTIF(DS7:EB7,">0")=1,IF(DT7+DS7>0,"SEDE",IF(DX7+DW7>0,"FILIAL","HUAURA")),IF(COUNTIF(DS7:EB7,">0")=2,IF(AND(DT7+DS7>0,DX7+DW7>0),"SEDE-FILIAL",IF(AND(DT7>0,EB7>0),"SEDE-HUAURA","FILIAL-HUAURA")),"SEDE-FILIAL-HUAURA"))) | EW7: =IF(ES7=0,"PRESENCIAL",IF(ET7=0,"VIRTUAL",IF(ES7>ET7,"MAS VIRTUAL",IF(ET7>ES7,"MAS PRESENCIAL","AMBOS")))) -> PRESENCIAL
B8: 5 | C8: ANCAJIMA RUIZ ANDREA BETTY | D8: =SUMIF('Planificación 2026-1'!W:W,C8,'Planificación 2026-1'!R:R) -> 15 | E8: TP | F8: RENOVACIÓN | G8: FILIAL | H8: ENFERMERÍA - EEGG | I8: =IF(SUM(COUNTIFS('Planificación 2026-1'!E:E,"PRINCIPAL",'Planificación 2026-1'!W:W,C8,'Planificación 2026-1'!G:G,"AF"))>0,"P01"," ") | J8: =IF(SUM(COUNTIFS('Planificación 2026-1'!E:E,"PRINCIPAL",'Planificación 2026-1'!W:W,C8,'Planificación 2026-1'!G:G,"EN"))>0,"P02"," ") | K8: =IF(SUM(COUNTIFS('Planificación 2026-1'!E:E,"PRINCIPAL",'Planificación 2026-1'!W:W,C8,'Planificación 2026-1'!G:G,"IS"))>0,"P03"," ") | L8: =IF(SUM(COUNTIFS('Planificación 2026-1'!E:E,"PRINCIPAL",'Planificación 2026-1'!W:W,C8,'Planificación 2026-1'!G:G,"PS"))>0,"P04"," ") | N8: =IF(SUM(COUNTIFS('Planificación 2026-1'!E:E,"PRINCIPAL",'Planificación 2026-1'!W:W,C8,'Planificación 2026-1'!G:G,"IN"))>0,"P06"," ") | O8: =IF(SUM(COUNTIFS('Planificación 2026-1'!E:E,"PRINCIPAL",'Planificación 2026-1'!W:W,C8,'Planificación 2026-1'!G:G,"CA"))>0,"P07"," ") | P8: =IF(SUM(COUNTIFS('Planificación 2026-1'!E:E,"PRINCIPAL",'Planificación 2026-1'!W:W,C8,'Planificación 2026-1'!G:G,"DE"))>0,"P08"," ") | Q8: =IF(SUM(COUNTIFS('Planificación 2026-1'!E:E,"PRINCIPAL",'Planificación 2026-1'!W:W,C8,'Planificación 2026-1'!G:G,"OB"))>0,"P09"," ") | R8: =IF(SUM(COUNTIFS('Planificación 2026-1'!E:E,"PRINCIPAL",'Planificación 2026-1'!W:W,C8,'Planificación 2026-1'!G:G,"MH"))>0,"P31"," ") | S8: =IF(SUM(COUNTIFS('Planificación 2026-1'!E:E,"PRINCIPAL",'Planificación 2026-1'!W:W,C8,'Planificación 2026-1'!G:G,"IC"))>0,"P32"," ") | T8: =IF(SUM(COUNTIFS('Planificación 2026-1'!E:E,"PRINCIPAL",'Planificación 2026-1'!W:W,C8,'Planificación 2026-1'!G:G,"AR"))>0,"P34"," ") | U8: =IF(SUM(COUNTIFS('Planificación 2026-1'!E:E,"PRINCIPAL",'Planificación 2026-1'!W:W,C8,'Planificación 2026-1'!G:G,"T1"))>0,"P35"," ") | V8: =IF(SUM(COUNTIFS('Planificación 2026-1'!E:E,"PRINCIPAL",'Planificación 2026-1'!W:W,C8,'Planificación 2026-1'!G:G,"T3"))>0,"P36"," ") | W8: =IF(SUM(COUNTIFS('Planificación 2026-1'!E:E,"PRINCIPAL",'Planificación 2026-1'!W:W,C8,'Planificación 2026-1'!G:G,"T2"))>0,"P37"," ") | X8: =IF(SUM(COUNTIFS('Planificación 2026-1'!E:E,"PRINCIPAL",'Planificación 2026-1'!W:W,C8,'Planificación 2026-1'!G:G,"AE"))>0,"P38"," ") | Y8: =IF(SUM(COUNTIFS('Planificación 2026-1'!E:E,"PRINCIPAL",'Planificación 2026-1'!W:W,C8,'Planificación 2026-1'!G:G,"T4"))>0,"P55"," ") | Z8: =IF(SUM(COUNTIFS('Planificación 2026-1'!E:E,"FILIAL",'Planificación 2026-1'!W:W,C8,'Planificación 2026-1'!G:G,"AF"))>0," P01"," ") | AA8: =IF(SUM(COUNTIFS('Planificación 2026-1'!E:E,"FILIAL",'Planificación 2026-1'!W:W,C8,'Planificación 2026-1'!G:G,"EN"))>0,"P02"," ") -> P02 | AB8: =IF(SUM(COUNTIFS('Planificación 2026-1'!E:E,"FILIAL",'Planificación 2026-1'!W:W,C8,'Planificación 2026-1'!G:G,"IS"))>0,"P03"," ") | AC8: =IF(SUM(COUNTIFS('Planificación 2026-1'!E:E,"FILIAL",'Planificación 2026-1'!W:W,C8,'Planificación 2026-1'!G:G,"PS"))>0,"P04"," ") -> P04 | AE8: =IF(SUM(COUNTIFS('Planificación 2026-1'!E:E,"FILIAL",'Planificación 2026-1'!W:W,C8,'Planificación 2026-1'!G:G,"IN"))>0,"P06"," ") | AF8: =IF(SUM(COUNTIFS('Planificación 2026-1'!E:E,"FILIAL",'Planificación 2026-1'!W:W,C8,'Planificación 2026-1'!G:G,"CA"))>0,"P07"," ") | AG8: =IF(SUM(COUNTIFS('Planificación 2026-1'!E:E,"FILIAL",'Planificación 2026-1'!W:W,C8,'Planificación 2026-1'!G:G,"DE"))>0,"P08"," ") | AH8: =IF(SUM(COUNTIFS('Planificación 2026-1'!E:E,"FILIAL",'Planificación 2026-1'!W:W,C8,'Planificación 2026-1'!G:G,"OB"))>0,"P09"," ") | AI8: =IF(SUM(COUNTIFS('Planificación 2026-1'!E:E,"FILIAL",'Planificación 2026-1'!W:W,C8,'Planificación 2026-1'!G:G,"MH"))>0,"P31"," ") | AJ8: =IF(SUM(COUNTIFS('Planificación 2026-1'!E:E,"FILIAL",'Planificación 2026-1'!W:W,C8,'Planificación 2026-1'!G:G,"IC"))>0,"P32"," ") | AK8: =IF(SUM(COUNTIFS('Planificación 2026-1'!E:E,"FILIAL",'Planificación 2026-1'!W:W,C8,'Planificación 2026-1'!G:G,"AR"))>0,"P34"," ") | AL8: =IF(SUM(COUNTIFS('Planificación 2026-1'!E:E,"FILIAL",'Planificación 2026-1'!W:W,C8,'Planificación 2026-1'!G:G,"T1"))>0,"P35"," ") -> P35 | AM8: =IF(SUM(COUNTIFS('Planificación 2026-1'!E:E,"FILIAL",'Planificación 2026-1'!W:W,C8,'Planificación 2026-1'!G:G,"T3"))>0,"P36"," ") -> P36 | AN8: =IF(SUM(COUNTIFS('Planificación 2026-1'!E:E,"FILIAL",'Planificación 2026-1'!W:W,C8,'Planificación 2026-1'!G:G,"T2"))>0,"P37"," ") | AO8: =IF(SUM(COUNTIFS('Planificación 2026-1'!E:E,"FILIAL",'Planificación 2026-1'!W:W,C8,'Planificación 2026-1'!G:G,"AE"))>0,"P38"," ") | AP8: =IF(SUM(COUNTIFS('Planificación 2026-1'!E:E,"FILIAL",'Planificación 2026-1'!W:W,C8,'Planificación 2026-1'!G:G,"T4"))>0,"P55"," ") | AQ8: =IF(SUM(COUNTIFS('Planificación 2026-1'!E:E,"SUNAMPE",'Planificación 2026-1'!W:W,C8,'Planificación 2026-1'!G:G,"AF"))>0," P01"," ") | AR8: =IF(SUM(COUNTIFS('Planificación 2026-1'!E:E,"SUNAMPE",'Planificación 2026-1'!W:W,C8,'Planificación 2026-1'!G:G,"EN"))>0,"P02"," ") | AS8: =IF(SUM(COUNTIFS('Planificación 2026-1'!E:E,"SUNAMPE",'Planificación 2026-1'!W:W,C8,'Planificación 2026-1'!G:G,"IS"))>0,"P03"," ") | AT8: =IF(SUM(COUNTIFS('Planificación 2026-1'!E:E,"SUNAMPE",'Planificación 2026-1'!W:W,C8,'Planificación 2026-1'!G:G,"PS"))>0,"P04"," ") | AV8: =IF(SUM(COUNTIFS('Planificación 2026-1'!E:E,"SUNAMPE",'Planificación 2026-1'!W:W,C8,'Planificación 2026-1'!G:G,"IN"))>0,"P06"," ") | AW8: =IF(SUM(COUNTIFS('Planificación 2026-1'!E:E,"SUNAMPE",'Planificación 2026-1'!W:W,C8,'Planificación 2026-1'!G:G,"CA"))>0,"P07"," ") | AX8: =IF(SUM(COUNTIFS('Planificación 2026-1'!E:E,"SUNAMPE",'Planificación 2026-1'!W:W,C8,'Planificación 2026-1'!G:G,"DE"))>0,"P08"," ") | AY8: =IF(SUM(COUNTIFS('Planificación 2026-1'!E:E,"SUNAMPE",'Planificación 2026-1'!W:W,C8,'Planificación 2026-1'!G:G,"OB"))>0,"P09"," ") | AZ8: =IF(SUM(COUNTIFS('Planificación 2026-1'!E:E,"SUNAMPE",'Planificación 2026-1'!W:W,C8,'Planificación 2026-1'!G:G,"MH"))>0,"P31"," ") | BA8: =IF(SUM(COUNTIFS('Planificación 2026-1'!E:E,"SUNAMPE",'Planificación 2026-1'!W:W,C8,'Planificación 2026-1'!G:G,"IC"))>0,"P32"," ") | BB8: =IF(SUM(COUNTIFS('Planificación 2026-1'!E:E,"SUNAMPE",'Planificación 2026-1'!W:W,C8,'Planificación 2026-1'!G:G,"AR"))>0,"P34"," ") | BC8: =IF(SUM(COUNTIFS('Planificación 2026-1'!E:E,"SUNAMPE",'Planificación 2026-1'!W:W,C8,'Planificación 2026-1'!G:G,"T1"))>0,"P35"," ") | BD8: =IF(SUM(COUNTIFS('Planificación 2026-1'!E:E,"SUNAMPE",'Planificación 2026-1'!W:W,C8,'Planificación 2026-1'!G:G,"T3"))>0,"P36"," ") | BE8: =IF(SUM(COUNTIFS('Planificación 2026-1'!E:E,"SUNAMPE",'Planificación 2026-1'!W:W,C8,'Planificación 2026-1'!G:G,"T2"))>0,"P37"," ") | BF8: =IF(SUM(COUNTIFS('Planificación 2026-1'!E:E,"SUNAMPE",'Planificación 2026-1'!W:W,C8,'Planificación 2026-1'!G:G,"AE"))>0,"P38"," ") | BG8: =IF(SUM(COUNTIFS('Planificación 2026-1'!E:E,"SUNAMPE",'Planificación 2026-1'!W:W,C8,'Planificación 2026-1'!G:G,"T4"))>0,"P55"," ") | BH8: =IF(SUM(COUNTIFS('Planificación 2026-1'!E:E,"HUAURA",'Planificación 2026-1'!W:W,C8,'Planificación 2026-1'!G:G,"AF"))>0," P01"," ") | BI8: =IF(SUM(COUNTIFS('Planificación 2026-1'!E:E,"HUAURA",'Planificación 2026-1'!W:W,C8,'Planificación 2026-1'!G:G,"EN"))>0,"P02"," ") | BJ8: =IF(SUM(COUNTIFS('Planificación 2026-1'!E:E,"HUAURA",'Planificación 2026-1'!W:W,C8,'Planificación 2026-1'!G:G,"IS"))>0,"P03"," ") | BK8: =IF(SUM(COUNTIFS('Planificación 2026-1'!E:E,"HUAURA",'Planificación 2026-1'!W:W,C8,'Planificación 2026-1'!G:G,"PS"))>0,"P04"," ") | BM8: =IF(SUM(COUNTIFS('Planificación 2026-1'!E:E,"HUAURA",'Planificación 2026-1'!W:W,C8,'Planificación 2026-1'!G:G,"IN"))>0,"P06"," ") | BN8: =IF(SUM(COUNTIFS('Planificación 2026-1'!E:E,"HUAURA",'Planificación 2026-1'!W:W,C8,'Planificación 2026-1'!G:G,"CA"))>0,"P07"," ") | BO8: =IF(SUM(COUNTIFS('Planificación 2026-1'!E:E,"HUAURA",'Planificación 2026-1'!W:W,C8,'Planificación 2026-1'!G:G,"DE"))>0,"P08"," ") | BP8: =IF(SUM(COUNTIFS('Planificación 2026-1'!E:E,"HUAURA",'Planificación 2026-1'!W:W,C8,'Planificación 2026-1'!G:G,"OB"))>0,"P09"," ") | BQ8: =IF(SUM(COUNTIFS('Planificación 2026-1'!E:E,"HUAURA",'Planificación 2026-1'!W:W,C8,'Planificación 2026-1'!G:G,"MH"))>0,"P31"," ") | BR8: =IF(SUM(COUNTIFS('Planificación 2026-1'!E:E,"HUAURA",'Planificación 2026-1'!W:W,C8,'Planificación 2026-1'!G:G,"IC"))>0,"P32"," ") | BS8: =IF(SUM(COUNTIFS('Planificación 2026-1'!E:E,"HUAURA",'Planificación 2026-1'!W:W,C8,'Planificación 2026-1'!G:G,"AR"))>0,"P34"," ") | BT8: =IF(SUM(COUNTIFS('Planificación 2026-1'!E:E,"HUAURA",'Planificación 2026-1'!W:W,C8,'Planificación 2026-1'!G:G,"T1"))>0,"P35"," ") | BU8: =IF(SUM(COUNTIFS('Planificación 2026-1'!E:E,"HUAURA",'Planificación 2026-1'!W:W,C8,'Planificación 2026-1'!G:G,"T3"))>0,"P36"," ") | BV8: =IF(SUM(COUNTIFS('Planificación 2026-1'!E:E,"HUAURA",'Planificación 2026-1'!W:W,C8,'Planificación 2026-1'!G:G,"T2"))>0,"P37"," ") | BW8: =IF(SUM(COUNTIFS('Planificación 2026-1'!E:E,"HUAURA",'Planificación 2026-1'!W:W,C8,'Planificación 2026-1'!G:G,"AE"))>0,"P38"," ") | BX8: =IF(SUM(COUNTIFS('Planificación 2026-1'!E:E,"HUAURA",'Planificación 2026-1'!W:W,C8,'Planificación 2026-1'!G:G,"T4"))>0,"P55"," ") | BY8: =SUMIFS('Planificación 2026-1'!R:R,'Planificación 2026-1'!W:W,C8,'Planificación 2026-1'!G:G,"AF",'Planificación 2026-1'!H:H,">2") -> 0 | BZ8: =SUMIFS('Planificación 2026-1'!R:R,'Planificación 2026-1'!W:W,C8,'Planificación 2026-1'!G:G,"EN",'Planificación 2026-1'!H:H,">2") -> 0 | CA8: =SUMIFS('Planificación 2026-1'!R:R,'Planificación 2026-1'!W:W,C8,'Planificación 2026-1'!G:G,"IS",'Planificación 2026-1'!H:H,">2") -> 0 | CB8: =SUMIFS('Planificación 2026-1'!R:R,'Planificación 2026-1'!W:W,C8,'Planificación 2026-1'!G:G,"PS",'Planificación 2026-1'!H:H,">2") -> 0 | CC8: =SUMIFS('Planificación 2026-1'!R:R,'Planificación 2026-1'!W:W,C8,'Planificación 2026-1'!G:G,"IN",'Planificación 2026-1'!H:H,">2") -> 0 | CD8: =SUMIFS('Planificación 2026-1'!R:R,'Planificación 2026-1'!W:W,C8,'Planificación 2026-1'!G:G,"CA",'Planificación 2026-1'!H:H,">2") -> 0 | CE8: =SUMIFS('Planificación 2026-1'!R:R,'Planificación 2026-1'!W:W,C8,'Planificación 2026-1'!G:G,"DE",'Planificación 2026-1'!H:H,">2") -> 0 | CF8: =SUMIFS('Planificación 2026-1'!R:R,'Planificación 2026-1'!W:W,C8,'Planificación 2026-1'!G:G,"OB",'Planificación 2026-1'!H:H,">2") -> 0 | CG8: =SUMIFS('Planificación 2026-1'!R:R,'Planificación 2026-1'!W:W,C8,'Planificación 2026-1'!G:G,"MH",'Planificación 2026-1'!H:H,">2") -> 0 | CH8: =SUMIFS('Planificación 2026-1'!R:R,'Planificación 2026-1'!W:W,C8,'Planificación 2026-1'!G:G,"IC",'Planificación 2026-1'!H:H,">2") -> 0 | CI8: =SUMIFS('Planificación 2026-1'!R:R,'Planificación 2026-1'!W:W,C8,'Planificación 2026-1'!G:G,"AR",'Planificación 2026-1'!H:H,">2") -> 0 | CJ8: =SUMIFS('Planificación 2026-1'!R:R,'Planificación 2026-1'!W:W,C8,'Planificación 2026-1'!G:G,"T1",'Planificación 2026-1'!H:H,">2") -> 0 | CK8: =SUMIFS('Planificación 2026-1'!R:R,'Planificación 2026-1'!W:W,C8,'Planificación 2026-1'!G:G,"T3",'Planificación 2026-1'!H:H,">2") -> 0 | CL8: =SUMIFS('Planificación 2026-1'!R:R,'Planificación 2026-1'!W:W,C8,'Planificación 2026-1'!G:G,"T2",'Planificación 2026-1'!H:H,">2") -> 0 | CM8: =SUMIFS('Planificación 2026-1'!R:R,'Planificación 2026-1'!W:W,C8,'Planificación 2026-1'!G:G,"AE",'Planificación 2026-1'!H:H,">2") -> 0 | CN8: =SUMIFS('Planificación 2026-1'!R:R,'Planificación 2026-1'!W:W,C8,'Planificación 2026-1'!G:G,"T4",'Planificación 2026-1'!H:H,">2") -> 0 | CO8: =SUMIFS('Planificación 2026-1'!R:R,'Planificación 2026-1'!W:W,C8,'Planificación 2026-1'!G:G,"AF",'Planificación 2026-1'!H:H,"<3") -> 0 | CP8: =SUMIFS('Planificación 2026-1'!R:R,'Planificación 2026-1'!W:W,C8,'Planificación 2026-1'!G:G,"EN",'Planificación 2026-1'!H:H,"<3") -> 5 | CQ8: =SUMIFS('Planificación 2026-1'!R:R,'Planificación 2026-1'!W:W,C8,'Planificación 2026-1'!G:G,"IS",'Planificación 2026-1'!H:H,"<3") -> 0 | CR8: =SUMIFS('Planificación 2026-1'!R:R,'Planificación 2026-1'!W:W,C8,'Planificación 2026-1'!G:G,"PS",'Planificación 2026-1'!H:H,"<3") -> 5 | CS8: =SUMIFS('Planificación 2026-1'!R:R,'Planificación 2026-1'!W:W,C8,'Planificación 2026-1'!G:G,"IN",'Planificación 2026-1'!H:H,"<3") -> 0 | CT8: =SUMIFS('Planificación 2026-1'!R:R,'Planificación 2026-1'!W:W,C8,'Planificación 2026-1'!G:G,"CA",'Planificación 2026-1'!H:H,"<3") -> 0 | CU8: =SUMIFS('Planificación 2026-1'!R:R,'Planificación 2026-1'!W:W,C8,'Planificación 2026-1'!G:G,"DE",'Planificación 2026-1'!H:H,"<3") -> 0 | CV8: =SUMIFS('Planificación 2026-1'!R:R,'Planificación 2026-1'!W:W,C8,'Planificación 2026-1'!G:G,"OB",'Planificación 2026-1'!H:H,"<3") -> 0 | CW8: =SUMIFS('Planificación 2026-1'!R:R,'Planificación 2026-1'!W:W,C8,'Planificación 2026-1'!G:G,"MH",'Planificación 2026-1'!H:H,"<3") -> 0 | CX8: =SUMIFS('Planificación 2026-1'!R:R,'Planificación 2026-1'!W:W,C8,'Planificación 2026-1'!G:G,"IC",'Planificación 2026-1'!H:H,"<3") -> 0 | CY8: =SUMIFS('Planificación 2026-1'!R:R,'Planificación 2026-1'!W:W,C8,'Planificación 2026-1'!G:G,"AR",'Planificación 2026-1'!H:H,"<3") -> 0 | CZ8: =SUMIFS('Planificación 2026-1'!R:R,'Planificación 2026-1'!W:W,C8,'Planificación 2026-1'!G:G,"T1",'Planificación 2026-1'!H:H,"<3") -> 5 | DA8: =SUMIFS('Planificación 2026-1'!R:R,'Planificación 2026-1'!W:W,C8,'Planificación 2026-1'!G:G,"T3",'Planificación 2026-1'!H:H,"<3") -> 0 | DB8: =SUMIFS('Planificación 2026-1'!R:R,'Planificación 2026-1'!W:W,C8,'Planificación 2026-1'!G:G,"T2",'Planificación 2026-1'!H:H,"<3") -> 0 | DC8: =SUMIFS('Planificación 2026-1'!R:R,'Planificación 2026-1'!W:W,C8,'Planificación 2026-1'!G:G,"AE",'Planificación 2026-1'!H:H,"<3") -> 0 | DD8: =SUMIFS('Planificación 2026-1'!R:R,'Planificación 2026-1'!W:W,C8,'Planificación 2026-1'!G:G,"T4",'Planificación 2026-1'!H:H,"<3") -> 0 | DE8: =TRIM(CONCATENATE(I8,J8,K8,L8,M8,N8,O8,P8,Q8,R8,S8,T8,U8,V8,W8,X8,Y8)) | DF8: =IF(C8="","",SUMIFS('Planificación 2026-1'!R:R,'Planificación 2026-1'!W:W,C8,'Planificación 2026-1'!E:E,"PRINCIPAL",'Planificación 2026-1'!X:X,"VIRTUAL")) -> 0 | DG8: =IF(C8="","",SUMIFS('Planificación 2026-1'!R:R,'Planificación 2026-1'!W:W,C8,'Planificación 2026-1'!E:E,"PRINCIPAL",'Planificación 2026-1'!X:X,"PRESENCIAL")) -> 0 | DH8: =IF(C8="","",SUMIFS('Planificación 2026-1'!R:R,'Planificación 2026-1'!W:W,C8,'Planificación 2026-1'!E:E,"PRINCIPAL",'Planificación 2026-1'!X:X,"HIBRIDO PRESENCIAL")) -> 0 | DI8: =TRIM(CONCATENATE(Z8,AA8,AB8,AC8,AD8,AE8,AF8,AG8,AH8,AI8,AJ8,AK8,AL8,AM8,AN8,AO8,AP8)) -> P02 P04 P35P36 | DJ8: =IF(C8="","",SUMIFS('Planificación 2026-1'!R:R,'Planificación 2026-1'!W:W,C8,'Planificación 2026-1'!E:E,"FILIAL",'Planificación 2026-1'!X:X,"VIRTUAL")) -> 5 | DK8: =IF(C8="","",SUMIFS('Planificación 2026-1'!R:R,'Planificación 2026-1'!W:W,C8,'Planificación 2026-1'!E:E,"FILIAL",'Planificación 2026-1'!X:X,"PRESENCIAL")) -> 10 | DL8: =IF(C8="","",SUMIFS('Planificación 2026-1'!R:R,'Planificación 2026-1'!W:W,C8,'Planificación 2026-1'!E:E,"FILIAL",'Planificación 2026-1'!X:X,"HIBRIDO PRESENCIAL")) -> 0 | DM8: =TRIM(CONCATENATE(AQ8,AR8,AS8,AT8,AU8,AV8,AW8,AX8,AY8,AZ8,BA8,BB8,BC8,BD8,BE8,BF8,BG8)) | DN8: =IF(C8="","",SUMIFS('Planificación 2026-1'!R:R,'Planificación 2026-1'!W:W,C8,'Planificación 2026-1'!E:E,"SUNAMPE",'Planificación 2026-1'!X:X,"VIRTUAL")) -> 0 | DO8: =IF(C8="","",SUMIFS('Planificación 2026-1'!R:R,'Planificación 2026-1'!W:W,C8,'Planificación 2026-1'!E:E,"SUNAMPE",'Planificación 2026-1'!X:X,"PRESENCIAL")) -> 0 | DP8: =TRIM(CONCATENATE(BH8,BI8,BJ8,BK8,BL8,BM8,BN8,BO8,BP8,BQ8,BR8,BS8,BT8,BU8,BV8,BW8,BX8)) | DQ8: =IF(C8="","",SUMIFS('Planificación 2026-1'!R:R,'Planificación 2026-1'!W:W,C8,'Planificación 2026-1'!E:E,"HUAURA",'Planificación 2026-1'!X:X,"VIRTUAL")) -> 0 | DR8: =IF(C8="","",SUMIFS('Planificación 2026-1'!R:R,'Planificación 2026-1'!W:W,C8,'Planificación 2026-1'!E:E,"HUAURA",'Planificación 2026-1'!X:X,"PRESENCIAL")) -> 0 | DS8: =SUMIFS('Planificación 2026-1'!R:R,'Planificación 2026-1'!W:W,C8,'Planificación 2026-1'!E:E,"PRINCIPAL",'Planificación 2026-1'!X:X,"VIRTUAL",'Planificación 2026-1'!H:H,">2") -> 0 | DT8: =SUMIFS('Planificación 2026-1'!R:R,'Planificación 2026-1'!W:W,C8,'Planificación 2026-1'!E:E,"PRINCIPAL",'Planificación 2026-1'!X:X,"<>VIRTUAL",'Planificación 2026-1'!H:H,">2") -> 0 | DU8: =SUMIFS('Planificación 2026-1'!R:R,'Planificación 2026-1'!W:W,C8,'Planificación 2026-1'!E:E,"SUNAMPE",'Planificación 2026-1'!X:X,"VIRTUAL",'Planificación 2026-1'!H:H,">2") -> 0 | DV8: =SUMIFS('Planificación 2026-1'!R:R,'Planificación 2026-1'!W:W,C8,'Planificación 2026-1'!E:E,"SUNAMPE",'Planificación 2026-1'!X:X,"<>VIRTUAL",'Planificación 2026-1'!H:H,">2") -> 0 | DW8: =SUMIFS('Planificación 2026-1'!R:R,'Planificación 2026-1'!W:W,C8,'Planificación 2026-1'!E:E,"FILIAL",'Planificación 2026-1'!X:X,"VIRTUAL",'Planificación 2026-1'!H:H,">2") -> 0 | DX8: =SUMIFS('Planificación 2026-1'!R:R,'Planificación 2026-1'!W:W,C8,'Planificación 2026-1'!E:E,"FILIAL",'Planificación 2026-1'!X:X,"<>VIRTUAL",'Planificación 2026-1'!H:H,">2") -> 0 | DY8: =SUMIFS('Planificación 2026-1'!R:R,'Planificación 2026-1'!W:W,C8,'Planificación 2026-1'!E:E,"PORUMA",'Planificación 2026-1'!X:X,"VIRTUAL",'Planificación 2026-1'!H:H,">2") -> 0 | DZ8: =SUMIFS('Planificación 2026-1'!R:R,'Planificación 2026-1'!W:W,C8,'Planificación 2026-1'!E:E,"PORUMA",'Planificación 2026-1'!X:X,"<>VIRTUAL",'Planificación 2026-1'!H:H,">2") -> 0 | EA8: =SUMIFS('Planificación 2026-1'!R:R,'Planificación 2026-1'!W:W,C8,'Planificación 2026-1'!E:E,"HUAURA",'Planificación 2026-1'!X:X,"VIRTUAL",'Planificación 2026-1'!H:H,">2") -> 0 | EB8: =SUMIFS('Planificación 2026-1'!R:R,'Planificación 2026-1'!W:W,C8,'Planificación 2026-1'!E:E,"HUAURA",'Planificación 2026-1'!X:X,"<>VIRTUAL",'Planificación 2026-1'!H:H,">2") -> 0 | EC8: =SUMIFS('Planificación 2026-1'!R:R,'Planificación 2026-1'!W:W,C8,'Planificación 2026-1'!E:E,"PRINCIPAL",'Planificación 2026-1'!X:X,"VIRTUAL",'Planificación 2026-1'!H:H,"<3") -> 0 | ED8: =SUMIFS('Planificación 2026-1'!R:R,'Planificación 2026-1'!W:W,C8,'Planificación 2026-1'!E:E,"PRINCIPAL",'Planificación 2026-1'!X:X,"<>VIRTUAL",'Planificación 2026-1'!H:H,"<3") -> 0 | EE8: =SUMIFS('Planificación 2026-1'!R:R,'Planificación 2026-1'!W:W,C8,'Planificación 2026-1'!E:E,"SUNAMPE",'Planificación 2026-1'!X:X,"VIRTUAL",'Planificación 2026-1'!H:H,"<3") -> 0 | EF8: =SUMIFS('Planificación 2026-1'!R:R,'Planificación 2026-1'!W:W,C8,'Planificación 2026-1'!E:E,"SUNAMPE",'Planificación 2026-1'!X:X,"<>VIRTUAL",'Planificación 2026-1'!H:H,"<3") -> 0 | EG8: =SUMIFS('Planificación 2026-1'!R:R,'Planificación 2026-1'!W:W,C8,'Planificación 2026-1'!E:E,"FILIAL",'Planificación 2026-1'!X:X,"VIRTUAL",'Planificación 2026-1'!H:H,"<3") -> 5 | EH8: =SUMIFS('Planificación 2026-1'!R:R,'Planificación 2026-1'!W:W,C8,'Planificación 2026-1'!E:E,"FILIAL",'Planificación 2026-1'!X:X,"<>VIRTUAL",'Planificación 2026-1'!H:H,"<3") -> 10 | EI8: =SUMIFS('Planificación 2026-1'!R:R,'Planificación 2026-1'!W:W,C8,'Planificación 2026-1'!E:E,"PORUMA",'Planificación 2026-1'!X:X,"VIRTUAL",'Planificación 2026-1'!H:H,"<3") -> 0 | EJ8: =SUMIFS('Planificación 2026-1'!R:R,'Planificación 2026-1'!W:W,C8,'Planificación 2026-1'!E:E,"PORUMA",'Planificación 2026-1'!X:X,"<>VIRTUAL",'Planificación 2026-1'!H:H,"<3") -> 0 | EK8: =SUMIFS('Planificación 2026-1'!R:R,'Planificación 2026-1'!W:W,C8,'Planificación 2026-1'!E:E,"HUAURA",'Planificación 2026-1'!X:X,"VIRTUAL",'Planificación 2026-1'!H:H,"<3") -> 0 | EL8: =SUMIFS('Planificación 2026-1'!R:R,'Planificación 2026-1'!W:W,C8,'Planificación 2026-1'!E:E,"HUAURA",'Planificación 2026-1'!X:X,"<>VIRTUAL",'Planificación 2026-1'!H:H,"<3") -> 0 | EM8: =EG8+DW8+DX8+EH8 -> 15 | EN8: =EL8+EK8+EB8+EA8 -> 0 | EO8: =EI8+EJ8+DZ8+DY8 -> 0 | EP8: =ED8+EC8+DT8+DS8 -> 0 | EQ8: =EF8+EE8+DV8+DU8 -> 0 | ES8: =DS8+DW8+EA8+EC8+EG8+EK8+DU8+EE8 -> 5 | ET8: =DT8+DX8+EB8+ED8+EH8+EL8+DV8+EF8 -> 10 | EU8: =EXACT(SUM(ES8:ET8),D8) -> TRUE | EV8: =IF(AND(DT8=0,DX8=0,EB8=0),"",IF(COUNTIF(DS8:EB8,">0")=1,IF(DT8+DS8>0,"SEDE",IF(DX8+DW8>0,"FILIAL","HUAURA")),IF(COUNTIF(DS8:EB8,">0")=2,IF(AND(DT8+DS8>0,DX8+DW8>0),"SEDE-FILIAL",IF(AND(DT8>0,EB8>0),"SEDE-HUAURA","FILIAL-HUAURA")),"SEDE-FILIAL-HUAURA"))) | EW8: =IF(ES8=0,"PRESENCIAL",IF(ET8=0,"VIRTUAL",IF(ES8>ET8,"MAS VIRTUAL",IF(ET8>ES8,"MAS PRESENCIAL","AMBOS")))) -> MAS PRESENCIAL
B9: 6 | C9: ANICAMA BERNAOLA PEDRO ARTURO | D9: =SUMIF('Planificación 2026-1'!W:W,C9,'Planificación 2026-1'!R:R) -> 14 | E9: TP | F9: RENOVACIÓN | G9: PORUMA | H9: MEDICINA HUMANA | I9: =IF(SUM(COUNTIFS('Planificación 2026-1'!E:E,"PRINCIPAL",'Planificación 2026-1'!W:W,C9,'Planificación 2026-1'!G:G,"AF"))>0,"P01"," ") | J9: =IF(SUM(COUNTIFS('Planificación 2026-1'!E:E,"PRINCIPAL",'Planificación 2026-1'!W:W,C9,'Planificación 2026-1'!G:G,"EN"))>0,"P02"," ") | K9: =IF(SUM(COUNTIFS('Planificación 2026-1'!E:E,"PRINCIPAL",'Planificación 2026-1'!W:W,C9,'Planificación 2026-1'!G:G,"IS"))>0,"P03"," ") | L9: =IF(SUM(COUNTIFS('Planificación 2026-1'!E:E,"PRINCIPAL",'Planificación 2026-1'!W:W,C9,'Planificación 2026-1'!G:G,"PS"))>0,"P04"," ") | N9: =IF(SUM(COUNTIFS('Planificación 2026-1'!E:E,"PRINCIPAL",'Planificación 2026-1'!W:W,C9,'Planificación 2026-1'!G:G,"IN"))>0,"P06"," ") | O9: =IF(SUM(COUNTIFS('Planificación 2026-1'!E:E,"PRINCIPAL",'Planificación 2026-1'!W:W,C9,'Planificación 2026-1'!G:G,"CA"))>0,"P07"," ") | P9: =IF(SUM(COUNTIFS('Planificación 2026-1'!E:E,"PRINCIPAL",'Planificación 2026-1'!W:W,C9,'Planificación 2026-1'!G:G,"DE"))>0,"P08"," ") | Q9: =IF(SUM(COUNTIFS('Planificación 2026-1'!E:E,"PRINCIPAL",'Planificación 2026-1'!W:W,C9,'Planificación 2026-1'!G:G,"OB"))>0,"P09"," ") | R9: =IF(SUM(COUNTIFS('Planificación 2026-1'!E:E,"PRINCIPAL",'Planificación 2026-1'!W:W,C9,'Planificación 2026-1'!G:G,"MH"))>0,"P31"," ") | S9: =IF(SUM(COUNTIFS('Planificación 2026-1'!E:E,"PRINCIPAL",'Planificación 2026-1'!W:W,C9,'Planificación 2026-1'!G:G,"IC"))>0,"P32"," ") | T9: =IF(SUM(COUNTIFS('Planificación 2026-1'!E:E,"PRINCIPAL",'Planificación 2026-1'!W:W,C9,'Planificación 2026-1'!G:G,"AR"))>0,"P34"," ") | U9: =IF(SUM(COUNTIFS('Planificación 2026-1'!E:E,"PRINCIPAL",'Planificación 2026-1'!W:W,C9,'Planificación 2026-1'!G:G,"T1"))>0,"P35"," ") | V9: =IF(SUM(COUNTIFS('Planificación 2026-1'!E:E,"PRINCIPAL",'Planificación 2026-1'!W:W,C9,'Planificación 2026-1'!G:G,"T3"))>0,"P36"," ") | W9: =IF(SUM(COUNTIFS('Planificación 2026-1'!E:E,"PRINCIPAL",'Planificación 2026-1'!W:W,C9,'Planificación 2026-1'!G:G,"T2"))>0,"P37"," ") | X9: =IF(SUM(COUNTIFS('Planificación 2026-1'!E:E,"PRINCIPAL",'Planificación 2026-1'!W:W,C9,'Planificación 2026-1'!G:G,"AE"))>0,"P38"," ") | Y9: =IF(SUM(COUNTIFS('Planificación 2026-1'!E:E,"PRINCIPAL",'Planificación 2026-1'!W:W,C9,'Planificación 2026-1'!G:G,"T4"))>0,"P55"," ") | Z9: =IF(SUM(COUNTIFS('Planificación 2026-1'!E:E,"FILIAL",'Planificación 2026-1'!W:W,C9,'Planificación 2026-1'!G:G,"AF"))>0," P01"," ") | AA9: =IF(SUM(COUNTIFS('Planificación 2026-1'!E:E,"FILIAL",'Planificación 2026-1'!W:W,C9,'Planificación 2026-1'!G:G,"EN"))>0,"P02"," ") | AB9: =IF(SUM(COUNTIFS('Planificación 2026-1'!E:E,"FILIAL",'Planificación 2026-1'!W:W,C9,'Planificación 2026-1'!G:G,"IS"))>0,"P03"," ") | AC9: =IF(SUM(COUNTIFS('Planificación 2026-1'!E:E,"FILIAL",'Planificación 2026-1'!W:W,C9,'Planificación 2026-1'!G:G,"PS"))>0,"P04"," ") | AE9: =IF(SUM(COUNTIFS('Planificación 2026-1'!E:E,"FILIAL",'Planificación 2026-1'!W:W,C9,'Planificación 2026-1'!G:G,"IN"))>0,"P06"," ") | AF9: =IF(SUM(COUNTIFS('Planificación 2026-1'!E:E,"FILIAL",'Planificación 2026-1'!W:W,C9,'Planificación 2026-1'!G:G,"CA"))>0,"P07"," ") | AG9: =IF(SUM(COUNTIFS('Planificación 2026-1'!E:E,"FILIAL",'Planificación 2026-1'!W:W,C9,'Planificación 2026-1'!G:G,"DE"))>0,"P08"," ") | AH9: =IF(SUM(COUNTIFS('Planificación 2026-1'!E:E,"FILIAL",'Planificación 2026-1'!W:W,C9,'Planificación 2026-1'!G:G,"OB"))>0,"P09"," ") | AI9: =IF(SUM(COUNTIFS('Planificación 2026-1'!E:E,"FILIAL",'Planificación 2026-1'!W:W,C9,'Planificación 2026-1'!G:G,"MH"))>0,"P31"," ") | AJ9: =IF(SUM(COUNTIFS('Planificación 2026-1'!E:E,"FILIAL",'Planificación 2026-1'!W:W,C9,'Planificación 2026-1'!G:G,"IC"))>0,"P32"," ") | AK9: =IF(SUM(COUNTIFS('Planificación 2026-1'!E:E,"FILIAL",'Planificación 2026-1'!W:W,C9,'Planificación 2026-1'!G:G,"AR"))>0,"P34"," ") | AL9: =IF(SUM(COUNTIFS('Planificación 2026-1'!E:E,"FILIAL",'Planificación 2026-1'!W:W,C9,'Planificación 2026-1'!G:G,"T1"))>0,"P35"," ") | AM9: =IF(SUM(COUNTIFS('Planificación 2026-1'!E:E,"FILIAL",'Planificación 2026-1'!W:W,C9,'Planificación 2026-1'!G:G,"T3"))>0,"P36"," ") | AN9: =IF(SUM(COUNTIFS('Planificación 2026-1'!E:E,"FILIAL",'Planificación 2026-1'!W:W,C9,'Planificación 2026-1'!G:G,"T2"))>0,"P37"," ") | AO9: =IF(SUM(COUNTIFS('Planificación 2026-1'!E:E,"FILIAL",'Planificación 2026-1'!W:W,C9,'Planificación 2026-1'!G:G,"AE"))>0,"P38"," ") | AP9: =IF(SUM(COUNTIFS('Planificación 2026-1'!E:E,"FILIAL",'Planificación 2026-1'!W:W,C9,'Planificación 2026-1'!G:G,"T4"))>0,"P55"," ") | AQ9: =IF(SUM(COUNTIFS('Planificación 2026-1'!E:E,"SUNAMPE",'Planificación 2026-1'!W:W,C9,'Planificación 2026-1'!G:G,"AF"))>0," P01"," ") | AR9: =IF(SUM(COUNTIFS('Planificación 2026-1'!E:E,"SUNAMPE",'Planificación 2026-1'!W:W,C9,'Planificación 2026-1'!G:G,"EN"))>0,"P02"," ") | AS9: =IF(SUM(COUNTIFS('Planificación 2026-1'!E:E,"SUNAMPE",'Planificación 2026-1'!W:W,C9,'Planificación 2026-1'!G:G,"IS"))>0,"P03"," ") | AT9: =IF(SUM(COUNTIFS('Planificación 2026-1'!E:E,"SUNAMPE",'Planificación 2026-1'!W:W,C9,'Planificación 2026-1'!G:G,"PS"))>0,"P04"," ") | AV9: =IF(SUM(COUNTIFS('Planificación 2026-1'!E:E,"SUNAMPE",'Planificación 2026-1'!W:W,C9,'Planificación 2026-1'!G:G,"IN"))>0,"P06"," ") | AW9: =IF(SUM(COUNTIFS('Planificación 2026-1'!E:E,"SUNAMPE",'Planificación 2026-1'!W:W,C9,'Planificación 2026-1'!G:G,"CA"))>0,"P07"," ") | AX9: =IF(SUM(COUNTIFS('Planificación 2026-1'!E:E,"SUNAMPE",'Planificación 2026-1'!W:W,C9,'Planificación 2026-1'!G:G,"DE"))>0,"P08"," ") | AY9: =IF(SUM(COUNTIFS('Planificación 2026-1'!E:E,"SUNAMPE",'Planificación 2026-1'!W:W,C9,'Planificación 2026-1'!G:G,"OB"))>0,"P09"," ") | AZ9: =IF(SUM(COUNTIFS('Planificación 2026-1'!E:E,"SUNAMPE",'Planificación 2026-1'!W:W,C9,'Planificación 2026-1'!G:G,"MH"))>0,"P31"," ") | BA9: =IF(SUM(COUNTIFS('Planificación 2026-1'!E:E,"SUNAMPE",'Planificación 2026-1'!W:W,C9,'Planificación 2026-1'!G:G,"IC"))>0,"P32"," ") | BB9: =IF(SUM(COUNTIFS('Planificación 2026-1'!E:E,"SUNAMPE",'Planificación 2026-1'!W:W,C9,'Planificación 2026-1'!G:G,"AR"))>0,"P34"," ") | BC9: =IF(SUM(COUNTIFS('Planificación 2026-1'!E:E,"SUNAMPE",'Planificación 2026-1'!W:W,C9,'Planificación 2026-1'!G:G,"T1"))>0,"P35"," ") | BD9: =IF(SUM(COUNTIFS('Planificación 2026-1'!E:E,"SUNAMPE",'Planificación 2026-1'!W:W,C9,'Planificación 2026-1'!G:G,"T3"))>0,"P36"," ") | BE9: =IF(SUM(COUNTIFS('Planificación 2026-1'!E:E,"SUNAMPE",'Planificación 2026-1'!W:W,C9,'Planificación 2026-1'!G:G,"T2"))>0,"P37"," ") | BF9: =IF(SUM(COUNTIFS('Planificación 2026-1'!E:E,"SUNAMPE",'Planificación 2026-1'!W:W,C9,'Planificación 2026-1'!G:G,"AE"))>0,"P38"," ") | BG9: =IF(SUM(COUNTIFS('Planificación 2026-1'!E:E,"SUNAMPE",'Planificación 2026-1'!W:W,C9,'Planificación 2026-1'!G:G,"T4"))>0,"P55"," ") | BH9: =IF(SUM(COUNTIFS('Planificación 2026-1'!E:E,"HUAURA",'Planificación 2026-1'!W:W,C9,'Planificación 2026-1'!G:G,"AF"))>0," P01"," ") | BI9: =IF(SUM(COUNTIFS('Planificación 2026-1'!E:E,"HUAURA",'Planificación 2026-1'!W:W,C9,'Planificación 2026-1'!G:G,"EN"))>0,"P02"," ") | BJ9: =IF(SUM(COUNTIFS('Planificación 2026-1'!E:E,"HUAURA",'Planificación 2026-1'!W:W,C9,'Planificación 2026-1'!G:G,"IS"))>0,"P03"," ") | BK9: =IF(SUM(COUNTIFS('Planificación 2026-1'!E:E,"HUAURA",'Planificación 2026-1'!W:W,C9,'Planificación 2026-1'!G:G,"PS"))>0,"P04"," ") | BM9: =IF(SUM(COUNTIFS('Planificación 2026-1'!E:E,"HUAURA",'Planificación 2026-1'!W:W,C9,'Planificación 2026-1'!G:G,"IN"))>0,"P06"," ") | BN9: =IF(SUM(COUNTIFS('Planificación 2026-1'!E:E,"HUAURA",'Planificación 2026-1'!W:W,C9,'Planificación 2026-1'!G:G,"CA"))>0,"P07"," ") | BO9: =IF(SUM(COUNTIFS('Planificación 2026-1'!E:E,"HUAURA",'Planificación 2026-1'!W:W,C9,'Planificación 2026-1'!G:G,"DE"))>0,"P08"," ") | BP9: =IF(SUM(COUNTIFS('Planificación 2026-1'!E:E,"HUAURA",'Planificación 2026-1'!W:W,C9,'Planificación 2026-1'!G:G,"OB"))>0,"P09"," ") | BQ9: =IF(SUM(COUNTIFS('Planificación 2026-1'!E:E,"HUAURA",'Planificación 2026-1'!W:W,C9,'Planificación 2026-1'!G:G,"MH"))>0,"P31"," ") | BR9: =IF(SUM(COUNTIFS('Planificación 2026-1'!E:E,"HUAURA",'Planificación 2026-1'!W:W,C9,'Planificación 2026-1'!G:G,"IC"))>0,"P32"," ") | BS9: =IF(SUM(COUNTIFS('Planificación 2026-1'!E:E,"HUAURA",'Planificación 2026-1'!W:W,C9,'Planificación 2026-1'!G:G,"AR"))>0,"P34"," ") | BT9: =IF(SUM(COUNTIFS('Planificación 2026-1'!E:E,"HUAURA",'Planificación 2026-1'!W:W,C9,'Planificación 2026-1'!G:G,"T1"))>0,"P35"," ") | BU9: =IF(SUM(COUNTIFS('Planificación 2026-1'!E:E,"HUAURA",'Planificación 2026-1'!W:W,C9,'Planificación 2026-1'!G:G,"T3"))>0,"P36"," ") | BV9: =IF(SUM(COUNTIFS('Planificación 2026-1'!E:E,"HUAURA",'Planificación 2026-1'!W:W,C9,'Planificación 2026-1'!G:G,"T2"))>0,"P37"," ") | BW9: =IF(SUM(COUNTIFS('Planificación 2026-1'!E:E,"HUAURA",'Planificación 2026-1'!W:W,C9,'Planificación 2026-1'!G:G,"AE"))>0,"P38"," ") | BX9: =IF(SUM(COUNTIFS('Planificación 2026-1'!E:E,"HUAURA",'Planificación 2026-1'!W:W,C9,'Planificación 2026-1'!G:G,"T4"))>0,"P55"," ") | BY9: =SUMIFS('Planificación 2026-1'!R:R,'Planificación 2026-1'!W:W,C9,'Planificación 2026-1'!G:G,"AF",'Planificación 2026-1'!H:H,">2") -> 0 | BZ9: =SUMIFS('Planificación 2026-1'!R:R,'Planificación 2026-1'!W:W,C9,'Planificación 2026-1'!G:G,"EN",'Planificación 2026-1'!H:H,">2") -> 0 | CA9: =SUMIFS('Planificación 2026-1'!R:R,'Planificación 2026-1'!W:W,C9,'Planificación 2026-1'!G:G,"IS",'Planificación 2026-1'!H:H,">2") -> 0 | CB9: =SUMIFS('Planificación 2026-1'!R:R,'Planificación 2026-1'!W:W,C9,'Planificación 2026-1'!G:G,"PS",'Planificación 2026-1'!H:H,">2") -> 0 | CC9: =SUMIFS('Planificación 2026-1'!R:R,'Planificación 2026-1'!W:W,C9,'Planificación 2026-1'!G:G,"IN",'Planificación 2026-1'!H:H,">2") -> 0 | CD9: =SUMIFS('Planificación 2026-1'!R:R,'Planificación 2026-1'!W:W,C9,'Planificación 2026-1'!G:G,"CA",'Planificación 2026-1'!H:H,">2") -> 0 | CE9: =SUMIFS('Planificación 2026-1'!R:R,'Planificación 2026-1'!W:W,C9,'Planificación 2026-1'!G:G,"DE",'Planificación 2026-1'!H:H,">2") -> 0 | CF9: =SUMIFS('Planificación 2026-1'!R:R,'Planificación 2026-1'!W:W,C9,'Planificación 2026-1'!G:G,"OB",'Planificación 2026-1'!H:H,">2") -> 0 | CG9: =SUMIFS('Planificación 2026-1'!R:R,'Planificación 2026-1'!W:W,C9,'Planificación 2026-1'!G:G,"MH",'Planificación 2026-1'!H:H,">2") -> 14 | CH9: =SUMIFS('Planificación 2026-1'!R:R,'Planificación 2026-1'!W:W,C9,'Planificación 2026-1'!G:G,"IC",'Planificación 2026-1'!H:H,">2") -> 0 | CI9: =SUMIFS('Planificación 2026-1'!R:R,'Planificación 2026-1'!W:W,C9,'Planificación 2026-1'!G:G,"AR",'Planificación 2026-1'!H:H,">2") -> 0 | CJ9: =SUMIFS('Planificación 2026-1'!R:R,'Planificación 2026-1'!W:W,C9,'Planificación 2026-1'!G:G,"T1",'Planificación 2026-1'!H:H,">2") -> 0 | CK9: =SUMIFS('Planificación 2026-1'!R:R,'Planificación 2026-1'!W:W,C9,'Planificación 2026-1'!G:G,"T3",'Planificación 2026-1'!H:H,">2") -> 0 | CL9: =SUMIFS('Planificación 2026-1'!R:R,'Planificación 2026-1'!W:W,C9,'Planificación 2026-1'!G:G,"T2",'Planificación 2026-1'!H:H,">2") -> 0 | CM9: =SUMIFS('Planificación 2026-1'!R:R,'Planificación 2026-1'!W:W,C9,'Planificación 2026-1'!G:G,"AE",'Planificación 2026-1'!H:H,">2") -> 0 | CN9: =SUMIFS('Planificación 2026-1'!R:R,'Planificación 2026-1'!W:W,C9,'Planificación 2026-1'!G:G,"T4",'Planificación 2026-1'!H:H,">2") -> 0 | CO9: =SUMIFS('Planificación 2026-1'!R:R,'Planificación 2026-1'!W:W,C9,'Planificación 2026-1'!G:G,"AF",'Planificación 2026-1'!H:H,"<3") -> 0 | CP9: =SUMIFS('Planificación 2026-1'!R:R,'Planificación 2026-1'!W:W,C9,'Planificación 2026-1'!G:G,"EN",'Planificación 2026-1'!H:H,"<3") -> 0 | CQ9: =SUMIFS('Planificación 2026-1'!R:R,'Planificación 2026-1'!W:W,C9,'Planificación 2026-1'!G:G,"IS",'Planificación 2026-1'!H:H,"<3") -> 0 | CR9: =SUMIFS('Planificación 2026-1'!R:R,'Planificación 2026-1'!W:W,C9,'Planificación 2026-1'!G:G,"PS",'Planificación 2026-1'!H:H,"<3") -> 0 | CS9: =SUMIFS('Planificación 2026-1'!R:R,'Planificación 2026-1'!W:W,C9,'Planificación 2026-1'!G:G,"IN",'Planificación 2026-1'!H:H,"<3") -> 0 | CT9: =SUMIFS('Planificación 2026-1'!R:R,'Planificación 2026-1'!W:W,C9,'Planificación 2026-1'!G:G,"CA",'Planificación 2026-1'!H:H,"<3") -> 0 | CU9: =SUMIFS('Planificación 2026-1'!R:R,'Planificación 2026-1'!W:W,C9,'Planificación 2026-1'!G:G,"DE",'Planificación 2026-1'!H:H,"<3") -> 0 | CV9: =SUMIFS('Planificación 2026-1'!R:R,'Planificación 2026-1'!W:W,C9,'Planificación 2026-1'!G:G,"OB",'Planificación 2026-1'!H:H,"<3") -> 0 | CW9: =SUMIFS('Planificación 2026-1'!R:R,'Planificación 2026-1'!W:W,C9,'Planificación 2026-1'!G:G,"MH",'Planificación 2026-1'!H:H,"<3") -> 0 | CX9: =SUMIFS('Planificación 2026-1'!R:R,'Planificación 2026-1'!W:W,C9,'Planificación 2026-1'!G:G,"IC",'Planificación 2026-1'!H:H,"<3") -> 0 | CY9: =SUMIFS('Planificación 2026-1'!R:R,'Planificación 2026-1'!W:W,C9,'Planificación 2026-1'!G:G,"AR",'Planificación 2026-1'!H:H,"<3") -> 0 | CZ9: =SUMIFS('Planificación 2026-1'!R:R,'Planificación 2026-1'!W:W,C9,'Planificación 2026-1'!G:G,"T1",'Planificación 2026-1'!H:H,"<3") -> 0 | DA9: =SUMIFS('Planificación 2026-1'!R:R,'Planificación 2026-1'!W:W,C9,'Planificación 2026-1'!G:G,"T3",'Planificación 2026-1'!H:H,"<3") -> 0 | DB9: =SUMIFS('Planificación 2026-1'!R:R,'Planificación 2026-1'!W:W,C9,'Planificación 2026-1'!G:G,"T2",'Planificación 2026-1'!H:H,"<3") -> 0 | DC9: =SUMIFS('Planificación 2026-1'!R:R,'Planificación 2026-1'!W:W,C9,'Planificación 2026-1'!G:G,"AE",'Planificación 2026-1'!H:H,"<3") -> 0 | DD9: =SUMIFS('Planificación 2026-1'!R:R,'Planificación 2026-1'!W:W,C9,'Planificación 2026-1'!G:G,"T4",'Planificación 2026-1'!H:H,"<3") -> 0 | DE9: =TRIM(CONCATENATE(I9,J9,K9,L9,M9,N9,O9,P9,Q9,R9,S9,T9,U9,V9,W9,X9,Y9)) | DF9: =IF(C9="","",SUMIFS('Planificación 2026-1'!R:R,'Planificación 2026-1'!W:W,C9,'Planificación 2026-1'!E:E,"PRINCIPAL",'Planificación 2026-1'!X:X,"VIRTUAL")) -> 0 | DG9: =IF(C9="","",SUMIFS('Planificación 2026-1'!R:R,'Planificación 2026-1'!W:W,C9,'Planificación 2026-1'!E:E,"PRINCIPAL",'Planificación 2026-1'!X:X,"PRESENCIAL")) -> 0 | DH9: =IF(C9="","",SUMIFS('Planificación 2026-1'!R:R,'Planificación 2026-1'!W:W,C9,'Planificación 2026-1'!E:E,"PRINCIPAL",'Planificación 2026-1'!X:X,"HIBRIDO PRESENCIAL")) -> 0 | DI9: =TRIM(CONCATENATE(Z9,AA9,AB9,AC9,AD9,AE9,AF9,AG9,AH9,AI9,AJ9,AK9,AL9,AM9,AN9,AO9,AP9)) | DJ9: =IF(C9="","",SUMIFS('Planificación 2026-1'!R:R,'Planificación 2026-1'!W:W,C9,'Planificación 2026-1'!E:E,"FILIAL",'Planificación 2026-1'!X:X,"VIRTUAL")) -> 0 | DK9: =IF(C9="","",SUMIFS('Planificación 2026-1'!R:R,'Planificación 2026-1'!W:W,C9,'Planificación 2026-1'!E:E,"FILIAL",'Planificación 2026-1'!X:X,"PRESENCIAL")) -> 0 | DL9: =IF(C9="","",SUMIFS('Planificación 2026-1'!R:R,'Planificación 2026-1'!W:W,C9,'Planificación 2026-1'!E:E,"FILIAL",'Planificación 2026-1'!X:X,"HIBRIDO PRESENCIAL")) -> 0 | DM9: =TRIM(CONCATENATE(AQ9,AR9,AS9,AT9,AU9,AV9,AW9,AX9,AY9,AZ9,BA9,BB9,BC9,BD9,BE9,BF9,BG9)) | DN9: =IF(C9="","",SUMIFS('Planificación 2026-1'!R:R,'Planificación 2026-1'!W:W,C9,'Planificación 2026-1'!E:E,"SUNAMPE",'Planificación 2026-1'!X:X,"VIRTUAL")) -> 0 | DO9: =IF(C9="","",SUMIFS('Planificación 2026-1'!R:R,'Planificación 2026-1'!W:W,C9,'Planificación 2026-1'!E:E,"SUNAMPE",'Planificación 2026-1'!X:X,"PRESENCIAL")) -> 0 | DP9: =TRIM(CONCATENATE(BH9,BI9,BJ9,BK9,BL9,BM9,BN9,BO9,BP9,BQ9,BR9,BS9,BT9,BU9,BV9,BW9,BX9)) | DQ9: =IF(C9="","",SUMIFS('Planificación 2026-1'!R:R,'Planificación 2026-1'!W:W,C9,'Planificación 2026-1'!E:E,"HUAURA",'Planificación 2026-1'!X:X,"VIRTUAL")) -> 0 | DR9: =IF(C9="","",SUMIFS('Planificación 2026-1'!R:R,'Planificación 2026-1'!W:W,C9,'Planificación 2026-1'!E:E,"HUAURA",'Planificación 2026-1'!X:X,"PRESENCIAL")) -> 0 | DS9: =SUMIFS('Planificación 2026-1'!R:R,'Planificación 2026-1'!W:W,C9,'Planificación 2026-1'!E:E,"PRINCIPAL",'Planificación 2026-1'!X:X,"VIRTUAL",'Planificación 2026-1'!H:H,">2") -> 0 | DT9: =SUMIFS('Planificación 2026-1'!R:R,'Planificación 2026-1'!W:W,C9,'Planificación 2026-1'!E:E,"PRINCIPAL",'Planificación 2026-1'!X:X,"<>VIRTUAL",'Planificación 2026-1'!H:H,">2") -> 0 | DU9: =SUMIFS('Planificación 2026-1'!R:R,'Planificación 2026-1'!W:W,C9,'Planificación 2026-1'!E:E,"SUNAMPE",'Planificación 2026-1'!X:X,"VIRTUAL",'Planificación 2026-1'!H:H,">2") -> 0 | DV9: =SUMIFS('Planificación 2026-1'!R:R,'Planificación 2026-1'!W:W,C9,'Planificación 2026-1'!E:E,"SUNAMPE",'Planificación 2026-1'!X:X,"<>VIRTUAL",'Planificación 2026-1'!H:H,">2") -> 0 | DW9: =SUMIFS('Planificación 2026-1'!R:R,'Planificación 2026-1'!W:W,C9,'Planificación 2026-1'!E:E,"FILIAL",'Planificación 2026-1'!X:X,"VIRTUAL",'Planificación 2026-1'!H:H,">2") -> 0 | DX9: =SUMIFS('Planificación 2026-1'!R:R,'Planificación 2026-1'!W:W,C9,'Planificación 2026-1'!E:E,"FILIAL",'Planificación 2026-1'!X:X,"<>VIRTUAL",'Planificación 2026-1'!H:H,">2") -> 0 | DY9: =SUMIFS('Planificación 2026-1'!R:R,'Planificación 2026-1'!W:W,C9,'Planificación 2026-1'!E:E,"PORUMA",'Planificación 2026-1'!X:X,"VIRTUAL",'Planificación 2026-1'!H:H,">2") -> 0 | DZ9: =SUMIFS('Planificación 2026-1'!R:R,'Planificación 2026-1'!W:W,C9,'Planificación 2026-1'!E:E,"PORUMA",'Planificación 2026-1'!X:X,"<>VIRTUAL",'Planificación 2026-1'!H:H,">2") -> 14 | EA9: =SUMIFS('Planificación 2026-1'!R:R,'Planificación 2026-1'!W:W,C9,'Planificación 2026-1'!E:E,"HUAURA",'Planificación 2026-1'!X:X,"VIRTUAL",'Planificación 2026-1'!H:H,">2") -> 0 | EB9: =SUMIFS('Planificación 2026-1'!R:R,'Planificación 2026-1'!W:W,C9,'Planificación 2026-1'!E:E,"HUAURA",'Planificación 2026-1'!X:X,"<>VIRTUAL",'Planificación 2026-1'!H:H,">2") -> 0 | EC9: =SUMIFS('Planificación 2026-1'!R:R,'Planificación 2026-1'!W:W,C9,'Planificación 2026-1'!E:E,"PRINCIPAL",'Planificación 2026-1'!X:X,"VIRTUAL",'Planificación 2026-1'!H:H,"<3") -> 0 | ED9: =SUMIFS('Planificación 2026-1'!R:R,'Planificación 2026-1'!W:W,C9,'Planificación 2026-1'!E:E,"PRINCIPAL",'Planificación 2026-1'!X:X,"<>VIRTUAL",'Planificación 2026-1'!H:H,"<3") -> 0 | EE9: =SUMIFS('Planificación 2026-1'!R:R,'Planificación 2026-1'!W:W,C9,'Planificación 2026-1'!E:E,"SUNAMPE",'Planificación 2026-1'!X:X,"VIRTUAL",'Planificación 2026-1'!H:H,"<3") -> 0 | EF9: =SUMIFS('Planificación 2026-1'!R:R,'Planificación 2026-1'!W:W,C9,'Planificación 2026-1'!E:E,"SUNAMPE",'Planificación 2026-1'!X:X,"<>VIRTUAL",'Planificación 2026-1'!H:H,"<3") -> 0 | EG9: =SUMIFS('Planificación 2026-1'!R:R,'Planificación 2026-1'!W:W,C9,'Planificación 2026-1'!E:E,"FILIAL",'Planificación 2026-1'!X:X,"VIRTUAL",'Planificación 2026-1'!H:H,"<3") -> 0 | EH9: =SUMIFS('Planificación 2026-1'!R:R,'Planificación 2026-1'!W:W,C9,'Planificación 2026-1'!E:E,"FILIAL",'Planificación 2026-1'!X:X,"<>VIRTUAL",'Planificación 2026-1'!H:H,"<3") -> 0 | EI9: =SUMIFS('Planificación 2026-1'!R:R,'Planificación 2026-1'!W:W,C9,'Planificación 2026-1'!E:E,"PORUMA",'Planificación 2026-1'!X:X,"VIRTUAL",'Planificación 2026-1'!H:H,"<3") -> 0 | EJ9: =SUMIFS('Planificación 2026-1'!R:R,'Planificación 2026-1'!W:W,C9,'Planificación 2026-1'!E:E,"PORUMA",'Planificación 2026-1'!X:X,"<>VIRTUAL",'Planificación 2026-1'!H:H,"<3") -> 0 | EK9: =SUMIFS('Planificación 2026-1'!R:R,'Planificación 2026-1'!W:W,C9,'Planificación 2026-1'!E:E,"HUAURA",'Planificación 2026-1'!X:X,"VIRTUAL",'Planificación 2026-1'!H:H,"<3") -> 0 | EL9: =SUMIFS('Planificación 2026-1'!R:R,'Planificación 2026-1'!W:W,C9,'Planificación 2026-1'!E:E,"HUAURA",'Planificación 2026-1'!X:X,"<>VIRTUAL",'Planificación 2026-1'!H:H,"<3") -> 0 | EM9: =EG9+DW9+DX9+EH9 -> 0 | EN9: =EL9+EK9+EB9+EA9 -> 0 | EO9: =EI9+EJ9+DZ9+DY9 -> 14 | EP9: =ED9+EC9+DT9+DS9 -> 0 | EQ9: =EF9+EE9+DV9+DU9 -> 0 | ES9: =DS9+DW9+EA9+EC9+EG9+EK9+DU9+EE9 -> 0 | ET9: =DT9+DX9+EB9+ED9+EH9+EL9+DV9+EF9 -> 0 | EU9: =EXACT(SUM(ES9:ET9),D9) -> FALSE | EV9: =IF(AND(DT9=0,DX9=0,EB9=0),"",IF(COUNTIF(DS9:EB9,">0")=1,IF(DT9+DS9>0,"SEDE",IF(DX9+DW9>0,"FILIAL","HUAURA")),IF(COUNTIF(DS9:EB9,">0")=2,IF(AND(DT9+DS9>0,DX9+DW9>0),"SEDE-FILIAL",IF(AND(DT9>0,EB9>0),"SEDE-HUAURA","FILIAL-HUAURA")),"SEDE-FILIAL-HUAURA"))) | EW9: =IF(ES9=0,"PRESENCIAL",IF(ET9=0,"VIRTUAL",IF(ES9>ET9,"MAS VIRTUAL",IF(ET9>ES9,"MAS PRESENCIAL","AMBOS")))) -> PRESENCIAL
B10: 7 | C10: ANTEZANA CHINQUILLO JOSE GIANCARLO | D10: =SUMIF('Planificación 2026-1'!W:W,C10,'Planificación 2026-1'!R:R) -> 36 | E10: TC | F10: RENOVACIÓN | G10: PORUMA | H10: MEDICINA HUMANA | I10: =IF(SUM(COUNTIFS('Planificación 2026-1'!E:E,"PRINCIPAL",'Planificación 2026-1'!W:W,C10,'Planificación 2026-1'!G:G,"AF"))>0,"P01"," ") | J10: =IF(SUM(COUNTIFS('Planificación 2026-1'!E:E,"PRINCIPAL",'Planificación 2026-1'!W:W,C10,'Planificación 2026-1'!G:G,"EN"))>0,"P02"," ") | K10: =IF(SUM(COUNTIFS('Planificación 2026-1'!E:E,"PRINCIPAL",'Planificación 2026-1'!W:W,C10,'Planificación 2026-1'!G:G,"IS"))>0,"P03"," ") | L10: =IF(SUM(COUNTIFS('Planificación 2026-1'!E:E,"PRINCIPAL",'Planificación 2026-1'!W:W,C10,'Planificación 2026-1'!G:G,"PS"))>0,"P04"," ") | N10: =IF(SUM(COUNTIFS('Planificación 2026-1'!E:E,"PRINCIPAL",'Planificación 2026-1'!W:W,C10,'Planificación 2026-1'!G:G,"IN"))>0,"P06"," ") | O10: =IF(SUM(COUNTIFS('Planificación 2026-1'!E:E,"PRINCIPAL",'Planificación 2026-1'!W:W,C10,'Planificación 2026-1'!G:G,"CA"))>0,"P07"," ") | P10: =IF(SUM(COUNTIFS('Planificación 2026-1'!E:E,"PRINCIPAL",'Planificación 2026-1'!W:W,C10,'Planificación 2026-1'!G:G,"DE"))>0,"P08"," ") | Q10: =IF(SUM(COUNTIFS('Planificación 2026-1'!E:E,"PRINCIPAL",'Planificación 2026-1'!W:W,C10,'Planificación 2026-1'!G:G,"OB"))>0,"P09"," ") | R10: =IF(SUM(COUNTIFS('Planificación 2026-1'!E:E,"PRINCIPAL",'Planificación 2026-1'!W:W,C10,'Planificación 2026-1'!G:G,"MH"))>0,"P31"," ") | S10: =IF(SUM(COUNTIFS('Planificación 2026-1'!E:E,"PRINCIPAL",'Planificación 2026-1'!W:W,C10,'Planificación 2026-1'!G:G,"IC"))>0,"P32"," ") | T10: =IF(SUM(COUNTIFS('Planificación 2026-1'!E:E,"PRINCIPAL",'Planificación 2026-1'!W:W,C10,'Planificación 2026-1'!G:G,"AR"))>0,"P34"," ") | U10: =IF(SUM(COUNTIFS('Planificación 2026-1'!E:E,"PRINCIPAL",'Planificación 2026-1'!W:W,C10,'Planificación 2026-1'!G:G,"T1"))>0,"P35"," ") | V10: =IF(SUM(COUNTIFS('Planificación 2026-1'!E:E,"PRINCIPAL",'Planificación 2026-1'!W:W,C10,'Planificación 2026-1'!G:G,"T3"))>0,"P36"," ") | W10: =IF(SUM(COUNTIFS('Planificación 2026-1'!E:E,"PRINCIPAL",'Planificación 2026-1'!W:W,C10,'Planificación 2026-1'!G:G,"T2"))>0,"P37"," ") | X10: =IF(SUM(COUNTIFS('Planificación 2026-1'!E:E,"PRINCIPAL",'Planificación 2026-1'!W:W,C10,'Planificación 2026-1'!G:G,"AE"))>0,"P38"," ") | Y10: =IF(SUM(COUNTIFS('Planificación 2026-1'!E:E,"PRINCIPAL",'Planificación 2026-1'!W:W,C10,'Planificación 2026-1'!G:G,"T4"))>0,"P55"," ") | Z10: =IF(SUM(COUNTIFS('Planificación 2026-1'!E:E,"FILIAL",'Planificación 2026-1'!W:W,C10,'Planificación 2026-1'!G:G,"AF"))>0," P01"," ") | AA10: =IF(SUM(COUNTIFS('Planificación 2026-1'!E:E,"FILIAL",'Planificación 2026-1'!W:W,C10,'Planificación 2026-1'!G:G,"EN"))>0,"P02"," ") | AB10: =IF(SUM(COUNTIFS('Planificación 2026-1'!E:E,"FILIAL",'Planificación 2026-1'!W:W,C10,'Planificación 2026-1'!G:G,"IS"))>0,"P03"," ") | AC10: =IF(SUM(COUNTIFS('Planificación 2026-1'!E:E,"FILIAL",'Planificación 2026-1'!W:W,C10,'Planificación 2026-1'!G:G,"PS"))>0,"P04"," ") | AE10: =IF(SUM(COUNTIFS('Planificación 2026-1'!E:E,"FILIAL",'Planificación 2026-1'!W:W,C10,'Planificación 2026-1'!G:G,"IN"))>0,"P06"," ") | AF10: =IF(SUM(COUNTIFS('Planificación 2026-1'!E:E,"FILIAL",'Planificación 2026-1'!W:W,C10,'Planificación 2026-1'!G:G,"CA"))>0,"P07"," ") | AG10: =IF(SUM(COUNTIFS('Planificación 2026-1'!E:E,"FILIAL",'Planificación 2026-1'!W:W,C10,'Planificación 2026-1'!G:G,"DE"))>0,"P08"," ") | AH10: =IF(SUM(COUNTIFS('Planificación 2026-1'!E:E,"FILIAL",'Planificación 2026-1'!W:W,C10,'Planificación 2026-1'!G:G,"OB"))>0,"P09"," ") | AI10: =IF(SUM(COUNTIFS('Planificación 2026-1'!E:E,"FILIAL",'Planificación 2026-1'!W:W,C10,'Planificación 2026-1'!G:G,"MH"))>0,"P31"," ") | AJ10: =IF(SUM(COUNTIFS('Planificación 2026-1'!E:E,"FILIAL",'Planificación 2026-1'!W:W,C10,'Planificación 2026-1'!G:G,"IC"))>0,"P32"," ") | AK10: =IF(SUM(COUNTIFS('Planificación 2026-1'!E:E,"FILIAL",'Planificación 2026-1'!W:W,C10,'Planificación 2026-1'!G:G,"AR"))>0,"P34"," ") | AL10: =IF(SUM(COUNTIFS('Planificación 2026-1'!E:E,"FILIAL",'Planificación 2026-1'!W:W,C10,'Planificación 2026-1'!G:G,"T1"))>0,"P35"," ") | AM10: =IF(SUM(COUNTIFS('Planificación 2026-1'!E:E,"FILIAL",'Planificación 2026-1'!W:W,C10,'Planificación 2026-1'!G:G,"T3"))>0,"P36"," ") | AN10: =IF(SUM(COUNTIFS('Planificación 2026-1'!E:E,"FILIAL",'Planificación 2026-1'!W:W,C10,'Planificación 2026-1'!G:G,"T2"))>0,"P37"," ") | AO10: =IF(SUM(COUNTIFS('Planificación 2026-1'!E:E,"FILIAL",'Planificación 2026-1'!W:W,C10,'Planificación 2026-1'!G:G,"AE"))>0,"P38"," ") | AP10: =IF(SUM(COUNTIFS('Planificación 2026-1'!E:E,"FILIAL",'Planificación 2026-1'!W:W,C10,'Planificación 2026-1'!G:G,"T4"))>0,"P55"," ") | AQ10: =IF(SUM(COUNTIFS('Planificación 2026-1'!E:E,"SUNAMPE",'Planificación 2026-1'!W:W,C10,'Planificación 2026-1'!G:G,"AF"))>0," P01"," ") | AR10: =IF(SUM(COUNTIFS('Planificación 2026-1'!E:E,"SUNAMPE",'Planificación 2026-1'!W:W,C10,'Planificación 2026-1'!G:G,"EN"))>0,"P02"," ") | AS10: =IF(SUM(COUNTIFS('Planificación 2026-1'!E:E,"SUNAMPE",'Planificación 2026-1'!W:W,C10,'Planificación 2026-1'!G:G,"IS"))>0,"P03"," ") | AT10: =IF(SUM(COUNTIFS('Planificación 2026-1'!E:E,"SUNAMPE",'Planificación 2026-1'!W:W,C10,'Planificación 2026-1'!G:G,"PS"))>0,"P04"," ") | AV10: =IF(SUM(COUNTIFS('Planificación 2026-1'!E:E,"SUNAMPE",'Planificación 2026-1'!W:W,C10,'Planificación 2026-1'!G:G,"IN"))>0,"P06"," ") | AW10: =IF(SUM(COUNTIFS('Planificación 2026-1'!E:E,"SUNAMPE",'Planificación 2026-1'!W:W,C10,'Planificación 2026-1'!G:G,"CA"))>0,"P07"," ") | AX10: =IF(SUM(COUNTIFS('Planificación 2026-1'!E:E,"SUNAMPE",'Planificación 2026-1'!W:W,C10,'Planificación 2026-1'!G:G,"DE"))>0,"P08"," ") | AY10: =IF(SUM(COUNTIFS('Planificación 2026-1'!E:E,"SUNAMPE",'Planificación 2026-1'!W:W,C10,'Planificación 2026-1'!G:G,"OB"))>0,"P09"," ") | AZ10: =IF(SUM(COUNTIFS('Planificación 2026-1'!E:E,"SUNAMPE",'Planificación 2026-1'!W:W,C10,'Planificación 2026-1'!G:G,"MH"))>0,"P31"," ") -> P31 | BA10: =IF(SUM(COUNTIFS('Planificación 2026-1'!E:E,"SUNAMPE",'Planificación 2026-1'!W:W,C10,'Planificación 2026-1'!G:G,"IC"))>0,"P32"," ") | BB10: =IF(SUM(COUNTIFS('Planificación 2026-1'!E:E,"SUNAMPE",'Planificación 2026-1'!W:W,C10,'Planificación 2026-1'!G:G,"AR"))>0,"P34"," ") | BC10: =IF(SUM(COUNTIFS('Planificación 2026-1'!E:E,"SUNAMPE",'Planificación 2026-1'!W:W,C10,'Planificación 2026-1'!G:G,"T1"))>0,"P35"," ") | BD10: =IF(SUM(COUNTIFS('Planificación 2026-1'!E:E,"SUNAMPE",'Planificación 2026-1'!W:W,C10,'Planificación 2026-1'!G:G,"T3"))>0,"P36"," ") | BE10: =IF(SUM(COUNTIFS('Planificación 2026-1'!E:E,"SUNAMPE",'Planificación 2026-1'!W:W,C10,'Planificación 2026-1'!G:G,"T2"))>0,"P37"," ") | BF10: =IF(SUM(COUNTIFS('Planificación 2026-1'!E:E,"SUNAMPE",'Planificación 2026-1'!W:W,C10,'Planificación 2026-1'!G:G,"AE"))>0,"P38"," ") | BG10: =IF(SUM(COUNTIFS('Planificación 2026-1'!E:E,"SUNAMPE",'Planificación 2026-1'!W:W,C10,'Planificación 2026-1'!G:G,"T4"))>0,"P55"," ") | BH10: =IF(SUM(COUNTIFS('Planificación 2026-1'!E:E,"HUAURA",'Planificación 2026-1'!W:W,C10,'Planificación 2026-1'!G:G,"AF"))>0," P01"," ") | BI10: =IF(SUM(COUNTIFS('Planificación 2026-1'!E:E,"HUAURA",'Planificación 2026-1'!W:W,C10,'Planificación 2026-1'!G:G,"EN"))>0,"P02"," ") | BJ10: =IF(SUM(COUNTIFS('Planificación 2026-1'!E:E,"HUAURA",'Planificación 2026-1'!W:W,C10,'Planificación 2026-1'!G:G,"IS"))>0,"P03"," ") | BK10: =IF(SUM(COUNTIFS('Planificación 2026-1'!E:E,"HUAURA",'Planificación 2026-1'!W:W,C10,'Planificación 2026-1'!G:G,"PS"))>0,"P04"," ") | BM10: =IF(SUM(COUNTIFS('Planificación 2026-1'!E:E,"HUAURA",'Planificación 2026-1'!W:W,C10,'Planificación 2026-1'!G:G,"IN"))>0,"P06"," ") | BN10: =IF(SUM(COUNTIFS('Planificación 2026-1'!E:E,"HUAURA",'Planificación 2026-1'!W:W,C10,'Planificación 2026-1'!G:G,"CA"))>0,"P07"," ") | BO10: =IF(SUM(COUNTIFS('Planificación 2026-1'!E:E,"HUAURA",'Planificación 2026-1'!W:W,C10,'Planificación 2026-1'!G:G,"DE"))>0,"P08"," ") | BP10: =IF(SUM(COUNTIFS('Planificación 2026-1'!E:E,"HUAURA",'Planificación 2026-1'!W:W,C10,'Planificación 2026-1'!G:G,"OB"))>0,"P09"," ") | BQ10: =IF(SUM(COUNTIFS('Planificación 2026-1'!E:E,"HUAURA",'Planificación 2026-1'!W:W,C10,'Planificación 2026-1'!G:G,"MH"))>0,"P31"," ") | BR10: =IF(SUM(COUNTIFS('Planificación 2026-1'!E:E,"HUAURA",'Planificación 2026-1'!W:W,C10,'Planificación 2026-1'!G:G,"IC"))>0,"P32"," ") | BS10: =IF(SUM(COUNTIFS('Planificación 2026-1'!E:E,"HUAURA",'Planificación 2026-1'!W:W,C10,'Planificación 2026-1'!G:G,"AR"))>0,"P34"," ") | BT10: =IF(SUM(COUNTIFS('Planificación 2026-1'!E:E,"HUAURA",'Planificación 2026-1'!W:W,C10,'Planificación 2026-1'!G:G,"T1"))>0,"P35"," ") | BU10: =IF(SUM(COUNTIFS('Planificación 2026-1'!E:E,"HUAURA",'Planificación 2026-1'!W:W,C10,'Planificación 2026-1'!G:G,"T3"))>0,"P36"," ") | BV10: =IF(SUM(COUNTIFS('Planificación 2026-1'!E:E,"HUAURA",'Planificación 2026-1'!W:W,C10,'Planificación 2026-1'!G:G,"T2"))>0,"P37"," ") | BW10: =IF(SUM(COUNTIFS('Planificación 2026-1'!E:E,"HUAURA",'Planificación 2026-1'!W:W,C10,'Planificación 2026-1'!G:G,"AE"))>0,"P38"," ") | BX10: =IF(SUM(COUNTIFS('Planificación 2026-1'!E:E,"HUAURA",'Planificación 2026-1'!W:W,C10,'Planificación 2026-1'!G:G,"T4"))>0,"P55"," ") | BY10: =SUMIFS('Planificación 2026-1'!R:R,'Planificación 2026-1'!W:W,C10,'Planificación 2026-1'!G:G,"AF",'Planificación 2026-1'!H:H,">2") -> 0 | BZ10: =SUMIFS('Planificación 2026-1'!R:R,'Planificación 2026-1'!W:W,C10,'Planificación 2026-1'!G:G,"EN",'Planificación 2026-1'!H:H,">2") -> 0 | CA10: =SUMIFS('Planificación 2026-1'!R:R,'Planificación 2026-1'!W:W,C10,'Planificación 2026-1'!G:G,"IS",'Planificación 2026-1'!H:H,">2") -> 0 | CB10: =SUMIFS('Planificación 2026-1'!R:R,'Planificación 2026-1'!W:W,C10,'Planificación 2026-1'!G:G,"PS",'Planificación 2026-1'!H:H,">2") -> 0 | CC10: =SUMIFS('Planificación 2026-1'!R:R,'Planificación 2026-1'!W:W,C10,'Planificación 2026-1'!G:G,"IN",'Planificación 2026-1'!H:H,">2") -> 0 | CD10: =SUMIFS('Planificación 2026-1'!R:R,'Planificación 2026-1'!W:W,C10,'Planificación 2026-1'!G:G,"CA",'Planificación 2026-1'!H:H,">2") -> 0 | CE10: =SUMIFS('Planificación 2026-1'!R:R,'Planificación 2026-1'!W:W,C10,'Planificación 2026-1'!G:G,"DE",'Planificación 2026-1'!H:H,">2") -> 0 | CF10: =SUMIFS('Planificación 2026-1'!R:R,'Planificación 2026-1'!W:W,C10,'Planificación 2026-1'!G:G,"OB",'Planificación 2026-1'!H:H,">2") -> 0 | CG10: =SUMIFS('Planificación 2026-1'!R:R,'Planificación 2026-1'!W:W,C10,'Planificación 2026-1'!G:G,"MH",'Planificación 2026-1'!H:H,">2") -> 28 | CH10: =SUMIFS('Planificación 2026-1'!R:R,'Planificación 2026-1'!W:W,C10,'Planificación 2026-1'!G:G,"IC",'Planificación 2026-1'!H:H,">2") -> 0 | CI10: =SUMIFS('Planificación 2026-1'!R:R,'Planificación 2026-1'!W:W,C10,'Planificación 2026-1'!G:G,"AR",'Planificación 2026-1'!H:H,">2") -> 0 | CJ10: =SUMIFS('Planificación 2026-1'!R:R,'Planificación 2026-1'!W:W,C10,'Planificación 2026-1'!G:G,"T1",'Planificación 2026-1'!H:H,">2") -> 0 | CK10: =SUMIFS('Planificación 2026-1'!R:R,'Planificación 2026-1'!W:W,C10,'Planificación 2026-1'!G:G,"T3",'Planificación 2026-1'!H:H,">2") -> 0 | CL10: =SUMIFS('Planificación 2026-1'!R:R,'Planificación 2026-1'!W:W,C10,'Planificación 2026-1'!G:G,"T2",'Planificación 2026-1'!H:H,">2") -> 0 | CM10: =SUMIFS('Planificación 2026-1'!R:R,'Planificación 2026-1'!W:W,C10,'Planificación 2026-1'!G:G,"AE",'Planificación 2026-1'!H:H,">2") -> 0 | CN10: =SUMIFS('Planificación 2026-1'!R:R,'Planificación 2026-1'!W:W,C10,'Planificación 2026-1'!G:G,"T4",'Planificación 2026-1'!H:H,">2") -> 0 | CO10: =SUMIFS('Planificación 2026-1'!R:R,'Planificación 2026-1'!W:W,C10,'Planificación 2026-1'!G:G,"AF",'Planificación 2026-1'!H:H,"<3") -> 0 | CP10: =SUMIFS('Planificación 2026-1'!R:R,'Planificación 2026-1'!W:W,C10,'Planificación 2026-1'!G:G,"EN",'Planificación 2026-1'!H:H,"<3") -> 0 | CQ10: =SUMIFS('Planificación 2026-1'!R:R,'Planificación 2026-1'!W:W,C10,'Planificación 2026-1'!G:G,"IS",'Planificación 2026-1'!H:H,"<3") -> 0 | CR10: =SUMIFS('Planificación 2026-1'!R:R,'Planificación 2026-1'!W:W,C10,'Planificación 2026-1'!G:G,"PS",'Planificación 2026-1'!H:H,"<3") -> 0 | CS10: =SUMIFS('Planificación 2026-1'!R:R,'Planificación 2026-1'!W:W,C10,'Planificación 2026-1'!G:G,"IN",'Planificación 2026-1'!H:H,"<3") -> 0 | CT10: =SUMIFS('Planificación 2026-1'!R:R,'Planificación 2026-1'!W:W,C10,'Planificación 2026-1'!G:G,"CA",'Planificación 2026-1'!H:H,"<3") -> 0 | CU10: =SUMIFS('Planificación 2026-1'!R:R,'Planificación 2026-1'!W:W,C10,'Planificación 2026-1'!G:G,"DE",'Planificación 2026-1'!H:H,"<3") -> 0 | CV10: =SUMIFS('Planificación 2026-1'!R:R,'Planificación 2026-1'!W:W,C10,'Planificación 2026-1'!G:G,"OB",'Planificación 2026-1'!H:H,"<3") -> 0 | CW10: =SUMIFS('Planificación 2026-1'!R:R,'Planificación 2026-1'!W:W,C10,'Planificación 2026-1'!G:G,"MH",'Planificación 2026-1'!H:H,"<3") -> 8 | CX10: =SUMIFS('Planificación 2026-1'!R:R,'Planificación 2026-1'!W:W,C10,'Planificación 2026-1'!G:G,"IC",'Planificación 2026-1'!H:H,"<3") -> 0 | CY10: =SUMIFS('Planificación 2026-1'!R:R,'Planificación 2026-1'!W:W,C10,'Planificación 2026-1'!G:G,"AR",'Planificación 2026-1'!H:H,"<3") -> 0 | CZ10: =SUMIFS('Planificación 2026-1'!R:R,'Planificación 2026-1'!W:W,C10,'Planificación 2026-1'!G:G,"T1",'Planificación 2026-1'!H:H,"<3") -> 0 | DA10: =SUMIFS('Planificación 2026-1'!R:R,'Planificación 2026-1'!W:W,C10,'Planificación 2026-1'!G:G,"T3",'Planificación 2026-1'!H:H,"<3") -> 0 | DB10: =SUMIFS('Planificación 2026-1'!R:R,'Planificación 2026-1'!W:W,C10,'Planificación 2026-1'!G:G,"T2",'Planificación 2026-1'!H:H,"<3") -> 0 | DC10: =SUMIFS('Planificación 2026-1'!R:R,'Planificación 2026-1'!W:W,C10,'Planificación 2026-1'!G:G,"AE",'Planificación 2026-1'!H:H,"<3") -> 0 | DD10: =SUMIFS('Planificación 2026-1'!R:R,'Planificación 2026-1'!W:W,C10,'Planificación 2026-1'!G:G,"T4",'Planificación 2026-1'!H:H,"<3") -> 0 | DE10: =TRIM(CONCATENATE(I10,J10,K10,L10,M10,N10,O10,P10,Q10,R10,S10,T10,U10,V10,W10,X10,Y10)) | DF10: =IF(C10="","",SUMIFS('Planificación 2026-1'!R:R,'Planificación 2026-1'!W:W,C10,'Planificación 2026-1'!E:E,"PRINCIPAL",'Planificación 2026-1'!X:X,"VIRTUAL")) -> 0 | DG10: =IF(C10="","",SUMIFS('Planificación 2026-1'!R:R,'Planificación 2026-1'!W:W,C10,'Planificación 2026-1'!E:E,"PRINCIPAL",'Planificación 2026-1'!X:X,"PRESENCIAL")) -> 0 | DH10: =IF(C10="","",SUMIFS('Planificación 2026-1'!R:R,'Planificación 2026-1'!W:W,C10,'Planificación 2026-1'!E:E,"PRINCIPAL",'Planificación 2026-1'!X:X,"HIBRIDO PRESENCIAL")) -> 0 | DI10: =TRIM(CONCATENATE(Z10,AA10,AB10,AC10,AD10,AE10,AF10,AG10,AH10,AI10,AJ10,AK10,AL10,AM10,AN10,AO10,AP10)) | DJ10: =IF(C10="","",SUMIFS('Planificación 2026-1'!R:R,'Planificación 2026-1'!W:W,C10,'Planificación 2026-1'!E:E,"FILIAL",'Planificación 2026-1'!X:X,"VIRTUAL")) -> 0 | DK10: =IF(C10="","",SUMIFS('Planificación 2026-1'!R:R,'Planificación 2026-1'!W:W,C10,'Planificación 2026-1'!E:E,"FILIAL",'Planificación 2026-1'!X:X,"PRESENCIAL")) -> 0 | DL10: =IF(C10="","",SUMIFS('Planificación 2026-1'!R:R,'Planificación 2026-1'!W:W,C10,'Planificación 2026-1'!E:E,"FILIAL",'Planificación 2026-1'!X:X,"HIBRIDO PRESENCIAL")) -> 0 | DM10: =TRIM(CONCATENATE(AQ10,AR10,AS10,AT10,AU10,AV10,AW10,AX10,AY10,AZ10,BA10,BB10,BC10,BD10,BE10,BF10,BG10)) -> P31 | DN10: =IF(C10="","",SUMIFS('Planificación 2026-1'!R:R,'Planificación 2026-1'!W:W,C10,'Planificación 2026-1'!E:E,"SUNAMPE",'Planificación 2026-1'!X:X,"VIRTUAL")) -> 0 | DO10: =IF(C10="","",SUMIFS('Planificación 2026-1'!R:R,'Planificación 2026-1'!W:W,C10,'Planificación 2026-1'!E:E,"SUNAMPE",'Planificación 2026-1'!X:X,"PRESENCIAL")) -> 22 | DP10: =TRIM(CONCATENATE(BH10,BI10,BJ10,BK10,BL10,BM10,BN10,BO10,BP10,BQ10,BR10,BS10,BT10,BU10,BV10,BW10,BX10)) | DQ10: =IF(C10="","",SUMIFS('Planificación 2026-1'!R:R,'Planificación 2026-1'!W:W,C10,'Planificación 2026-1'!E:E,"HUAURA",'Planificación 2026-1'!X:X,"VIRTUAL")) -> 0 | DR10: =IF(C10="","",SUMIFS('Planificación 2026-1'!R:R,'Planificación 2026-1'!W:W,C10,'Planificación 2026-1'!E:E,"HUAURA",'Planificación 2026-1'!X:X,"PRESENCIAL")) -> 0 | DS10: =SUMIFS('Planificación 2026-1'!R:R,'Planificación 2026-1'!W:W,C10,'Planificación 2026-1'!E:E,"PRINCIPAL",'Planificación 2026-1'!X:X,"VIRTUAL",'Planificación 2026-1'!H:H,">2") -> 0 | DT10: =SUMIFS('Planificación 2026-1'!R:R,'Planificación 2026-1'!W:W,C10,'Planificación 2026-1'!E:E,"PRINCIPAL",'Planificación 2026-1'!X:X,"<>VIRTUAL",'Planificación 2026-1'!H:H,">2") -> 0 | DU10: =SUMIFS('Planificación 2026-1'!R:R,'Planificación 2026-1'!W:W,C10,'Planificación 2026-1'!E:E,"SUNAMPE",'Planificación 2026-1'!X:X,"VIRTUAL",'Planificación 2026-1'!H:H,">2") -> 0 | DV10: =SUMIFS('Planificación 2026-1'!R:R,'Planificación 2026-1'!W:W,C10,'Planificación 2026-1'!E:E,"SUNAMPE",'Planificación 2026-1'!X:X,"<>VIRTUAL",'Planificación 2026-1'!H:H,">2") -> 18 | DW10: =SUMIFS('Planificación 2026-1'!R:R,'Planificación 2026-1'!W:W,C10,'Planificación 2026-1'!E:E,"FILIAL",'Planificación 2026-1'!X:X,"VIRTUAL",'Planificación 2026-1'!H:H,">2") -> 0 | DX10: =SUMIFS('Planificación 2026-1'!R:R,'Planificación 2026-1'!W:W,C10,'Planificación 2026-1'!E:E,"FILIAL",'Planificación 2026-1'!X:X,"<>VIRTUAL",'Planificación 2026-1'!H:H,">2") -> 0 | DY10: =SUMIFS('Planificación 2026-1'!R:R,'Planificación 2026-1'!W:W,C10,'Planificación 2026-1'!E:E,"PORUMA",'Planificación 2026-1'!X:X,"VIRTUAL",'Planificación 2026-1'!H:H,">2") -> 0 | DZ10: =SUMIFS('Planificación 2026-1'!R:R,'Planificación 2026-1'!W:W,C10,'Planificación 2026-1'!E:E,"PORUMA",'Planificación 2026-1'!X:X,"<>VIRTUAL",'Planificación 2026-1'!H:H,">2") -> 10 | EA10: =SUMIFS('Planificación 2026-1'!R:R,'Planificación 2026-1'!W:W,C10,'Planificación 2026-1'!E:E,"HUAURA",'Planificación 2026-1'!X:X,"VIRTUAL",'Planificación 2026-1'!H:H,">2") -> 0 | EB10: =SUMIFS('Planificación 2026-1'!R:R,'Planificación 2026-1'!W:W,C10,'Planificación 2026-1'!E:E,"HUAURA",'Planificación 2026-1'!X:X,"<>VIRTUAL",'Planificación 2026-1'!H:H,">2") -> 0 | EC10: =SUMIFS('Planificación 2026-1'!R:R,'Planificación 2026-1'!W:W,C10,'Planificación 2026-1'!E:E,"PRINCIPAL",'Planificación 2026-1'!X:X,"VIRTUAL",'Planificación 2026-1'!H:H,"<3") -> 0 | ED10: =SUMIFS('Planificación 2026-1'!R:R,'Planificación 2026-1'!W:W,C10,'Planificación 2026-1'!E:E,"PRINCIPAL",'Planificación 2026-1'!X:X,"<>VIRTUAL",'Planificación 2026-1'!H:H,"<3") -> 0 | EE10: =SUMIFS('Planificación 2026-1'!R:R,'Planificación 2026-1'!W:W,C10,'Planificación 2026-1'!E:E,"SUNAMPE",'Planificación 2026-1'!X:X,"VIRTUAL",'Planificación 2026-1'!H:H,"<3") -> 0 | EF10: =SUMIFS('Planificación 2026-1'!R:R,'Planificación 2026-1'!W:W,C10,'Planificación 2026-1'!E:E,"SUNAMPE",'Planificación 2026-1'!X:X,"<>VIRTUAL",'Planificación 2026-1'!H:H,"<3") -> 4 | EG10: =SUMIFS('Planificación 2026-1'!R:R,'Planificación 2026-1'!W:W,C10,'Planificación 2026-1'!E:E,"FILIAL",'Planificación 2026-1'!X:X,"VIRTUAL",'Planificación 2026-1'!H:H,"<3") -> 0 | EH10: =SUMIFS('Planificación 2026-1'!R:R,'Planificación 2026-1'!W:W,C10,'Planificación 2026-1'!E:E,"FILIAL",'Planificación 2026-1'!X:X,"<>VIRTUAL",'Planificación 2026-1'!H:H,"<3") -> 0 | EI10: =SUMIFS('Planificación 2026-1'!R:R,'Planificación 2026-1'!W:W,C10,'Planificación 2026-1'!E:E,"PORUMA",'Planificación 2026-1'!X:X,"VIRTUAL",'Planificación 2026-1'!H:H,"<3") -> 0 | EJ10: =SUMIFS('Planificación 2026-1'!R:R,'Planificación 2026-1'!W:W,C10,'Planificación 2026-1'!E:E,"PORUMA",'Planificación 2026-1'!X:X,"<>VIRTUAL",'Planificación 2026-1'!H:H,"<3") -> 4 | EK10: =SUMIFS('Planificación 2026-1'!R:R,'Planificación 2026-1'!W:W,C10,'Planificación 2026-1'!E:E,"HUAURA",'Planificación 2026-1'!X:X,"VIRTUAL",'Planificación 2026-1'!H:H,"<3") -> 0 | EL10: =SUMIFS('Planificación 2026-1'!R:R,'Planificación 2026-1'!W:W,C10,'Planificación 2026-1'!E:E,"HUAURA",'Planificación 2026-1'!X:X,"<>VIRTUAL",'Planificación 2026-1'!H:H,"<3") -> 0 | EM10: =EG10+DW10+DX10+EH10 -> 0 | EN10: =EL10+EK10+EB10+EA10 -> 0 | EO10: =EI10+EJ10+DZ10+DY10 -> 14 | EP10: =ED10+EC10+DT10+DS10 -> 0 | EQ10: =EF10+EE10+DV10+DU10 -> 22 | ES10: =DS10+DW10+EA10+EC10+EG10+EK10+DU10+EE10 -> 0 | ET10: =DT10+DX10+EB10+ED10+EH10+EL10+DV10+EF10 -> 22 | EU10: =EXACT(SUM(ES10:ET10),D10) -> FALSE | EV10: =IF(AND(DT10=0,DX10=0,EB10=0),"",IF(COUNTIF(DS10:EB10,">0")=1,IF(DT10+DS10>0,"SEDE",IF(DX10+DW10>0,"FILIAL","HUAURA")),IF(COUNTIF(DS10:EB10,">0")=2,IF(AND(DT10+DS10>0,DX10+DW10>0),"SEDE-FILIAL",IF(AND(DT10>0,EB10>0),"SEDE-HUAURA","FILIAL-HUAURA")),"SEDE-FILIAL-HUAURA"))) | EW10: =IF(ES10=0,"PRESENCIAL",IF(ET10=0,"VIRTUAL",IF(ES10>ET10,"MAS VIRTUAL",IF(ET10>ES10,"MAS PRESENCIAL","AMBOS")))) -> PRESENCIAL
